hole_id,lease,lat,lon,collar_elev,total_depth_m,from_m,to_m,mn_pct,fe_pct,thickness_m,provenance,source_ref,method,random_seed,block,mineralized_zone_thickness_m,thickness_type,grade_type,latitude_longitude_dms
GDBH-1,,21.9673,80.4451,597.0,106.5,99.82,101.2,28.07247648,,1.38,DERIVED,data/external/geology/ngdr/NGDR_Mining_Exploration_Drilling_Boreholes.parquet; feature borehole_name=GDBH-1; https://github.com/ramSeraph/indian_land_features/releases/download/mining/NGDR_Mining_Exploration_Drilling_Boreholes.parquet; retrieved 2026-09-29 || data/external/exploration/ngdr_registered_downloads/Gudma_CRO-23394-2017/20250708115140.988_CRO-23394-2017.xlsx; worksheet 'Table- VI' row 4; worksheet 'Annexure-VII' row 3; NGDR NUID CRO-23394-2017; downloaded/retrieved 2026-09-29; https://geodataindia.gov.in/guestuser,"Joined the NGDR collar feature to Table- VI and Annexure-VII by canonical borehole ID. All depths, thickness and grade are transcribed source values; no grade or thickness was modeled.",,Gudma,1.38,reported mineralized-zone thickness; includes ore and interbanded waste,reported weighted average from Annexure-VII,
GDBH-2,,21.9665,80.4442,595.0,119.4,97.45,98.0,30.73289437,,0.55,DERIVED,data/external/geology/ngdr/NGDR_Mining_Exploration_Drilling_Boreholes.parquet; feature borehole_name=GDBH-2; https://github.com/ramSeraph/indian_land_features/releases/download/mining/NGDR_Mining_Exploration_Drilling_Boreholes.parquet; retrieved 2026-09-29 || data/external/exploration/ngdr_registered_downloads/Gudma_CRO-23394-2017/20250708115140.988_CRO-23394-2017.xlsx; worksheet 'Table- VI' row 6; worksheet 'Annexure-VII' row 8; NGDR NUID CRO-23394-2017; downloaded/retrieved 2026-09-29; https://geodataindia.gov.in/guestuser,"Joined the NGDR collar feature to Table- VI and Annexure-VII by canonical borehole ID. All depths, thickness and grade are transcribed source values; no grade or thickness was modeled.",,Gudma,0.55,reported mineralized-zone thickness; includes ore and interbanded waste,reported weighted average from Annexure-VII,
GDBH-3,,21.968,80.4442,597.0,167.2,146.91,147.6,19.31368986,,0.69,DERIVED,data/external/geology/ngdr/NGDR_Mining_Exploration_Drilling_Boreholes.parquet; feature borehole_name=GDBH-3; https://github.com/ramSeraph/indian_land_features/releases/download/mining/NGDR_Mining_Exploration_Drilling_Boreholes.parquet; retrieved 2026-09-29 || data/external/exploration/ngdr_registered_downloads/Gudma_CRO-23394-2017/20250708115140.988_CRO-23394-2017.xlsx; worksheet 'Table- VI' row 5; worksheet 'Annexure-VII' row 11; NGDR NUID CRO-23394-2017; downloaded/retrieved 2026-09-29; https://geodataindia.gov.in/guestuser,"Joined the NGDR collar feature to Table- VI and Annexure-VII by canonical borehole ID. All depths, thickness and grade are transcribed source values; no grade or thickness was modeled.",,Gudma,0.69,reported mineralized-zone thickness; includes ore and interbanded waste,reported weighted average from Annexure-VII,
GDBH-4,,21.9673,80.4436,596.0,156.6,128.36,128.6,19.07568238,,0.25,DERIVED,data/external/geology/ngdr/NGDR_Mining_Exploration_Drilling_Boreholes.parquet; feature borehole_name=GDBH-4; https://github.com/ramSeraph/indian_land_features/releases/download/mining/NGDR_Mining_Exploration_Drilling_Boreholes.parquet; retrieved 2026-09-29 || data/external/exploration/ngdr_registered_downloads/Gudma_CRO-23394-2017/20250708115140.988_CRO-23394-2017.xlsx; worksheet 'Table- VI' row 7; worksheet 'Annexure-VII' row 14; NGDR NUID CRO-23394-2017; downloaded/retrieved 2026-09-29; https://geodataindia.gov.in/guestuser,"Joined the NGDR collar feature to Table- VI and Annexure-VII by canonical borehole ID. All depths, thickness and grade are transcribed source values; no grade or thickness was modeled.",,Gudma,0.25,reported mineralized-zone thickness; includes ore and interbanded waste,reported weighted average from Annexure-VII,
GDBH-5,,21.966,80.4433,594.0,130.0,122.81,123.9,16.39582939,,1.09,DERIVED,data/external/geology/ngdr/NGDR_Mining_Exploration_Drilling_Boreholes.parquet; feature borehole_name=GDBH-5; https://github.com/ramSeraph/indian_land_features/releases/download/mining/NGDR_Mining_Exploration_Drilling_Boreholes.parquet; retrieved 2026-09-29 || data/external/exploration/ngdr_registered_downloads/Gudma_CRO-23394-2017/20250708115140.988_CRO-23394-2017.xlsx; worksheet 'Table- VI' row 8; worksheet 'Annexure-VII' row 16; NGDR NUID CRO-23394-2017; downloaded/retrieved 2026-09-29; https://geodataindia.gov.in/guestuser,"Joined the NGDR collar feature to Table- VI and Annexure-VII by canonical borehole ID. All depths, thickness and grade are transcribed source values; no grade or thickness was modeled.",,Gudma,1.09,reported mineralized-zone thickness; includes ore and interbanded waste,reported weighted average from Annexure-VII,
GDBH-6,,21.9651,80.4421,592.6,160.0,141.75,142.35,13.554,,0.6,DERIVED,data/external/geology/ngdr/NGDR_Mining_Exploration_Drilling_Boreholes.parquet; feature borehole_name=GDBH-6; https://github.com/ramSeraph/indian_land_features/releases/download/mining/NGDR_Mining_Exploration_Drilling_Boreholes.parquet; retrieved 2026-09-29 || data/external/exploration/ngdr_registered_downloads/Gudma_CRO-23394-2017/20250708115140.988_CRO-23394-2017.xlsx; worksheet 'Table- VI' row 9; worksheet 'Annexure-VII' row 20; NGDR NUID CRO-23394-2017; downloaded/retrieved 2026-09-29; https://geodataindia.gov.in/guestuser,"Joined the NGDR collar feature to Table- VI and Annexure-VII by canonical borehole ID. All depths, thickness and grade are transcribed source values; no grade or thickness was modeled.",,Gudma,0.6,reported mineralized-zone thickness; includes ore and interbanded waste,reported weighted average from Annexure-VII,
GDBH-7,,21.9637,80.4409,589.7,170.0,139.87,141.05,20.72390799,,1.18,DERIVED,data/external/geology/ngdr/NGDR_Mining_Exploration_Drilling_Boreholes.parquet; feature borehole_name=GDBH-7; https://github.com/ramSeraph/indian_land_features/releases/download/mining/NGDR_Mining_Exploration_Drilling_Boreholes.parquet; retrieved 2026-09-29 || data/external/exploration/ngdr_registered_downloads/Gudma_CRO-23394-2017/20250708115140.988_CRO-23394-2017.xlsx; worksheet 'Table- VI' row 10; worksheet 'Annexure-VII' row 22; NGDR NUID CRO-23394-2017; downloaded/retrieved 2026-09-29; https://geodataindia.gov.in/guestuser,"Joined the NGDR collar feature to Table- VI and Annexure-VII by canonical borehole ID. All depths, thickness and grade are transcribed source values; no grade or thickness was modeled.",,Gudma,1.18,reported mineralized-zone thickness; includes ore and interbanded waste,reported weighted average from Annexure-VII,
UKBH-1,,21.97027778,80.44833333,600.06,113.35,83.0,83.15,5.878,12.663,0.15,DERIVED,data/external/exploration/ngdr_registered_downloads/Western_Ukwa_CRO-23290-2016/20240724141822.249_CRO-23290-2016.xlsx; worksheet 'Table-10' row 3; worksheet 'Table-14' row 3; worksheet 'Table-7' row 3; worksheet 'Annexure II(B)' row 3; NGDR NUID CRO-23290-2016; downloaded/retrieved 2026-09-29; https://geodataindia.gov.in/guestuser,"Joined Table-10 collar, Table-14 mineralized-zone interval, Table-7 actual ore thickness and Annexure II(B) weighted assays by borehole ID. Converted the printed DMS collar coordinates to decimal degrees; reported assay and thickness numbers were not modeled.",,Western Ukwa,0.15,actual ore thickness from Table-7; mineralized zone also retained separately,reported per-hole weighted average from Annexure II(B),"Western Block, Section Line No. A-B. Lat/Long: 21°58’13’’:80°26’54’’"
UKBH-2,,21.97194444,80.45,603.066,116.0,100.45,102.5,33.6151,5.653,1.4,DERIVED,data/external/exploration/ngdr_registered_downloads/Western_Ukwa_CRO-23290-2016/20240724141822.249_CRO-23290-2016.xlsx; worksheet 'Table-10' row 13; worksheet 'Table-14' row 5; worksheet 'Table-7' row 5; worksheet 'Annexure II(B)' row 4; NGDR NUID CRO-23290-2016; downloaded/retrieved 2026-09-29; https://geodataindia.gov.in/guestuser,"Joined Table-10 collar, Table-14 mineralized-zone interval, Table-7 actual ore thickness and Annexure II(B) weighted assays by borehole ID. Converted the printed DMS collar coordinates to decimal degrees; reported assay and thickness numbers were not modeled.",,Western Ukwa,2.05,actual ore thickness from Table-7; mineralized zone also retained separately,reported per-hole weighted average from Annexure II(B),"Western Block, Section Line No. C-D.Lat/Long:21°58’19’’:80°27’00’’"
UKBH-3,,21.97277778,80.45277778,601.208,128.0,123.75,127.425,27.9785,4.204083333,2.4,DERIVED,data/external/exploration/ngdr_registered_downloads/Western_Ukwa_CRO-23290-2016/20240724141822.249_CRO-23290-2016.xlsx; worksheet 'Table-10' row 25; worksheet 'Table-14' row 7; worksheet 'Table-7' row 7; worksheet 'Annexure II(B)' row 5; NGDR NUID CRO-23290-2016; downloaded/retrieved 2026-09-29; https://geodataindia.gov.in/guestuser,"Joined Table-10 collar, Table-14 mineralized-zone interval, Table-7 actual ore thickness and Annexure II(B) weighted assays by borehole ID. Converted the printed DMS collar coordinates to decimal degrees; reported assay and thickness numbers were not modeled.",,Western Ukwa,3.645,actual ore thickness from Table-7; mineralized zone also retained separately,reported per-hole weighted average from Annexure II(B),"Western Block, Section Line No. E-F.Lat:long.21°58’22’’:80°27’10’’"
UKBH-4,,21.97361111,80.44861111,599.313,254.0,251.7,253.5,29.9035,3.998166667,1.2,DERIVED,data/external/exploration/ngdr_registered_downloads/Western_Ukwa_CRO-23290-2016/20240724141822.249_CRO-23290-2016.xlsx; worksheet 'Table-10' row 36; worksheet 'Table-14' row 6; worksheet 'Table-7' row 6; worksheet 'Annexure II(B)' row 6; NGDR NUID CRO-23290-2016; downloaded/retrieved 2026-09-29; https://geodataindia.gov.in/guestuser,"Joined Table-10 collar, Table-14 mineralized-zone interval, Table-7 actual ore thickness and Annexure II(B) weighted assays by borehole ID. Converted the printed DMS collar coordinates to decimal degrees; reported assay and thickness numbers were not modeled.",,Western Ukwa,1.8,actual ore thickness from Table-7; mineralized zone also retained separately,reported per-hole weighted average from Annexure II(B),"Western Block, Section Line No. C-D.Lat:Long.21°58’25’’:80°26’55’’."
UKBH-5,,21.97194444,80.44694444,602.066,200.0,196.92,198.79,23.0114,6.0655,0.4,DERIVED,data/external/exploration/ngdr_registered_downloads/Western_Ukwa_CRO-23290-2016/20240724141822.249_CRO-23290-2016.xlsx; worksheet 'Table-10' row 49; worksheet 'Table-14' row 4; worksheet 'Table-7' row 4; worksheet 'Annexure II(B)' row 7; NGDR NUID CRO-23290-2016; downloaded/retrieved 2026-09-29; https://geodataindia.gov.in/guestuser,"Joined Table-10 collar, Table-14 mineralized-zone interval, Table-7 actual ore thickness and Annexure II(B) weighted assays by borehole ID. Converted the printed DMS collar coordinates to decimal degrees; reported assay and thickness numbers were not modeled.",,Western Ukwa,1.87,actual ore thickness from Table-7; mineralized zone also retained separately,reported per-hole weighted average from Annexure II(B),"Western Block, Section Line No. A-B.Lat:Long.21°58’19’’:80°26’49’’"
UKBH-6,,21.97472222,80.45138889,599.837,260.0,253.25,253.95,23.3732,4.459,0.2,DERIVED,data/external/exploration/ngdr_registered_downloads/Western_Ukwa_CRO-23290-2016/20240724141822.249_CRO-23290-2016.xlsx; worksheet 'Table-10' row 59; worksheet 'Table-14' row 8; worksheet 'Table-7' row 8; worksheet 'Annexure II(B)' row 8; NGDR NUID CRO-23290-2016; downloaded/retrieved 2026-09-29; https://geodataindia.gov.in/guestuser,"Joined Table-10 collar, Table-14 mineralized-zone interval, Table-7 actual ore thickness and Annexure II(B) weighted assays by borehole ID. Converted the printed DMS collar coordinates to decimal degrees; reported assay and thickness numbers were not modeled.",,Western Ukwa,0.7,actual ore thickness from Table-7; mineralized zone also retained separately,reported per-hole weighted average from Annexure II(B),"Western Block, Section Line No. E-F. Lat:Long.21°58’29’’:80°27’5’’"
