hole_id,source_hole_id,block,lease,sample_id,lithology,lat,lon,collar_elev,total_depth_m,from_m,to_m,sample_interval_m,mn_pct,reported_mn_pct_interval_sheet,mn_pct_raw,mno_pct,fe_pct,fe_pct_raw,fe2o3_pct,sio2_pct,p_pct,p2o5_pct,tio2_pct,si_pct,ti_pct,source_footnote_marker,interval_qc,provenance,source_ref,method,random_seed
GDBH-1,GDBH-1,Gudma,,CS/01/ JBP/GDM/ 2017- 18/GDBH-1,Sericite Schist,21.9673,80.4491,597.0,106.5,99.57,99.82,0.25,0.0542,0.05,0.0542,0.07,3.35017,3.35017,4.79,56.77,0.37985,0.87,0.68,26.4929,0.40754,,OVERLAPS_ANOTHER_REPORTED_SAMPLE,DERIVED,data/external/exploration/ngdr_registered_downloads/Gudma_CRO-23394-2017/20250708115140.988_CRO-23394-2017.xlsx; worksheet 'Table-V' row 3; worksheet 'Annexure-V' row 3; worksheet 'Annexure-V' row 47; NGDR NUID CRO-23394-2017; downloaded/retrieved 2026-09-29; https://geodataindia.gov.in/guestuser,Matched Table-V sample intervals to the paired oxide and elemental rows in Annexure-V by normalized sample ID. mn_pct and fe_pct use elemental percent columns (not MnO or Fe2O3); sample_interval_m is to_m minus from_m. No assays were estimated.,
GDBH-1,GDBH-1,Gudma,,CS/02/ JBP/GDM/ 2017- 18/GDBH-1,Mn Ore,21.9673,80.4491,597.0,106.5,99.82,100.269,0.449,32.636,32.64,32.636,42.13,5.82609,5.82609,8.33,14.81,1.85996,4.26,0.18,6.91138,0.10788,,OVERLAPS_ANOTHER_REPORTED_SAMPLE,DERIVED,data/external/exploration/ngdr_registered_downloads/Gudma_CRO-23394-2017/20250708115140.988_CRO-23394-2017.xlsx; worksheet 'Table-V' row 4; worksheet 'Annexure-V' row 4; worksheet 'Annexure-V' row 48; NGDR NUID CRO-23394-2017; downloaded/retrieved 2026-09-29; https://geodataindia.gov.in/guestuser,Matched Table-V sample intervals to the paired oxide and elemental rows in Annexure-V by normalized sample ID. mn_pct and fe_pct use elemental percent columns (not MnO or Fe2O3); sample_interval_m is to_m minus from_m. No assays were estimated.,
GDBH-1,GDBH-1,Gudma,,CS/03/ JBP/GDM/ 2017- 18/GDBH-1,Mn Ore,21.9673,80.4491,597.0,106.5,100.269,100.575,0.306,41.18,41.18,41.18,53.16,5.25956,5.25956,7.52,8.41,1.2487,2.86,0.05,3.92469,0.02997,,OVERLAPS_ANOTHER_REPORTED_SAMPLE,DERIVED,data/external/exploration/ngdr_registered_downloads/Gudma_CRO-23394-2017/20250708115140.988_CRO-23394-2017.xlsx; worksheet 'Table-V' row 5; worksheet 'Annexure-V' row 5; worksheet 'Annexure-V' row 49; NGDR NUID CRO-23394-2017; downloaded/retrieved 2026-09-29; https://geodataindia.gov.in/guestuser,Matched Table-V sample intervals to the paired oxide and elemental rows in Annexure-V by normalized sample ID. mn_pct and fe_pct use elemental percent columns (not MnO or Fe2O3); sample_interval_m is to_m minus from_m. No assays were estimated.,
GDBH-1,GDBH-1,Gudma,,CS/04/ JBP/GDM/ 2017- 18/GDBH-l,Mn Ore,21.9673,80.4491,597.0,106.5,100.575,100.9,0.325,44.945,44.95,44.945,58.02,2.36401,2.36401,3.38,12.55,0.49774,1.14,0.05,5.85671,0.02997,,OVERLAPS_ANOTHER_REPORTED_SAMPLE,DERIVED,data/external/exploration/ngdr_registered_downloads/Gudma_CRO-23394-2017/20250708115140.988_CRO-23394-2017.xlsx; worksheet 'Table-V' row 6; worksheet 'Annexure-V' row 6; worksheet 'Annexure-V' row 50; NGDR NUID CRO-23394-2017; downloaded/retrieved 2026-09-29; https://geodataindia.gov.in/guestuser,Matched Table-V sample intervals to the paired oxide and elemental rows in Annexure-V by normalized sample ID. mn_pct and fe_pct use elemental percent columns (not MnO or Fe2O3); sample_interval_m is to_m minus from_m. No assays were estimated.,
GDBH-1,GDBH-1,Gudma,,CS/05/ JBP/GDM/ 2017- 18/GDBH-1,Manganiferous quartzite,21.9673,80.4491,597.0,106.5,99.57,101.2,1.63,5.6472,5.65,5.6472,7.29,1.46876,1.46876,2.1,84.77,0.26633,0.61,0.05,39.5596,0.02997,,OVERLAPS_ANOTHER_REPORTED_SAMPLE,DERIVED,data/external/exploration/ngdr_registered_downloads/Gudma_CRO-23394-2017/20250708115140.988_CRO-23394-2017.xlsx; worksheet 'Table-V' row 7; worksheet 'Annexure-V' row 7; worksheet 'Annexure-V' row 51; NGDR NUID CRO-23394-2017; downloaded/retrieved 2026-09-29; https://geodataindia.gov.in/guestuser,Matched Table-V sample intervals to the paired oxide and elemental rows in Annexure-V by normalized sample ID. mn_pct and fe_pct use elemental percent columns (not MnO or Fe2O3); sample_interval_m is to_m minus from_m. No assays were estimated.,
GDBH-1,GDBH-1,Gudma,,CS/06/ JBP/GDM/ 2017- 18/GDBH-1,Mn Ore,21.9673,80.4491,597.0,106.5,100.9,101.2,0.3,34.038,34.04,34.038,43.94,3.52503,3.52503,5.04,12.93,0.41478,0.95,0.05,6.03404,0.02997,,OVERLAPS_ANOTHER_REPORTED_SAMPLE,DERIVED,data/external/exploration/ngdr_registered_downloads/Gudma_CRO-23394-2017/20250708115140.988_CRO-23394-2017.xlsx; worksheet 'Table-V' row 8; worksheet 'Annexure-V' row 8; worksheet 'Annexure-V' row 52; NGDR NUID CRO-23394-2017; downloaded/retrieved 2026-09-29; https://geodataindia.gov.in/guestuser,Matched Table-V sample intervals to the paired oxide and elemental rows in Annexure-V by normalized sample ID. mn_pct and fe_pct use elemental percent columns (not MnO or Fe2O3); sample_interval_m is to_m minus from_m. No assays were estimated.,
GDBH-1,GDBH-1,Gudma,,CS/07/ JBP/GDM/ 2017- 18/GDBH-1,Phyllite,21.9673,80.4491,597.0,106.5,101.2,101.45,0.25,0.7746,0.77,0.7746,1.0,5.28754,5.28754,7.56,64.78,0.09169,0.21,0.56,30.2309,0.33562,,,DERIVED,data/external/exploration/ngdr_registered_downloads/Gudma_CRO-23394-2017/20250708115140.988_CRO-23394-2017.xlsx; worksheet 'Table-V' row 9; worksheet 'Annexure-V' row 9; worksheet 'Annexure-V' row 53; NGDR NUID CRO-23394-2017; downloaded/retrieved 2026-09-29; https://geodataindia.gov.in/guestuser,Matched Table-V sample intervals to the paired oxide and elemental rows in Annexure-V by normalized sample ID. mn_pct and fe_pct use elemental percent columns (not MnO or Fe2O3); sample_interval_m is to_m minus from_m. No assays were estimated.,
GDBH-2,GDBH-2,Gudma,,CS/01/ JBP/GDM/ 2017- 18/GDBH-2,Sericite Schist,21.967,80.4454,595.0,119.4,97.2,97.45,0.25,0.0775,0.08,0.0775,0.1,3.53202,3.53202,5.05,61.73,0.22704,0.52,0.65,28.8075,0.38956,,,DERIVED,data/external/exploration/ngdr_registered_downloads/Gudma_CRO-23394-2017/20250708115140.988_CRO-23394-2017.xlsx; worksheet 'Table-V' row 10; worksheet 'Annexure-V' row 10; worksheet 'Annexure-V' row 54; NGDR NUID CRO-23394-2017; downloaded/retrieved 2026-09-29; https://geodataindia.gov.in/guestuser,Matched Table-V sample intervals to the paired oxide and elemental rows in Annexure-V by normalized sample ID. mn_pct and fe_pct use elemental percent columns (not MnO or Fe2O3); sample_interval_m is to_m minus from_m. No assays were estimated.,
GDBH-2,GDBH-2,Gudma,,CS/02/ JBP/GDM/ 2017- 18/GDBH-2,Mn Ore,21.967,80.4454,595.0,119.4,97.45,97.77,0.32,35.092,35.09,35.092,45.3,6.69335,6.69335,9.57,22.75,0.76843,1.76,0.18,10.6167,0.10788,,OVERLAPS_ANOTHER_REPORTED_SAMPLE,DERIVED,data/external/exploration/ngdr_registered_downloads/Gudma_CRO-23394-2017/20250708115140.988_CRO-23394-2017.xlsx; worksheet 'Table-V' row 11; worksheet 'Annexure-V' row 11; worksheet 'Annexure-V' row 55; NGDR NUID CRO-23394-2017; downloaded/retrieved 2026-09-29; https://geodataindia.gov.in/guestuser,Matched Table-V sample intervals to the paired oxide and elemental rows in Annexure-V by normalized sample ID. mn_pct and fe_pct use elemental percent columns (not MnO or Fe2O3); sample_interval_m is to_m minus from_m. No assays were estimated.,
GDBH-2,GDBH-2,Gudma,,CS/03/ JBP/GDM/ 2017- 18/GDBH-2,Mn Ore,21.967,80.4454,595.0,119.4,97.77,97.94,0.17,41.134,41.13,41.134,53.1,4.63009,4.63009,6.62,18.87,0.42351,0.97,0.05,8.80606,0.02997,,OVERLAPS_ANOTHER_REPORTED_SAMPLE,DERIVED,data/external/exploration/ngdr_registered_downloads/Gudma_CRO-23394-2017/20250708115140.988_CRO-23394-2017.xlsx; worksheet 'Table-V' row 12; worksheet 'Annexure-V' row 12; worksheet 'Annexure-V' row 56; NGDR NUID CRO-23394-2017; downloaded/retrieved 2026-09-29; https://geodataindia.gov.in/guestuser,Matched Table-V sample intervals to the paired oxide and elemental rows in Annexure-V by normalized sample ID. mn_pct and fe_pct use elemental percent columns (not MnO or Fe2O3); sample_interval_m is to_m minus from_m. No assays were estimated.,
GDBH-2,GDBH-2,Gudma,,CS/04/ JBP/GDM/ 2017- 18/GDBH-2,Manganiferous quartzite,21.967,80.4454,595.0,119.4,97.45,98.0,0.55,14.656,14.66,14.656,18.92,7.14797,7.14797,10.22,45.52,0.70731,1.62,0.31,21.2428,0.18579,,OVERLAPS_ANOTHER_REPORTED_SAMPLE,DERIVED,data/external/exploration/ngdr_registered_downloads/Gudma_CRO-23394-2017/20250708115140.988_CRO-23394-2017.xlsx; worksheet 'Table-V' row 13; worksheet 'Annexure-V' row 13; worksheet 'Annexure-V' row 57; NGDR NUID CRO-23394-2017; downloaded/retrieved 2026-09-29; https://geodataindia.gov.in/guestuser,Matched Table-V sample intervals to the paired oxide and elemental rows in Annexure-V by normalized sample ID. mn_pct and fe_pct use elemental percent columns (not MnO or Fe2O3); sample_interval_m is to_m minus from_m. No assays were estimated.,
GDBH-2,GDBH-2,Gudma,,CS/05/ JBP/GDM/ 2017- 18/GDBH-2,Phyllite,21.967,80.4454,595.0,119.4,98.0,98.25,0.25,0.2479,0.25,0.2479,0.32,4.48322,4.48322,6.41,58.76,0.05239,0.12,0.71,27.4215,0.42552,,,DERIVED,data/external/exploration/ngdr_registered_downloads/Gudma_CRO-23394-2017/20250708115140.988_CRO-23394-2017.xlsx; worksheet 'Table-V' row 14; worksheet 'Annexure-V' row 14; worksheet 'Annexure-V' row 58; NGDR NUID CRO-23394-2017; downloaded/retrieved 2026-09-29; https://geodataindia.gov.in/guestuser,Matched Table-V sample intervals to the paired oxide and elemental rows in Annexure-V by normalized sample ID. mn_pct and fe_pct use elemental percent columns (not MnO or Fe2O3); sample_interval_m is to_m minus from_m. No assays were estimated.,
GDBH-3,GDBH-3,Gudma,,CS/01/ JBP/GDM/ 2017- 18/GDBH-3,Sericite Schist,21.9663,80.4445,597.0,167.2,146.65,146.91,0.26,0.3099,0.31,0.3099,0.4,3.05642,3.05642,4.37,64.83,0.17028,0.39,0.55,30.2542,0.32963,,,DERIVED,data/external/exploration/ngdr_registered_downloads/Gudma_CRO-23394-2017/20250708115140.988_CRO-23394-2017.xlsx; worksheet 'Table-V' row 15; worksheet 'Annexure-V' row 15; worksheet 'Annexure-V' row 59; NGDR NUID CRO-23394-2017; downloaded/retrieved 2026-09-29; https://geodataindia.gov.in/guestuser,Matched Table-V sample intervals to the paired oxide and elemental rows in Annexure-V by normalized sample ID. mn_pct and fe_pct use elemental percent columns (not MnO or Fe2O3); sample_interval_m is to_m minus from_m. No assays were estimated.,
GDBH-3,GDBH-3,Gudma,,CS/02/ JBP/GDM/ 2017- 18/GDBH-3,Manganiferous quartzite,21.9663,80.4445,597.0,167.2,146.96,147.6,0.64,5.7711,5.77,5.7711,7.45,1.92338,1.92338,2.75,84.98,0.13972,0.32,0.03,39.6576,0.01798,,OVERLAPS_ANOTHER_REPORTED_SAMPLE,DERIVED,data/external/exploration/ngdr_registered_downloads/Gudma_CRO-23394-2017/20250708115140.988_CRO-23394-2017.xlsx; worksheet 'Table-V' row 16; worksheet 'Annexure-V' row 16; worksheet 'Annexure-V' row 60; NGDR NUID CRO-23394-2017; downloaded/retrieved 2026-09-29; https://geodataindia.gov.in/guestuser,Matched Table-V sample intervals to the paired oxide and elemental rows in Annexure-V by normalized sample ID. mn_pct and fe_pct use elemental percent columns (not MnO or Fe2O3); sample_interval_m is to_m minus from_m. No assays were estimated.,
GDBH-3,GDBH-3,Gudma,,CS/03/ JBP/GDM/ 2017- 18/GDBH-3,Mn Ore,21.9663,80.4445,597.0,167.2,146.91,147.427,0.517,31.257,31.26,31.257,40.35,6.50451,6.50451,9.3,20.29,1.22251,2.8,0.1,9.46873,0.05993,,OVERLAPS_ANOTHER_REPORTED_SAMPLE,DERIVED,data/external/exploration/ngdr_registered_downloads/Gudma_CRO-23394-2017/20250708115140.988_CRO-23394-2017.xlsx; worksheet 'Table-V' row 17; worksheet 'Annexure-V' row 17; worksheet 'Annexure-V' row 61; NGDR NUID CRO-23394-2017; downloaded/retrieved 2026-09-29; https://geodataindia.gov.in/guestuser,Matched Table-V sample intervals to the paired oxide and elemental rows in Annexure-V by normalized sample ID. mn_pct and fe_pct use elemental percent columns (not MnO or Fe2O3); sample_interval_m is to_m minus from_m. No assays were estimated.,
GDBH-3,GDBH-3,Gudma,,CS/04/ JBP/GDM/ 2017- 18/GDBH-3,Mn Ore,21.9663,80.4445,597.0,167.2,147.427,147.69,0.263,28.817,28.82,28.817,37.2,4.32935,4.32935,6.19,27.0,0.28816,0.66,0.19,12.6001,0.11387,,OVERLAPS_ANOTHER_REPORTED_SAMPLE,DERIVED,data/external/exploration/ngdr_registered_downloads/Gudma_CRO-23394-2017/20250708115140.988_CRO-23394-2017.xlsx; worksheet 'Table-V' row 18; worksheet 'Annexure-V' row 18; worksheet 'Annexure-V' row 62; NGDR NUID CRO-23394-2017; downloaded/retrieved 2026-09-29; https://geodataindia.gov.in/guestuser,Matched Table-V sample intervals to the paired oxide and elemental rows in Annexure-V by normalized sample ID. mn_pct and fe_pct use elemental percent columns (not MnO or Fe2O3); sample_interval_m is to_m minus from_m. No assays were estimated.,
GDBH-3,GDBH-3,Gudma,,CS/05/ JBP/GDM/ 2017- 18/GDBH-3,Phyllite,21.9663,80.4445,597.0,167.2,147.69,147.94,0.25,1.2472,1.25,1.2472,1.61,4.39929,4.39929,6.29,67.54,0.10479,0.24,0.48,31.5189,0.28768,,,DERIVED,data/external/exploration/ngdr_registered_downloads/Gudma_CRO-23394-2017/20250708115140.988_CRO-23394-2017.xlsx; worksheet 'Table-V' row 19; worksheet 'Annexure-V' row 19; worksheet 'Annexure-V' row 63; NGDR NUID CRO-23394-2017; downloaded/retrieved 2026-09-29; https://geodataindia.gov.in/guestuser,Matched Table-V sample intervals to the paired oxide and elemental rows in Annexure-V by normalized sample ID. mn_pct and fe_pct use elemental percent columns (not MnO or Fe2O3); sample_interval_m is to_m minus from_m. No assays were estimated.,
GDBH-4,GDBH-4,Gudma,,CS/01/ JBP/GDM/ 2017- 18/GDBH-4,Sericite Schist,21.9673,80.4435,596.0,156.6,128.11,128.36,0.25,0.0697,0.07,0.0697,0.09,2.93752,2.93752,4.2,69.74,0.17464,0.4,0.46,32.5456,0.27569,,,DERIVED,data/external/exploration/ngdr_registered_downloads/Gudma_CRO-23394-2017/20250708115140.988_CRO-23394-2017.xlsx; worksheet 'Table-V' row 20; worksheet 'Annexure-V' row 20; worksheet 'Annexure-V' row 64; NGDR NUID CRO-23394-2017; downloaded/retrieved 2026-09-29; https://geodataindia.gov.in/guestuser,Matched Table-V sample intervals to the paired oxide and elemental rows in Annexure-V by normalized sample ID. mn_pct and fe_pct use elemental percent columns (not MnO or Fe2O3); sample_interval_m is to_m minus from_m. No assays were estimated.,
GDBH-4,GDBH-4,Gudma,,CS/02/ JBP/GDM/ 2017- 18/GDBH-4,Manganiferous quartzite,21.9673,80.4435,596.0,156.6,128.36,128.52,0.16,8.0796,8.08,8.0796,10.43,2.16817,2.16817,3.1,74.24,0.34929,0.8,0.22,34.6456,0.13185,,OVERLAPS_ANOTHER_REPORTED_SAMPLE,DERIVED,data/external/exploration/ngdr_registered_downloads/Gudma_CRO-23394-2017/20250708115140.988_CRO-23394-2017.xlsx; worksheet 'Table-V' row 21; worksheet 'Annexure-V' row 21; worksheet 'Annexure-V' row 65; NGDR NUID CRO-23394-2017; downloaded/retrieved 2026-09-29; https://geodataindia.gov.in/guestuser,Matched Table-V sample intervals to the paired oxide and elemental rows in Annexure-V by normalized sample ID. mn_pct and fe_pct use elemental percent columns (not MnO or Fe2O3); sample_interval_m is to_m minus from_m. No assays were estimated.,
GDBH-4,GDBH-4,Gudma,,CS/03/ JBP/GDM/ 2017- 18/GDBH-4,Mn Ore,21.9673,80.4435,596.0,156.6,128.4,128.6,0.2,30.072,30.07,30.072,38.82,5.16165,5.16165,7.38,28.13,0.42351,0.97,0.23,13.1274,0.13785,,OVERLAPS_ANOTHER_REPORTED_SAMPLE,DERIVED,data/external/exploration/ngdr_registered_downloads/Gudma_CRO-23394-2017/20250708115140.988_CRO-23394-2017.xlsx; worksheet 'Table-V' row 22; worksheet 'Annexure-V' row 22; worksheet 'Annexure-V' row 66; NGDR NUID CRO-23394-2017; downloaded/retrieved 2026-09-29; https://geodataindia.gov.in/guestuser,Matched Table-V sample intervals to the paired oxide and elemental rows in Annexure-V by normalized sample ID. mn_pct and fe_pct use elemental percent columns (not MnO or Fe2O3); sample_interval_m is to_m minus from_m. No assays were estimated.,
GDBH-4,GDBH-4,Gudma,,CS/04/ JBP/GDM/ 2017- 18/GDBH-4,Phyllite,21.9673,80.4435,596.0,156.6,128.6,128.85,0.25,0.2169,0.22,0.2169,0.28,4.11952,4.11952,5.89,57.84,0.06986,0.16,0.69,26.9922,0.41354,,,DERIVED,data/external/exploration/ngdr_registered_downloads/Gudma_CRO-23394-2017/20250708115140.988_CRO-23394-2017.xlsx; worksheet 'Table-V' row 23; worksheet 'Annexure-V' row 23; worksheet 'Annexure-V' row 67; NGDR NUID CRO-23394-2017; downloaded/retrieved 2026-09-29; https://geodataindia.gov.in/guestuser,Matched Table-V sample intervals to the paired oxide and elemental rows in Annexure-V by normalized sample ID. mn_pct and fe_pct use elemental percent columns (not MnO or Fe2O3); sample_interval_m is to_m minus from_m. No assays were estimated.,
GDBH-5,GDBH-5,Gudma,,CS/01/ JBP/GDM/ 2017- 18/GDBH-5,Sericite Schist,21.9659,80.4433,594.0,130.0,122.56,122.81,0.25,0.3021,0.3,0.3021,0.39,12.5684,12.5684,17.97,51.97,0.66801,1.53,0.6,24.2528,0.3596,,,DERIVED,data/external/exploration/ngdr_registered_downloads/Gudma_CRO-23394-2017/20250708115140.988_CRO-23394-2017.xlsx; worksheet 'Table-V' row 24; worksheet 'Annexure-V' row 24; worksheet 'Annexure-V' row 68; NGDR NUID CRO-23394-2017; downloaded/retrieved 2026-09-29; https://geodataindia.gov.in/guestuser,Matched Table-V sample intervals to the paired oxide and elemental rows in Annexure-V by normalized sample ID. mn_pct and fe_pct use elemental percent columns (not MnO or Fe2O3); sample_interval_m is to_m minus from_m. No assays were estimated.,
GDBH-5,GDBH-5,Gudma,,CS/02/ JBP/GDM/ 2017- 18/GDBH-5,Manganiferous quartzite,21.9659,80.4433,594.0,130.0,122.81,123.9,1.09,5.1437,5.14,5.1437,6.64,3.52503,3.52503,5.04,83.27,0.38858,0.89,0.05,38.8596,0.02997,,OVERLAPS_ANOTHER_REPORTED_SAMPLE,DERIVED,data/external/exploration/ngdr_registered_downloads/Gudma_CRO-23394-2017/20250708115140.988_CRO-23394-2017.xlsx; worksheet 'Table-V' row 25; worksheet 'Annexure-V' row 25; worksheet 'Annexure-V' row 69; NGDR NUID CRO-23394-2017; downloaded/retrieved 2026-09-29; https://geodataindia.gov.in/guestuser,Matched Table-V sample intervals to the paired oxide and elemental rows in Annexure-V by normalized sample ID. mn_pct and fe_pct use elemental percent columns (not MnO or Fe2O3); sample_interval_m is to_m minus from_m. No assays were estimated.,
GDBH-5,GDBH-5,Gudma,,CS/03/ JBP/GDM/ 2017- 18/GDBH-5,Mn Ore,21.9659,80.4433,594.0,130.0,122.86,123.164,0.304,20.226,20.23,20.226,26.11,7.92432,7.92432,11.33,37.49,0.72041,1.65,0.24,17.4955,0.14384,,OVERLAPS_ANOTHER_REPORTED_SAMPLE,DERIVED,data/external/exploration/ngdr_registered_downloads/Gudma_CRO-23394-2017/20250708115140.988_CRO-23394-2017.xlsx; worksheet 'Table-V' row 26; worksheet 'Annexure-V' row 26; worksheet 'Annexure-V' row 70; NGDR NUID CRO-23394-2017; downloaded/retrieved 2026-09-29; https://geodataindia.gov.in/guestuser,Matched Table-V sample intervals to the paired oxide and elemental rows in Annexure-V by normalized sample ID. mn_pct and fe_pct use elemental percent columns (not MnO or Fe2O3); sample_interval_m is to_m minus from_m. No assays were estimated.,
GDBH-5,GDBH-5,Gudma,,CS/04/ JBP/GDM/ 2017- 18/GDBH-5,Mn Ore,21.9659,80.4433,594.0,130.0,123.164,123.414,0.25,21.876,21.88,21.876,28.24,7.14797,7.14797,10.22,35.05,0.55449,1.27,0.24,16.3568,0.14384,,OVERLAPS_ANOTHER_REPORTED_SAMPLE,DERIVED,data/external/exploration/ngdr_registered_downloads/Gudma_CRO-23394-2017/20250708115140.988_CRO-23394-2017.xlsx; worksheet 'Table-V' row 27; worksheet 'Annexure-V' row 27; worksheet 'Annexure-V' row 71; NGDR NUID CRO-23394-2017; downloaded/retrieved 2026-09-29; https://geodataindia.gov.in/guestuser,Matched Table-V sample intervals to the paired oxide and elemental rows in Annexure-V by normalized sample ID. mn_pct and fe_pct use elemental percent columns (not MnO or Fe2O3); sample_interval_m is to_m minus from_m. No assays were estimated.,
GDBH-5,GDBH-5,Gudma,,CS/05/ JBP/GDM/ 2017- 18/GDBH-5,Mn Ore,21.9659,80.4433,594.0,130.0,123.414,123.58,0.166,34.425,34.43,34.425,44.44,4.56715,4.56715,6.53,26.18,0.42351,0.97,0.1,12.2174,0.05993,,OVERLAPS_ANOTHER_REPORTED_SAMPLE,DERIVED,data/external/exploration/ngdr_registered_downloads/Gudma_CRO-23394-2017/20250708115140.988_CRO-23394-2017.xlsx; worksheet 'Table-V' row 28; worksheet 'Annexure-V' row 28; worksheet 'Annexure-V' row 72; NGDR NUID CRO-23394-2017; downloaded/retrieved 2026-09-29; https://geodataindia.gov.in/guestuser,Matched Table-V sample intervals to the paired oxide and elemental rows in Annexure-V by normalized sample ID. mn_pct and fe_pct use elemental percent columns (not MnO or Fe2O3); sample_interval_m is to_m minus from_m. No assays were estimated.,
GDBH-5,GDBH-5,Gudma,,CS/06/ JBP/GDM/ 2017- 18/GDBH-5,Phyllite,21.9659,80.4433,594.0,130.0,123.9,124.15,0.25,0.093,0.09,0.093,0.12,4.08455,4.08455,5.84,60.51,0.05676,0.13,0.61,28.2382,0.36559,,,DERIVED,data/external/exploration/ngdr_registered_downloads/Gudma_CRO-23394-2017/20250708115140.988_CRO-23394-2017.xlsx; worksheet 'Table-V' row 29; worksheet 'Annexure-V' row 29; worksheet 'Annexure-V' row 73; NGDR NUID CRO-23394-2017; downloaded/retrieved 2026-09-29; https://geodataindia.gov.in/guestuser,Matched Table-V sample intervals to the paired oxide and elemental rows in Annexure-V by normalized sample ID. mn_pct and fe_pct use elemental percent columns (not MnO or Fe2O3); sample_interval_m is to_m minus from_m. No assays were estimated.,
GDBH-6,GDBH-6,Gudma,,CS/01/ JBP/GDM/ 2017- 18/GDBH-6,Sericite Schist,21.9651,80.4421,592.6,160.0,141.5,141.75,0.25,0.0852,0.09,0.0852,0.11,2.99347,2.99347,4.28,63.4,0.28816,0.66,0.53,29.5869,0.31764,,,DERIVED,data/external/exploration/ngdr_registered_downloads/Gudma_CRO-23394-2017/20250708115140.988_CRO-23394-2017.xlsx; worksheet 'Table-V' row 30; worksheet 'Annexure-V' row 30; worksheet 'Annexure-V' row 74; NGDR NUID CRO-23394-2017; downloaded/retrieved 2026-09-29; https://geodataindia.gov.in/guestuser,Matched Table-V sample intervals to the paired oxide and elemental rows in Annexure-V by normalized sample ID. mn_pct and fe_pct use elemental percent columns (not MnO or Fe2O3); sample_interval_m is to_m minus from_m. No assays were estimated.,
GDBH-6,GDBH-6,Gudma,,CS/02/ JBP/GDM/ 2017- 18/GDBH-6,Manganiferous quartzite,21.9651,80.4421,592.6,160.0,141.8,142.325,0.525,2.3162,2.32,2.3162,2.99,1.91638,1.91638,2.74,87.96,0.09169,0.21,0.01,41.0483,0.00599,,OVERLAPS_ANOTHER_REPORTED_SAMPLE,DERIVED,data/external/exploration/ngdr_registered_downloads/Gudma_CRO-23394-2017/20250708115140.988_CRO-23394-2017.xlsx; worksheet 'Table-V' row 31; worksheet 'Annexure-V' row 31; worksheet 'Annexure-V' row 75; NGDR NUID CRO-23394-2017; downloaded/retrieved 2026-09-29; https://geodataindia.gov.in/guestuser,Matched Table-V sample intervals to the paired oxide and elemental rows in Annexure-V by normalized sample ID. mn_pct and fe_pct use elemental percent columns (not MnO or Fe2O3); sample_interval_m is to_m minus from_m. No assays were estimated.,
GDBH-6,GDBH-6,Gudma,,CS/03/ JBP/GDM/ 2017- 18/GDBH-6,Mn Ore,21.9651,80.4421,592.6,160.0,141.75,142.35,0.6,28.251,28.25,28.251,36.47,3.16133,3.16133,4.52,18.27,2.0608,4.72,0.08,8.52606,0.04795,,OVERLAPS_ANOTHER_REPORTED_SAMPLE,DERIVED,data/external/exploration/ngdr_registered_downloads/Gudma_CRO-23394-2017/20250708115140.988_CRO-23394-2017.xlsx; worksheet 'Table-V' row 32; worksheet 'Annexure-V' row 32; worksheet 'Annexure-V' row 76; NGDR NUID CRO-23394-2017; downloaded/retrieved 2026-09-29; https://geodataindia.gov.in/guestuser,Matched Table-V sample intervals to the paired oxide and elemental rows in Annexure-V by normalized sample ID. mn_pct and fe_pct use elemental percent columns (not MnO or Fe2O3); sample_interval_m is to_m minus from_m. No assays were estimated.,
GDBH-6,GDBH-6,Gudma,,CS/04/ JBP/GDM/ 2017- 18/GDBH-6,Phyllite,21.9651,80.4421,592.6,160.0,142.35,142.6,0.25,0.0542,0.05,0.0542,0.07,3.93068,3.93068,5.62,61.28,0.09169,0.21,0.61,28.5975,0.36559,,,DERIVED,data/external/exploration/ngdr_registered_downloads/Gudma_CRO-23394-2017/20250708115140.988_CRO-23394-2017.xlsx; worksheet 'Table-V' row 33; worksheet 'Annexure-V' row 33; worksheet 'Annexure-V' row 77; NGDR NUID CRO-23394-2017; downloaded/retrieved 2026-09-29; https://geodataindia.gov.in/guestuser,Matched Table-V sample intervals to the paired oxide and elemental rows in Annexure-V by normalized sample ID. mn_pct and fe_pct use elemental percent columns (not MnO or Fe2O3); sample_interval_m is to_m minus from_m. No assays were estimated.,
GDBH-7,GDBH-7,Gudma,,CS/01/ JBP/GDM/ 2017- 18/GDBH-7,Sericite Schist,21.9638,80.4408,589.7,170.0,139.62,139.87,0.25,0.031,0.03,0.031,0.04,2.9655,2.9655,4.24,65.33,0.10479,0.24,0.48,30.4876,0.28768,,OVERLAPS_ANOTHER_REPORTED_SAMPLE,DERIVED,data/external/exploration/ngdr_registered_downloads/Gudma_CRO-23394-2017/20250708115140.988_CRO-23394-2017.xlsx; worksheet 'Table-V' row 34; worksheet 'Annexure-V' row 34; worksheet 'Annexure-V' row 78; NGDR NUID CRO-23394-2017; downloaded/retrieved 2026-09-29; https://geodataindia.gov.in/guestuser,Matched Table-V sample intervals to the paired oxide and elemental rows in Annexure-V by normalized sample ID. mn_pct and fe_pct use elemental percent columns (not MnO or Fe2O3); sample_interval_m is to_m minus from_m. No assays were estimated.,
GDBH-7,GDBH-7,Gudma,,CS/02/ JBP/GDM/ 2017- 18/GDBH-7,Manganiferous quartzite,21.9638,80.4408,589.7,170.0,133.87,141.05,7.18,4.8493,4.85,4.8493,6.26,1.32888,1.32888,1.9,88.25,0.04803,0.11,0.02,41.1836,0.01199,,OVERLAPS_ANOTHER_REPORTED_SAMPLE,DERIVED,data/external/exploration/ngdr_registered_downloads/Gudma_CRO-23394-2017/20250708115140.988_CRO-23394-2017.xlsx; worksheet 'Table-V' row 35; worksheet 'Annexure-V' row 35; worksheet 'Annexure-V' row 79; NGDR NUID CRO-23394-2017; downloaded/retrieved 2026-09-29; https://geodataindia.gov.in/guestuser,Matched Table-V sample intervals to the paired oxide and elemental rows in Annexure-V by normalized sample ID. mn_pct and fe_pct use elemental percent columns (not MnO or Fe2O3); sample_interval_m is to_m minus from_m. No assays were estimated.,
GDBH-7,GDBH-7,Gudma,,CS/03/ JBP/GDM/ 2017- 18/GDBH-7,Mn Ore,21.9638,80.4408,589.7,170.0,139.883,140.305,0.422,40.011,40.01,40.011,51.65,4.17548,4.17548,5.97,14.25,0.28816,0.66,0.09,6.65005,0.05394,,OVERLAPS_ANOTHER_REPORTED_SAMPLE,DERIVED,data/external/exploration/ngdr_registered_downloads/Gudma_CRO-23394-2017/20250708115140.988_CRO-23394-2017.xlsx; worksheet 'Table-V' row 36; worksheet 'Annexure-V' row 36; worksheet 'Annexure-V' row 80; NGDR NUID CRO-23394-2017; downloaded/retrieved 2026-09-29; https://geodataindia.gov.in/guestuser,Matched Table-V sample intervals to the paired oxide and elemental rows in Annexure-V by normalized sample ID. mn_pct and fe_pct use elemental percent columns (not MnO or Fe2O3); sample_interval_m is to_m minus from_m. No assays were estimated.,
GDBH-7,GDBH-7,Gudma,,CS/04/ JBP/GDM/ 2017- 18/GDBH-7,Mn Ore,21.9638,80.4408,589.7,170.0,140.305,140.893,0.588,30.056,30.06,30.056,38.8,2.25909,2.25909,3.23,18.53,0.13535,0.31,0.15,8.6474,0.0899,,OVERLAPS_ANOTHER_REPORTED_SAMPLE,DERIVED,data/external/exploration/ngdr_registered_downloads/Gudma_CRO-23394-2017/20250708115140.988_CRO-23394-2017.xlsx; worksheet 'Table-V' row 37; worksheet 'Annexure-V' row 37; worksheet 'Annexure-V' row 81; NGDR NUID CRO-23394-2017; downloaded/retrieved 2026-09-29; https://geodataindia.gov.in/guestuser,Matched Table-V sample intervals to the paired oxide and elemental rows in Annexure-V by normalized sample ID. mn_pct and fe_pct use elemental percent columns (not MnO or Fe2O3); sample_interval_m is to_m minus from_m. No assays were estimated.,
GDBH-7,GDBH-7,Gudma,,CS/05/ JBP/GDM/ 2017- 18/GDBH-7,Mn Ore,21.9638,80.4408,589.7,170.0,140.893,141.05,0.157,36.501,36.5,36.501,47.12,2.28707,2.28707,3.27,10.26,0.33619,0.77,0.09,4.78803,0.05394,,OVERLAPS_ANOTHER_REPORTED_SAMPLE,DERIVED,data/external/exploration/ngdr_registered_downloads/Gudma_CRO-23394-2017/20250708115140.988_CRO-23394-2017.xlsx; worksheet 'Table-V' row 38; worksheet 'Annexure-V' row 38; worksheet 'Annexure-V' row 82; NGDR NUID CRO-23394-2017; downloaded/retrieved 2026-09-29; https://geodataindia.gov.in/guestuser,Matched Table-V sample intervals to the paired oxide and elemental rows in Annexure-V by normalized sample ID. mn_pct and fe_pct use elemental percent columns (not MnO or Fe2O3); sample_interval_m is to_m minus from_m. No assays were estimated.,
GDBH-7,GDBH-7,Gudma,,CS/06/ JBP/GDM/ 2017- 18/GDBH-7,Phyllite,21.9638,80.4408,589.7,170.0,141.05,141.3,0.25,0.0465,0.05,0.0465,0.06,3.66491,3.66491,5.24,64.16,0.06549,0.15,0.62,29.9415,0.37158,,,DERIVED,data/external/exploration/ngdr_registered_downloads/Gudma_CRO-23394-2017/20250708115140.988_CRO-23394-2017.xlsx; worksheet 'Table-V' row 39; worksheet 'Annexure-V' row 39; worksheet 'Annexure-V' row 83; NGDR NUID CRO-23394-2017; downloaded/retrieved 2026-09-29; https://geodataindia.gov.in/guestuser,Matched Table-V sample intervals to the paired oxide and elemental rows in Annexure-V by normalized sample ID. mn_pct and fe_pct use elemental percent columns (not MnO or Fe2O3); sample_interval_m is to_m minus from_m. No assays were estimated.,
UKBH-1,UKBH-01,Western Ukwa,,UKBH-01/CS/1/16-17,Ore horizon and Phyllite,21.97027778,80.44833333,600.06,113.35,83.0,83.2,0.2,5.878,5.878,5.878#,7.59,12.663,12.663,18.09,55.81,0.0774,0.18,0.52,26.0447,,#,DILUTED_DUE_TO_CORE_LOSS_NOT_USED_IN_RESOURCE_CALCULATION,DERIVED,data/external/exploration/ngdr_registered_downloads/Western_Ukwa_CRO-23290-2016/20240724141822.249_CRO-23290-2016.xlsx; worksheet 'Table-6' row 4; worksheet 'Annexure II' row 3; worksheet 'Table-10' row 3; NGDR NUID CRO-23290-2016; downloaded/retrieved 2026-09-29; https://geodataindia.gov.in/guestuser,Matched Table-6 sample intervals to Annexure II chemistry using normalized sample ID and joined the Table-10 collar. Numeric assays were parsed from the report cells; original Mn marker is preserved. sample_interval_m is to_m minus from_m. No assays were estimated.,
UKBH-2,UKBH-2,Western Ukwa,,UKBH-02/CS/1/16-17,"Ore Horizon with fine
interbanding of quartz.",21.97194444,80.45,603.066,116.0,100.45,100.65,0.2,12.6,12.6,12.6,16.27,7.448,7.4480000000000004,10.64,59.01,1.0277,2.39,0.22,27.538,,,,DERIVED,data/external/exploration/ngdr_registered_downloads/Western_Ukwa_CRO-23290-2016/20240724141822.249_CRO-23290-2016.xlsx; worksheet 'Table-6' row 6; worksheet 'Annexure II' row 4; worksheet 'Table-10' row 13; NGDR NUID CRO-23290-2016; downloaded/retrieved 2026-09-29; https://geodataindia.gov.in/guestuser,Matched Table-6 sample intervals to Annexure II chemistry using normalized sample ID and joined the Table-10 collar. Numeric assays were parsed from the report cells; original Mn marker is preserved. sample_interval_m is to_m minus from_m. No assays were estimated.,
UKBH-2,UKBH-2,Western Ukwa,,UKBH-02/CS/2/16-17,Ore Horizon with fine interbanding of quartz.,21.97194444,80.45,603.066,116.0,100.65,100.86,0.21,13.793,13.793,13.792999999999999,17.81,6.279,6.2789999999999999,8.97,39.63,1.1008,2.56,0.51,18.494,,,,DERIVED,data/external/exploration/ngdr_registered_downloads/Western_Ukwa_CRO-23290-2016/20240724141822.249_CRO-23290-2016.xlsx; worksheet 'Table-6' row 8; worksheet 'Annexure II' row 5; worksheet 'Table-10' row 13; NGDR NUID CRO-23290-2016; downloaded/retrieved 2026-09-29; https://geodataindia.gov.in/guestuser,Matched Table-6 sample intervals to Annexure II chemistry using normalized sample ID and joined the Table-10 collar. Numeric assays were parsed from the report cells; original Mn marker is preserved. sample_interval_m is to_m minus from_m. No assays were estimated.,
UKBH-2,UKBH-2,Western Ukwa,,UKBH-02/CS/3/16-17,Ore Horizon with fine interbanding of quartz.,21.97194444,80.45,603.066,116.0,100.86,101.0,0.14,32.49,32.49,32.49*,41.96,5.817,5.8170000000000002,8.31,16.36,0.5891,1.37,0.21,7.63467,,*,MARKED_AS_ORE_USED_FOR_WEIGHTED_AVERAGE,DERIVED,data/external/exploration/ngdr_registered_downloads/Western_Ukwa_CRO-23290-2016/20240724141822.249_CRO-23290-2016.xlsx; worksheet 'Table-6' row 9; worksheet 'Annexure II' row 6; worksheet 'Table-10' row 13; NGDR NUID CRO-23290-2016; downloaded/retrieved 2026-09-29; https://geodataindia.gov.in/guestuser,Matched Table-6 sample intervals to Annexure II chemistry using normalized sample ID and joined the Table-10 collar. Numeric assays were parsed from the report cells; original Mn marker is preserved. sample_interval_m is to_m minus from_m. No assays were estimated.,
UKBH-2,UKBH-2,Western Ukwa,,UKBH-02/CS/4/16-17,Ore Horizon with fine interbanding of quartz.,21.97194444,80.45,603.066,116.0,101.0,101.27,0.27,39.729,39.729,39.729*,51.3,6.167,6.1669999999999998,8.81,12.46,0.3139,0.73,0.05,5.81467,,*,MARKED_AS_ORE_USED_FOR_WEIGHTED_AVERAGE,DERIVED,data/external/exploration/ngdr_registered_downloads/Western_Ukwa_CRO-23290-2016/20240724141822.249_CRO-23290-2016.xlsx; worksheet 'Table-6' row 12; worksheet 'Annexure II' row 7; worksheet 'Table-10' row 13; NGDR NUID CRO-23290-2016; downloaded/retrieved 2026-09-29; https://geodataindia.gov.in/guestuser,Matched Table-6 sample intervals to Annexure II chemistry using normalized sample ID and joined the Table-10 collar. Numeric assays were parsed from the report cells; original Mn marker is preserved. sample_interval_m is to_m minus from_m. No assays were estimated.,
UKBH-2,UKBH-2,Western Ukwa,,UKBH-02/CS/5/16-17,Ore Horizon with fine interbanding of quartz.,21.97194444,80.45,603.066,116.0,101.27,101.47,0.2,37.646,37.646,37.646*,48.61,2.989,2.9889999999999999,4.27,27.01,0.2408,0.56,0.01,12.6047,,*,MARKED_AS_ORE_USED_FOR_WEIGHTED_AVERAGE,DERIVED,data/external/exploration/ngdr_registered_downloads/Western_Ukwa_CRO-23290-2016/20240724141822.249_CRO-23290-2016.xlsx; worksheet 'Table-6' row 13; worksheet 'Annexure II' row 8; worksheet 'Table-10' row 13; NGDR NUID CRO-23290-2016; downloaded/retrieved 2026-09-29; https://geodataindia.gov.in/guestuser,Matched Table-6 sample intervals to Annexure II chemistry using normalized sample ID and joined the Table-10 collar. Numeric assays were parsed from the report cells; original Mn marker is preserved. sample_interval_m is to_m minus from_m. No assays were estimated.,
UKBH-2,UKBH-2,Western Ukwa,,UKBH-02/CS/6/16-17,Ore Horizon with fine interbanding of quartz.,21.97194444,80.45,603.066,116.0,101.47,101.68,0.21,29.468,29.468,29.468*,38.05,5.887,5.8869999999999996,8.41,36.38,0.2193,0.51,0.06,16.9773,,*,MARKED_AS_ORE_USED_FOR_WEIGHTED_AVERAGE,DERIVED,data/external/exploration/ngdr_registered_downloads/Western_Ukwa_CRO-23290-2016/20240724141822.249_CRO-23290-2016.xlsx; worksheet 'Table-6' row 14; worksheet 'Annexure II' row 9; worksheet 'Table-10' row 13; NGDR NUID CRO-23290-2016; downloaded/retrieved 2026-09-29; https://geodataindia.gov.in/guestuser,Matched Table-6 sample intervals to Annexure II chemistry using normalized sample ID and joined the Table-10 collar. Numeric assays were parsed from the report cells; original Mn marker is preserved. sample_interval_m is to_m minus from_m. No assays were estimated.,
UKBH-2,UKBH-2,Western Ukwa,,UKBH-02/CS/7/16-17,Ore Horizon with fine interbanding of quartz.,21.97194444,80.45,603.066,116.0,101.68,101.88,0.2,37.39,37.39,37.39*,48.29,6.58,6.58,9.4,7.94,0.2709,0.63,0.06,3.70533,,*,MARKED_AS_ORE_USED_FOR_WEIGHTED_AVERAGE,DERIVED,data/external/exploration/ngdr_registered_downloads/Western_Ukwa_CRO-23290-2016/20240724141822.249_CRO-23290-2016.xlsx; worksheet 'Table-6' row 15; worksheet 'Annexure II' row 10; worksheet 'Table-10' row 13; NGDR NUID CRO-23290-2016; downloaded/retrieved 2026-09-29; https://geodataindia.gov.in/guestuser,Matched Table-6 sample intervals to Annexure II chemistry using normalized sample ID and joined the Table-10 collar. Numeric assays were parsed from the report cells; original Mn marker is preserved. sample_interval_m is to_m minus from_m. No assays were estimated.,
UKBH-2,UKBH-2,Western Ukwa,,UKBH-02/CS/8/16-17,Ore Horizon with fine interbanding of quartz.,21.97194444,80.45,603.066,116.0,101.88,102.09,0.21,25.278,25.278,25.278*,32.64,5.446,5.4459999999999997,7.78,48.39,0.0817,0.19,0.25,22.582,,*,MARKED_AS_ORE_USED_FOR_WEIGHTED_AVERAGE,DERIVED,data/external/exploration/ngdr_registered_downloads/Western_Ukwa_CRO-23290-2016/20240724141822.249_CRO-23290-2016.xlsx; worksheet 'Table-6' row 16; worksheet 'Annexure II' row 11; worksheet 'Table-10' row 13; NGDR NUID CRO-23290-2016; downloaded/retrieved 2026-09-29; https://geodataindia.gov.in/guestuser,Matched Table-6 sample intervals to Annexure II chemistry using normalized sample ID and joined the Table-10 collar. Numeric assays were parsed from the report cells; original Mn marker is preserved. sample_interval_m is to_m minus from_m. No assays were estimated.,
UKBH-2,UKBH-2,Western Ukwa,,UKBH-02/CS/9/16-17,Ore Horizon with fine interbanding of quartz.,21.97194444,80.45,603.066,116.0,102.09,102.29,0.2,6.522,6.522,6.5220000000000002,10.87,12.544,12.544,17.92,46.04,0.0731,0.17,1.03,21.4853,,,,DERIVED,data/external/exploration/ngdr_registered_downloads/Western_Ukwa_CRO-23290-2016/20240724141822.249_CRO-23290-2016.xlsx; worksheet 'Table-6' row 17; worksheet 'Annexure II' row 12; worksheet 'Table-10' row 13; NGDR NUID CRO-23290-2016; downloaded/retrieved 2026-09-29; https://geodataindia.gov.in/guestuser,Matched Table-6 sample intervals to Annexure II chemistry using normalized sample ID and joined the Table-10 collar. Numeric assays were parsed from the report cells; original Mn marker is preserved. sample_interval_m is to_m minus from_m. No assays were estimated.,
UKBH-2,UKBH-2,Western Ukwa,,UKBH-02/CS/10/16-17,Ore Horizon with fine interbanding of quartz.,21.97194444,80.45,603.066,116.0,102.29,102.5,0.21,32.116,32.116,32.116*,41.47,6.685,6.6849999999999996,9.55,36.67,0.086,0.2,0.28,17.1127,,*,MARKED_AS_ORE_USED_FOR_WEIGHTED_AVERAGE,DERIVED,data/external/exploration/ngdr_registered_downloads/Western_Ukwa_CRO-23290-2016/20240724141822.249_CRO-23290-2016.xlsx; worksheet 'Table-6' row 18; worksheet 'Annexure II' row 13; worksheet 'Table-10' row 13; NGDR NUID CRO-23290-2016; downloaded/retrieved 2026-09-29; https://geodataindia.gov.in/guestuser,Matched Table-6 sample intervals to Annexure II chemistry using normalized sample ID and joined the Table-10 collar. Numeric assays were parsed from the report cells; original Mn marker is preserved. sample_interval_m is to_m minus from_m. No assays were estimated.,
UKBH-3,UKBH-3,Western Ukwa,,UKBH-03/CS/1/16-17,Ore Horizon interbanded with quartzite and carbonate material.,21.97277778,80.45277778,601.208,128.0,123.78,123.98,0.2,10.2616,10.2616,10.2616,13.25,5.663,5.6630000000000003,8.09,41.15,0.6966,1.62,0.42,19.2033,,,,DERIVED,data/external/exploration/ngdr_registered_downloads/Western_Ukwa_CRO-23290-2016/20240724141822.249_CRO-23290-2016.xlsx; worksheet 'Table-6' row 20; worksheet 'Annexure II' row 14; worksheet 'Table-10' row 25; NGDR NUID CRO-23290-2016; downloaded/retrieved 2026-09-29; https://geodataindia.gov.in/guestuser,Matched Table-6 sample intervals to Annexure II chemistry using normalized sample ID and joined the Table-10 collar. Numeric assays were parsed from the report cells; original Mn marker is preserved. sample_interval_m is to_m minus from_m. No assays were estimated.,
UKBH-3,UKBH-3,Western Ukwa,,UKBH-03/CS/2/16-17,Ore Horizon interbanded with quartzite and carbonate material.,21.97277778,80.45277778,601.208,128.0,123.98,124.18,0.2,13.4601,13.4601,13.460100000000001,17.38,5.747,5.7469999999999999,8.21,38.41,0.8944,2.08,0.21,17.9247,,,,DERIVED,data/external/exploration/ngdr_registered_downloads/Western_Ukwa_CRO-23290-2016/20240724141822.249_CRO-23290-2016.xlsx; worksheet 'Table-6' row 22; worksheet 'Annexure II' row 15; worksheet 'Table-10' row 25; NGDR NUID CRO-23290-2016; downloaded/retrieved 2026-09-29; https://geodataindia.gov.in/guestuser,Matched Table-6 sample intervals to Annexure II chemistry using normalized sample ID and joined the Table-10 collar. Numeric assays were parsed from the report cells; original Mn marker is preserved. sample_interval_m is to_m minus from_m. No assays were estimated.,
UKBH-3,UKBH-3,Western Ukwa,,UKBH-03/CS/3/16-17,Ore Horizon interbanded with quartzite and carbonate material.,21.97277778,80.45277778,601.208,128.0,124.18,124.38,0.2,21.2589,21.2589,21.258900000000001,27.45,4.543,4.5430000000000001,6.49,42.81,0.5289,1.23,0.06,19.978,,,,DERIVED,data/external/exploration/ngdr_registered_downloads/Western_Ukwa_CRO-23290-2016/20240724141822.249_CRO-23290-2016.xlsx; worksheet 'Table-6' row 24; worksheet 'Annexure II' row 16; worksheet 'Table-10' row 25; NGDR NUID CRO-23290-2016; downloaded/retrieved 2026-09-29; https://geodataindia.gov.in/guestuser,Matched Table-6 sample intervals to Annexure II chemistry using normalized sample ID and joined the Table-10 collar. Numeric assays were parsed from the report cells; original Mn marker is preserved. sample_interval_m is to_m minus from_m. No assays were estimated.,
UKBH-3,UKBH-3,Western Ukwa,,UKBH-03/CS/4/16-17,Ore Horizon interbanded with quartzite and carbonate material.,21.97277778,80.45277778,601.208,128.0,124.38,124.58,0.2,14.9935,14.9935,14.993499999999999,19.36,2.632,2.6320000000000001,3.76,55.22,0.1247,0.29,0.03,25.7693,,,,DERIVED,data/external/exploration/ngdr_registered_downloads/Western_Ukwa_CRO-23290-2016/20240724141822.249_CRO-23290-2016.xlsx; worksheet 'Table-6' row 26; worksheet 'Annexure II' row 17; worksheet 'Table-10' row 25; NGDR NUID CRO-23290-2016; downloaded/retrieved 2026-09-29; https://geodataindia.gov.in/guestuser,Matched Table-6 sample intervals to Annexure II chemistry using normalized sample ID and joined the Table-10 collar. Numeric assays were parsed from the report cells; original Mn marker is preserved. sample_interval_m is to_m minus from_m. No assays were estimated.,
UKBH-3,UKBH-3,Western Ukwa,,UKBH-03/CS/5/16-17,Ore Horizon interbanded with quartzite and carbonate material.,21.97277778,80.45277778,601.208,128.0,124.58,124.79,0.21,31.0171,31.0171,31.0171*,40.05,5.992,5.992,8.56,22.3,0.4386,1.02,0.04,10.4067,,*,MARKED_AS_ORE_USED_FOR_WEIGHTED_AVERAGE,DERIVED,data/external/exploration/ngdr_registered_downloads/Western_Ukwa_CRO-23290-2016/20240724141822.249_CRO-23290-2016.xlsx; worksheet 'Table-6' row 28; worksheet 'Annexure II' row 18; worksheet 'Table-10' row 25; NGDR NUID CRO-23290-2016; downloaded/retrieved 2026-09-29; https://geodataindia.gov.in/guestuser,Matched Table-6 sample intervals to Annexure II chemistry using normalized sample ID and joined the Table-10 collar. Numeric assays were parsed from the report cells; original Mn marker is preserved. sample_interval_m is to_m minus from_m. No assays were estimated.,
UKBH-3,UKBH-3,Western Ukwa,,UKBH-03/CS/6/16-17,Ore Horizon interbanded with quartzite and carbonate material.,21.97277778,80.45277778,601.208,128.0,124.79,125.0,0.21,22.653,22.653,22.653*,29.25,2.996,2.996,4.28,42.79,0.3268,0.76,0.11,19.9687,,*,MARKED_AS_ORE_USED_FOR_WEIGHTED_AVERAGE,DERIVED,data/external/exploration/ngdr_registered_downloads/Western_Ukwa_CRO-23290-2016/20240724141822.249_CRO-23290-2016.xlsx; worksheet 'Table-6' row 29; worksheet 'Annexure II' row 19; worksheet 'Table-10' row 25; NGDR NUID CRO-23290-2016; downloaded/retrieved 2026-09-29; https://geodataindia.gov.in/guestuser,Matched Table-6 sample intervals to Annexure II chemistry using normalized sample ID and joined the Table-10 collar. Numeric assays were parsed from the report cells; original Mn marker is preserved. sample_interval_m is to_m minus from_m. No assays were estimated.,
UKBH-3,UKBH-3,Western Ukwa,,UKBH-03/CS/7/16-17,Ore Horizon interbanded with quartzite and carbonate material.,21.97277778,80.45277778,601.208,128.0,125.0,125.19,0.19,21.9559,21.9559,21.9559*,28.35,4.599,4.5990000000000002,6.57,33.8,1.1309,2.63,0.19,15.7733,,*,MARKED_AS_ORE_USED_FOR_WEIGHTED_AVERAGE,DERIVED,data/external/exploration/ngdr_registered_downloads/Western_Ukwa_CRO-23290-2016/20240724141822.249_CRO-23290-2016.xlsx; worksheet 'Table-6' row 32; worksheet 'Annexure II' row 20; worksheet 'Table-10' row 25; NGDR NUID CRO-23290-2016; downloaded/retrieved 2026-09-29; https://geodataindia.gov.in/guestuser,Matched Table-6 sample intervals to Annexure II chemistry using normalized sample ID and joined the Table-10 collar. Numeric assays were parsed from the report cells; original Mn marker is preserved. sample_interval_m is to_m minus from_m. No assays were estimated.,
UKBH-3,UKBH-3,Western Ukwa,,UKBH-03/CS/8/16-17,Ore Horizon interbanded with quartzite and carbonate material.,21.97277778,80.45277778,601.208,128.0,125.19,125.39,0.2,30.5679,30.5679,30.5679*,39.47,5.369,5.3689999999999998,7.67,25.46,1.0277,2.39,0.18,11.8813,,*,MARKED_AS_ORE_USED_FOR_WEIGHTED_AVERAGE,DERIVED,data/external/exploration/ngdr_registered_downloads/Western_Ukwa_CRO-23290-2016/20240724141822.249_CRO-23290-2016.xlsx; worksheet 'Table-6' row 33; worksheet 'Annexure II' row 21; worksheet 'Table-10' row 25; NGDR NUID CRO-23290-2016; downloaded/retrieved 2026-09-29; https://geodataindia.gov.in/guestuser,Matched Table-6 sample intervals to Annexure II chemistry using normalized sample ID and joined the Table-10 collar. Numeric assays were parsed from the report cells; original Mn marker is preserved. sample_interval_m is to_m minus from_m. No assays were estimated.,
UKBH-3,UKBH-3,Western Ukwa,,UKBH-03/CS/9/16-17,Ore Horizon interbanded with quartzite and carbonate material.,21.97277778,80.45277778,601.208,128.0,125.39,125.59,0.2,33.5186,33.5186,33.5186*,43.28,6.461,6.4610000000000003,9.23,12.44,0.6966,1.62,0.06,5.80533,,*,MARKED_AS_ORE_USED_FOR_WEIGHTED_AVERAGE,DERIVED,data/external/exploration/ngdr_registered_downloads/Western_Ukwa_CRO-23290-2016/20240724141822.249_CRO-23290-2016.xlsx; worksheet 'Table-6' row 34; worksheet 'Annexure II' row 22; worksheet 'Table-10' row 25; NGDR NUID CRO-23290-2016; downloaded/retrieved 2026-09-29; https://geodataindia.gov.in/guestuser,Matched Table-6 sample intervals to Annexure II chemistry using normalized sample ID and joined the Table-10 collar. Numeric assays were parsed from the report cells; original Mn marker is preserved. sample_interval_m is to_m minus from_m. No assays were estimated.,
UKBH-3,UKBH-3,Western Ukwa,,UKBH-03/CS/10/16-17,Ore Horizon interbanded with quartzite and carbonate material.,21.97277778,80.45277778,601.208,128.0,125.59,125.8,0.21,28.8022,28.8022,28.8022*,37.19,5.628,5.6280000000000001,8.04,29.75,0.3397,0.79,0.12,13.8833,,*,MARKED_AS_ORE_USED_FOR_WEIGHTED_AVERAGE,DERIVED,data/external/exploration/ngdr_registered_downloads/Western_Ukwa_CRO-23290-2016/20240724141822.249_CRO-23290-2016.xlsx; worksheet 'Table-6' row 35; worksheet 'Annexure II' row 23; worksheet 'Table-10' row 25; NGDR NUID CRO-23290-2016; downloaded/retrieved 2026-09-29; https://geodataindia.gov.in/guestuser,Matched Table-6 sample intervals to Annexure II chemistry using normalized sample ID and joined the Table-10 collar. Numeric assays were parsed from the report cells; original Mn marker is preserved. sample_interval_m is to_m minus from_m. No assays were estimated.,
UKBH-3,UKBH-3,Western Ukwa,,UKBH-03/CS/11/16-17,Ore Horizon interbanded with quartzite and carbonate material.,21.97277778,80.45277778,601.208,128.0,125.8,126.0,0.2,38.5991,38.5991,38.5991*,49.84,2.877,2.8769999999999998,4.11,11.52,0.1677,0.39,0.05,5.376,,*,MARKED_AS_ORE_USED_FOR_WEIGHTED_AVERAGE,DERIVED,data/external/exploration/ngdr_registered_downloads/Western_Ukwa_CRO-23290-2016/20240724141822.249_CRO-23290-2016.xlsx; worksheet 'Table-6' row 36; worksheet 'Annexure II' row 24; worksheet 'Table-10' row 25; NGDR NUID CRO-23290-2016; downloaded/retrieved 2026-09-29; https://geodataindia.gov.in/guestuser,Matched Table-6 sample intervals to Annexure II chemistry using normalized sample ID and joined the Table-10 collar. Numeric assays were parsed from the report cells; original Mn marker is preserved. sample_interval_m is to_m minus from_m. No assays were estimated.,
UKBH-3,UKBH-3,Western Ukwa,,UKBH-03/CS/12/16-17,Ore Horizon interbanded with quartzite and carbonate material.,21.97277778,80.45277778,601.208,128.0,126.0,126.2,0.2,21.0111,21.0111,21.0111*,27.13,3.115,3.1150000000000002,4.45,40.84,0.1892,0.44,0.06,19.0587,,*,MARKED_AS_ORE_USED_FOR_WEIGHTED_AVERAGE,DERIVED,data/external/exploration/ngdr_registered_downloads/Western_Ukwa_CRO-23290-2016/20240724141822.249_CRO-23290-2016.xlsx; worksheet 'Table-6' row 37; worksheet 'Annexure II' row 25; worksheet 'Table-10' row 25; NGDR NUID CRO-23290-2016; downloaded/retrieved 2026-09-29; https://geodataindia.gov.in/guestuser,Matched Table-6 sample intervals to Annexure II chemistry using normalized sample ID and joined the Table-10 collar. Numeric assays were parsed from the report cells; original Mn marker is preserved. sample_interval_m is to_m minus from_m. No assays were estimated.,
UKBH-3,UKBH-3,Western Ukwa,,UKBH-03/CS/13/16-17,Ore Horizon interbanded with quartzite and carbonate material.,21.97277778,80.45277778,601.208,128.0,126.2,126.4,0.2,34.7423,34.7423,34.7423*,44.86,2.793,2.7930000000000001,3.99,17.0,0.129,0.3,0.02,7.93333,,*,MARKED_AS_ORE_USED_FOR_WEIGHTED_AVERAGE,DERIVED,data/external/exploration/ngdr_registered_downloads/Western_Ukwa_CRO-23290-2016/20240724141822.249_CRO-23290-2016.xlsx; worksheet 'Table-6' row 38; worksheet 'Annexure II' row 26; worksheet 'Table-10' row 25; NGDR NUID CRO-23290-2016; downloaded/retrieved 2026-09-29; https://geodataindia.gov.in/guestuser,Matched Table-6 sample intervals to Annexure II chemistry using normalized sample ID and joined the Table-10 collar. Numeric assays were parsed from the report cells; original Mn marker is preserved. sample_interval_m is to_m minus from_m. No assays were estimated.,
UKBH-3,UKBH-3,Western Ukwa,,UKBH-03/CS/14/16-17,Ore Horizon interbanded with quartzite and carbonate material.,21.97277778,80.45277778,601.208,128.0,126.4,126.6,0.2,23.2183,23.2183,23.2183*,29.98,4.207,4.2069999999999999,6.01,23.07,0.2408,0.56,0.04,10.766,,*,MARKED_AS_ORE_USED_FOR_WEIGHTED_AVERAGE,DERIVED,data/external/exploration/ngdr_registered_downloads/Western_Ukwa_CRO-23290-2016/20240724141822.249_CRO-23290-2016.xlsx; worksheet 'Table-6' row 39; worksheet 'Annexure II' row 27; worksheet 'Table-10' row 25; NGDR NUID CRO-23290-2016; downloaded/retrieved 2026-09-29; https://geodataindia.gov.in/guestuser,Matched Table-6 sample intervals to Annexure II chemistry using normalized sample ID and joined the Table-10 collar. Numeric assays were parsed from the report cells; original Mn marker is preserved. sample_interval_m is to_m minus from_m. No assays were estimated.,
UKBH-3,UKBH-3,Western Ukwa,,UKBH-03/CS/15/16-17,Ore Horizon interbanded with quartzite and carbonate material.,21.97277778,80.45277778,601.208,128.0,126.6,126.81,0.21,23.7062,23.7062,23.7062*,30.61,3.234,3.234,4.62,22.39,0.2881,0.67,0.01,10.4487,,*,MARKED_AS_ORE_USED_FOR_WEIGHTED_AVERAGE,DERIVED,data/external/exploration/ngdr_registered_downloads/Western_Ukwa_CRO-23290-2016/20240724141822.249_CRO-23290-2016.xlsx; worksheet 'Table-6' row 40; worksheet 'Annexure II' row 28; worksheet 'Table-10' row 25; NGDR NUID CRO-23290-2016; downloaded/retrieved 2026-09-29; https://geodataindia.gov.in/guestuser,Matched Table-6 sample intervals to Annexure II chemistry using normalized sample ID and joined the Table-10 collar. Numeric assays were parsed from the report cells; original Mn marker is preserved. sample_interval_m is to_m minus from_m. No assays were estimated.,
UKBH-3,UKBH-3,Western Ukwa,,UKBH-03/CS/16/16-17,Ore Horizon interbanded with quartzite and carbonate material.,21.97277778,80.45277778,601.208,128.0,126.81,127.01,0.2,14.5521,14.5521,14.552099999999999,18.79,5.215,5.2149999999999999,7.45,32.15,1.0578,2.46,0.19,15.0033,,,,DERIVED,data/external/exploration/ngdr_registered_downloads/Western_Ukwa_CRO-23290-2016/20240724141822.249_CRO-23290-2016.xlsx; worksheet 'Table-6' row 41; worksheet 'Annexure II' row 29; worksheet 'Table-10' row 25; NGDR NUID CRO-23290-2016; downloaded/retrieved 2026-09-29; https://geodataindia.gov.in/guestuser,Matched Table-6 sample intervals to Annexure II chemistry using normalized sample ID and joined the Table-10 collar. Numeric assays were parsed from the report cells; original Mn marker is preserved. sample_interval_m is to_m minus from_m. No assays were estimated.,
UKBH-3,UKBH-3,Western Ukwa,,UKBH-03/CS/17/16-17,"Ore Horizon interbanded with quartzite and
carbonate material.",21.97277778,80.45277778,601.208,128.0,127.01,127.21,0.2,24.2793,24.2793,24.2793*,31.35,3.178,3.1779999999999999,4.54,17.08,0.2838,0.66,0.05,7.97067,,*,MARKED_AS_ORE_USED_FOR_WEIGHTED_AVERAGE,DERIVED,data/external/exploration/ngdr_registered_downloads/Western_Ukwa_CRO-23290-2016/20240724141822.249_CRO-23290-2016.xlsx; worksheet 'Table-6' row 42; worksheet 'Annexure II' row 30; worksheet 'Table-10' row 25; NGDR NUID CRO-23290-2016; downloaded/retrieved 2026-09-29; https://geodataindia.gov.in/guestuser,Matched Table-6 sample intervals to Annexure II chemistry using normalized sample ID and joined the Table-10 collar. Numeric assays were parsed from the report cells; original Mn marker is preserved. sample_interval_m is to_m minus from_m. No assays were estimated.,
UKBH-3,UKBH-3,Western Ukwa,,UKBH-03/CS/18/16-17,Ore horizon and Phyllite,21.97277778,80.45277778,601.208,128.0,127.21,127.425,0.215,10.3081,10.3081,10.3081,13.31,5.075,5.0750000000000002,7.25,39.2,0.6106,1.42,0.33,18.2933,,,,DERIVED,data/external/exploration/ngdr_registered_downloads/Western_Ukwa_CRO-23290-2016/20240724141822.249_CRO-23290-2016.xlsx; worksheet 'Table-6' row 43; worksheet 'Annexure II' row 31; worksheet 'Table-10' row 25; NGDR NUID CRO-23290-2016; downloaded/retrieved 2026-09-29; https://geodataindia.gov.in/guestuser,Matched Table-6 sample intervals to Annexure II chemistry using normalized sample ID and joined the Table-10 collar. Numeric assays were parsed from the report cells; original Mn marker is preserved. sample_interval_m is to_m minus from_m. No assays were estimated.,
UKBH-4,UKBH-4,Western Ukwa,,UKBH-04/CS/1/16-17,Ore Horizon interbanded with quartzite and carbonate material.,21.97361111,80.44861111,599.313,254.0,251.7,251.9,0.2,18.3082,18.3082,18.308199999999999,23.64,7.084,7.0839999999999996,10.12,28.98,0.8084,1.88,0.26,13.524,,,,DERIVED,data/external/exploration/ngdr_registered_downloads/Western_Ukwa_CRO-23290-2016/20240724141822.249_CRO-23290-2016.xlsx; worksheet 'Table-6' row 45; worksheet 'Annexure II' row 32; worksheet 'Table-10' row 36; NGDR NUID CRO-23290-2016; downloaded/retrieved 2026-09-29; https://geodataindia.gov.in/guestuser,Matched Table-6 sample intervals to Annexure II chemistry using normalized sample ID and joined the Table-10 collar. Numeric assays were parsed from the report cells; original Mn marker is preserved. sample_interval_m is to_m minus from_m. No assays were estimated.,
UKBH-4,UKBH-4,Western Ukwa,,UKBH-04/CS/2/16-17,Ore Horizon interbanded with quartzite and carbonate material.,21.97361111,80.44861111,599.313,254.0,251.9,252.1,0.2,24.1089,24.1089,24.1089*,31.13,3.556,3.556,5.08,41.48,0.2537,0.59,0.13,19.3573,,*,MARKED_AS_ORE_USED_FOR_WEIGHTED_AVERAGE,DERIVED,data/external/exploration/ngdr_registered_downloads/Western_Ukwa_CRO-23290-2016/20240724141822.249_CRO-23290-2016.xlsx; worksheet 'Table-6' row 46; worksheet 'Annexure II' row 33; worksheet 'Table-10' row 36; NGDR NUID CRO-23290-2016; downloaded/retrieved 2026-09-29; https://geodataindia.gov.in/guestuser,Matched Table-6 sample intervals to Annexure II chemistry using normalized sample ID and joined the Table-10 collar. Numeric assays were parsed from the report cells; original Mn marker is preserved. sample_interval_m is to_m minus from_m. No assays were estimated.,
UKBH-4,UKBH-04,Western Ukwa,,UKBH-04/CS/3/16-17,Ore Horizon interbanded with quartzite and carbonate material.,21.97361111,80.44861111,599.313,254.0,252.1,252.3,0.2,26.1303,26.1303,26.1303*,33.74,4.529,4.5289999999999999,6.47,35.51,0.5332,1.24,0.11,16.5713,,*,MARKED_AS_ORE_USED_FOR_WEIGHTED_AVERAGE,DERIVED,data/external/exploration/ngdr_registered_downloads/Western_Ukwa_CRO-23290-2016/20240724141822.249_CRO-23290-2016.xlsx; worksheet 'Table-6' row 47; worksheet 'Annexure II' row 34; worksheet 'Table-10' row 36; NGDR NUID CRO-23290-2016; downloaded/retrieved 2026-09-29; https://geodataindia.gov.in/guestuser,Matched Table-6 sample intervals to Annexure II chemistry using normalized sample ID and joined the Table-10 collar. Numeric assays were parsed from the report cells; original Mn marker is preserved. sample_interval_m is to_m minus from_m. No assays were estimated.,
UKBH-4,UKBH-4,Western Ukwa,,UKBH-04/CS/4/16-17,Ore Horizon interbanded with quartzite and carbonate material.,21.97361111,80.44861111,599.313,254.0,252.3,252.5,0.2,33.5961,33.5961,33.5961*,43.38,4.424,4.4240000000000004,6.32,17.03,0.5074,1.18,0.04,7.94733,,*,MARKED_AS_ORE_USED_FOR_WEIGHTED_AVERAGE,DERIVED,data/external/exploration/ngdr_registered_downloads/Western_Ukwa_CRO-23290-2016/20240724141822.249_CRO-23290-2016.xlsx; worksheet 'Table-6' row 48; worksheet 'Annexure II' row 35; worksheet 'Table-10' row 36; NGDR NUID CRO-23290-2016; downloaded/retrieved 2026-09-29; https://geodataindia.gov.in/guestuser,Matched Table-6 sample intervals to Annexure II chemistry using normalized sample ID and joined the Table-10 collar. Numeric assays were parsed from the report cells; original Mn marker is preserved. sample_interval_m is to_m minus from_m. No assays were estimated.,
UKBH-4,UKBH-4,Western Ukwa,,UKBH-04/CS/5/16-17,Ore Horizon interbanded with quartzite and carbonate material.,21.97361111,80.44861111,599.313,254.0,252.5,252.7,0.2,31.4431,31.4431,31.4431*,40.6,5.096,5.0960000000000001,7.28,16.28,0.5891,1.37,0.03,7.59733,,*,MARKED_AS_ORE_USED_FOR_WEIGHTED_AVERAGE,DERIVED,data/external/exploration/ngdr_registered_downloads/Western_Ukwa_CRO-23290-2016/20240724141822.249_CRO-23290-2016.xlsx; worksheet 'Table-6' row 49; worksheet 'Annexure II' row 36; worksheet 'Table-10' row 36; NGDR NUID CRO-23290-2016; downloaded/retrieved 2026-09-29; https://geodataindia.gov.in/guestuser,Matched Table-6 sample intervals to Annexure II chemistry using normalized sample ID and joined the Table-10 collar. Numeric assays were parsed from the report cells; original Mn marker is preserved. sample_interval_m is to_m minus from_m. No assays were estimated.,
UKBH-4,UKBH-4,Western Ukwa,,UKBH-04/CS/6/16-17,Ore Horizon interbanded with quartzite and carbonate material.,21.97361111,80.44861111,599.313,254.0,252.7,252.9,0.2,33.6503,33.6503,33.6503*,43.45,3.444,3.444,4.92,16.68,0.3053,0.71,0.03,7.784,,*,MARKED_AS_ORE_USED_FOR_WEIGHTED_AVERAGE,DERIVED,data/external/exploration/ngdr_registered_downloads/Western_Ukwa_CRO-23290-2016/20240724141822.249_CRO-23290-2016.xlsx; worksheet 'Table-6' row 50; worksheet 'Annexure II' row 37; worksheet 'Table-10' row 36; NGDR NUID CRO-23290-2016; downloaded/retrieved 2026-09-29; https://geodataindia.gov.in/guestuser,Matched Table-6 sample intervals to Annexure II chemistry using normalized sample ID and joined the Table-10 collar. Numeric assays were parsed from the report cells; original Mn marker is preserved. sample_interval_m is to_m minus from_m. No assays were estimated.,
UKBH-4,UKBH-4,Western Ukwa,,UKBH-04/CS/7/16-17,Ore Horizon interbanded with quartzite and carbonate material.,21.97361111,80.44861111,599.313,254.0,252.9,253.1,0.2,29.5999,29.5999,29.5999*,38.22,2.94,2.94,4.2,17.64,0.3096,0.72,0.03,8.232,,*,MARKED_AS_ORE_USED_FOR_WEIGHTED_AVERAGE,DERIVED,data/external/exploration/ngdr_registered_downloads/Western_Ukwa_CRO-23290-2016/20240724141822.249_CRO-23290-2016.xlsx; worksheet 'Table-6' row 51; worksheet 'Annexure II' row 38; worksheet 'Table-10' row 36; NGDR NUID CRO-23290-2016; downloaded/retrieved 2026-09-29; https://geodataindia.gov.in/guestuser,Matched Table-6 sample intervals to Annexure II chemistry using normalized sample ID and joined the Table-10 collar. Numeric assays were parsed from the report cells; original Mn marker is preserved. sample_interval_m is to_m minus from_m. No assays were estimated.,
UKBH-4,UKBH-4,Western Ukwa,,UKBH-04/CS/8/16-17,Ore Horizon interbanded with quartzite and carbonate material.,21.97361111,80.44861111,599.313,254.0,253.1,253.3,0.2,17.7661,17.7661,17.766100000000002,22.94,6.083,6.0830000000000002,8.69,20.57,0.3741,0.87,0.22,9.59933,,,,DERIVED,data/external/exploration/ngdr_registered_downloads/Western_Ukwa_CRO-23290-2016/20240724141822.249_CRO-23290-2016.xlsx; worksheet 'Table-6' row 52; worksheet 'Annexure II' row 39; worksheet 'Table-10' row 36; NGDR NUID CRO-23290-2016; downloaded/retrieved 2026-09-29; https://geodataindia.gov.in/guestuser,Matched Table-6 sample intervals to Annexure II chemistry using normalized sample ID and joined the Table-10 collar. Numeric assays were parsed from the report cells; original Mn marker is preserved. sample_interval_m is to_m minus from_m. No assays were estimated.,
UKBH-4,UKBH-4,Western Ukwa,,UKBH-04/CS/9/16-17,Ore Horizon and Gneissic material,21.97361111,80.44861111,599.313,254.0,253.3,253.5,0.2,12.1823,12.1823,12.1823,15.73,3.675,3.6749999999999998,5.25,40.49,0.2408,0.56,0.2,18.8953,,,,DERIVED,data/external/exploration/ngdr_registered_downloads/Western_Ukwa_CRO-23290-2016/20240724141822.249_CRO-23290-2016.xlsx; worksheet 'Table-6' row 53; worksheet 'Annexure II' row 40; worksheet 'Table-10' row 36; NGDR NUID CRO-23290-2016; downloaded/retrieved 2026-09-29; https://geodataindia.gov.in/guestuser,Matched Table-6 sample intervals to Annexure II chemistry using normalized sample ID and joined the Table-10 collar. Numeric assays were parsed from the report cells; original Mn marker is preserved. sample_interval_m is to_m minus from_m. No assays were estimated.,
UKBH-5,UKBH-5,Western Ukwa,,UKBH-05/CS/1/16-17,Ore Horizon interbanded with quartzite and carbonate material.,21.97194444,80.44694444,602.066,200.0,196.92,197.1,0.18,16.7516,16.7516,16.7516,21.63,6.013,6.0129999999999999,8.59,42.62,0.6966,1.62,0.26,19.8893,,,,DERIVED,data/external/exploration/ngdr_registered_downloads/Western_Ukwa_CRO-23290-2016/20240724141822.249_CRO-23290-2016.xlsx; worksheet 'Table-6' row 55; worksheet 'Annexure II' row 41; worksheet 'Table-10' row 49; NGDR NUID CRO-23290-2016; downloaded/retrieved 2026-09-29; https://geodataindia.gov.in/guestuser,Matched Table-6 sample intervals to Annexure II chemistry using normalized sample ID and joined the Table-10 collar. Numeric assays were parsed from the report cells; original Mn marker is preserved. sample_interval_m is to_m minus from_m. No assays were estimated.,
UKBH-5,UKBH-5,Western Ukwa,,UKBH-05/CS/2/16-17,Ore Horizon interbanded with quartzite and carbonate material.,21.97194444,80.44694444,602.066,200.0,197.12,197.93,0.81,10.2229,10.2229,10.222899999999999,13.2,8.61,8.61,12.3,34.67,1.1997,2.79,0.47,16.1793,,,OVERLAPS_ANOTHER_REPORTED_SAMPLE,DERIVED,data/external/exploration/ngdr_registered_downloads/Western_Ukwa_CRO-23290-2016/20240724141822.249_CRO-23290-2016.xlsx; worksheet 'Table-6' row 58; worksheet 'Annexure II' row 42; worksheet 'Table-10' row 49; NGDR NUID CRO-23290-2016; downloaded/retrieved 2026-09-29; https://geodataindia.gov.in/guestuser,Matched Table-6 sample intervals to Annexure II chemistry using normalized sample ID and joined the Table-10 collar. Numeric assays were parsed from the report cells; original Mn marker is preserved. sample_interval_m is to_m minus from_m. No assays were estimated.,
UKBH-5,UKBH-5,Western Ukwa,,UKBH-05/CS/3/16-17,Ore Horizon interbanded with quartzite and carbonate material.,21.97194444,80.44694444,602.066,200.0,197.93,197.52,-0.41,21.4758,21.4758,21.4758*,27.73,6.902,6.9020000000000001,9.86,37.31,0.645,1.5,0.17,17.4113,,*,MARKED_AS_ORE_USED_FOR_WEIGHTED_AVERAGE;FROM_NOT_BEFORE_TO,DERIVED,data/external/exploration/ngdr_registered_downloads/Western_Ukwa_CRO-23290-2016/20240724141822.249_CRO-23290-2016.xlsx; worksheet 'Table-6' row 59; worksheet 'Annexure II' row 43; worksheet 'Table-10' row 49; NGDR NUID CRO-23290-2016; downloaded/retrieved 2026-09-29; https://geodataindia.gov.in/guestuser,Matched Table-6 sample intervals to Annexure II chemistry using normalized sample ID and joined the Table-10 collar. Numeric assays were parsed from the report cells; original Mn marker is preserved. sample_interval_m is to_m minus from_m. No assays were estimated.,
UKBH-5,UKBH-5,Western Ukwa,,UKBH-05/CS/4/16-17,Ore Horizon interbanded with quartzite and carbonate material.,21.97194444,80.44694444,602.066,200.0,197.52,197.72,0.2,16.8677,16.8677,16.867699999999999,21.78,7.798,7.798,11.14,29.07,1.0406,2.42,0.23,13.566,,,OVERLAPS_ANOTHER_REPORTED_SAMPLE,DERIVED,data/external/exploration/ngdr_registered_downloads/Western_Ukwa_CRO-23290-2016/20240724141822.249_CRO-23290-2016.xlsx; worksheet 'Table-6' row 60; worksheet 'Annexure II' row 44; worksheet 'Table-10' row 49; NGDR NUID CRO-23290-2016; downloaded/retrieved 2026-09-29; https://geodataindia.gov.in/guestuser,Matched Table-6 sample intervals to Annexure II chemistry using normalized sample ID and joined the Table-10 collar. Numeric assays were parsed from the report cells; original Mn marker is preserved. sample_interval_m is to_m minus from_m. No assays were estimated.,
UKBH-5,UKBH-5,Western Ukwa,,UKBH-05/CS/5/16-17,Ore Horizon interbanded with quartzite and carbonate material.,21.97194444,80.44694444,602.066,200.0,197.72,197.92,0.2,24.318,24.318,24.318*,31.4,5.229,5.2290000000000001,7.47,27.33,0.4859,1.13,0.08,12.754,,*,MARKED_AS_ORE_USED_FOR_WEIGHTED_AVERAGE;OVERLAPS_ANOTHER_REPORTED_SAMPLE,DERIVED,data/external/exploration/ngdr_registered_downloads/Western_Ukwa_CRO-23290-2016/20240724141822.249_CRO-23290-2016.xlsx; worksheet 'Table-6' row 61; worksheet 'Annexure II' row 45; worksheet 'Table-10' row 49; NGDR NUID CRO-23290-2016; downloaded/retrieved 2026-09-29; https://geodataindia.gov.in/guestuser,Matched Table-6 sample intervals to Annexure II chemistry using normalized sample ID and joined the Table-10 collar. Numeric assays were parsed from the report cells; original Mn marker is preserved. sample_interval_m is to_m minus from_m. No assays were estimated.,
UKBH-5,UKBH-5,Western Ukwa,,UKBH-05/CS/6/16-17,Ore Horizon interbanded with quartzite and carbonate material.,21.97194444,80.44694444,602.066,200.0,197.92,198.12,0.2,11.2219,11.2219,11.2219,14.49,3.339,3.339,4.77,29.51,0.3655,0.85,0.05,13.7713,,,OVERLAPS_ANOTHER_REPORTED_SAMPLE,DERIVED,data/external/exploration/ngdr_registered_downloads/Western_Ukwa_CRO-23290-2016/20240724141822.249_CRO-23290-2016.xlsx; worksheet 'Table-6' row 62; worksheet 'Annexure II' row 46; worksheet 'Table-10' row 49; NGDR NUID CRO-23290-2016; downloaded/retrieved 2026-09-29; https://geodataindia.gov.in/guestuser,Matched Table-6 sample intervals to Annexure II chemistry using normalized sample ID and joined the Table-10 collar. Numeric assays were parsed from the report cells; original Mn marker is preserved. sample_interval_m is to_m minus from_m. No assays were estimated.,
UKBH-5,UKBH-5,Western Ukwa,,UKBH-05/CS/7/16-17,Ore Horizon interbanded with quartzite and carbonate material.,21.97194444,80.44694444,602.066,200.0,198.12,198.32,0.2,5.04948,5.04948,5.04948,6.52,7.448,7.4480000000000004,10.64,40.7,0.1591,0.37,0.49,18.9933,,,,DERIVED,data/external/exploration/ngdr_registered_downloads/Western_Ukwa_CRO-23290-2016/20240724141822.249_CRO-23290-2016.xlsx; worksheet 'Table-6' row 63; worksheet 'Annexure II' row 47; worksheet 'Table-10' row 49; NGDR NUID CRO-23290-2016; downloaded/retrieved 2026-09-29; https://geodataindia.gov.in/guestuser,Matched Table-6 sample intervals to Annexure II chemistry using normalized sample ID and joined the Table-10 collar. Numeric assays were parsed from the report cells; original Mn marker is preserved. sample_interval_m is to_m minus from_m. No assays were estimated.,
UKBH-5,UKBH-5,Western Ukwa,,UKBH-05/CS/8/16-17,Ore Horizon interbanded with quartzite and carbonate material.,21.97194444,80.44694444,602.066,200.0,198.32,198.52,0.2,10.5327,10.5327,10.5327,13.6,10.283,10.282999999999999,14.69,41.05,0.3569,0.83,0.6,19.1567,,,,DERIVED,data/external/exploration/ngdr_registered_downloads/Western_Ukwa_CRO-23290-2016/20240724141822.249_CRO-23290-2016.xlsx; worksheet 'Table-6' row 64; worksheet 'Annexure II' row 48; worksheet 'Table-10' row 49; NGDR NUID CRO-23290-2016; downloaded/retrieved 2026-09-29; https://geodataindia.gov.in/guestuser,Matched Table-6 sample intervals to Annexure II chemistry using normalized sample ID and joined the Table-10 collar. Numeric assays were parsed from the report cells; original Mn marker is preserved. sample_interval_m is to_m minus from_m. No assays were estimated.,
UKBH-5,UKBH-5,Western Ukwa,,UKBH-05/CS/9/16-17,Ore Horizon interbanded with quartzite and carbonate material.,21.97194444,80.44694444,602.066,200.0,198.52,198.79,0.27,10.9818,10.9818,10.9818,14.18,10.276,10.276,14.68,39.97,0.5203,1.21,0.54,18.6527,,,,DERIVED,data/external/exploration/ngdr_registered_downloads/Western_Ukwa_CRO-23290-2016/20240724141822.249_CRO-23290-2016.xlsx; worksheet 'Table-6' row 65; worksheet 'Annexure II' row 49; worksheet 'Table-10' row 49; NGDR NUID CRO-23290-2016; downloaded/retrieved 2026-09-29; https://geodataindia.gov.in/guestuser,Matched Table-6 sample intervals to Annexure II chemistry using normalized sample ID and joined the Table-10 collar. Numeric assays were parsed from the report cells; original Mn marker is preserved. sample_interval_m is to_m minus from_m. No assays were estimated.,
UKBH-6,UKBH-06,Western Ukwa,,UKBH-06/CS/1/16-17,Ore Horizon,21.97472222,80.45138889,599.837,260.0,253.25,253.45,0.2,18.3082,18.3082,18.308199999999999,23.64,5.236,5.2359999999999998,7.48,37.79,0.5375,1.25,0.21,17.6353,,,,DERIVED,data/external/exploration/ngdr_registered_downloads/Western_Ukwa_CRO-23290-2016/20240724141822.249_CRO-23290-2016.xlsx; worksheet 'Table-6' row 67; worksheet 'Annexure II' row 50; worksheet 'Table-10' row 59; NGDR NUID CRO-23290-2016; downloaded/retrieved 2026-09-29; https://geodataindia.gov.in/guestuser,Matched Table-6 sample intervals to Annexure II chemistry using normalized sample ID and joined the Table-10 collar. Numeric assays were parsed from the report cells; original Mn marker is preserved. sample_interval_m is to_m minus from_m. No assays were estimated.,
UKBH-6,UKBH-6,Western Ukwa,,UKBH-06/CS/2/16-17,Ore Horizon,21.97472222,80.45138889,599.837,260.0,253.45,253.65,0.2,23.3732,23.3732,23.3732*,30.18,4.459,4.4589999999999996,6.37,36.55,0.4386,1.02,0.07,17.0567,,*,MARKED_AS_ORE_USED_FOR_WEIGHTED_AVERAGE,DERIVED,data/external/exploration/ngdr_registered_downloads/Western_Ukwa_CRO-23290-2016/20240724141822.249_CRO-23290-2016.xlsx; worksheet 'Table-6' row 68; worksheet 'Annexure II' row 51; worksheet 'Table-10' row 59; NGDR NUID CRO-23290-2016; downloaded/retrieved 2026-09-29; https://geodataindia.gov.in/guestuser,Matched Table-6 sample intervals to Annexure II chemistry using normalized sample ID and joined the Table-10 collar. Numeric assays were parsed from the report cells; original Mn marker is preserved. sample_interval_m is to_m minus from_m. No assays were estimated.,
UKBH-6,UKBH-6,Western Ukwa,,UKBH-06/CS/3/16-17,Ore Horizon,21.97472222,80.45138889,599.837,260.0,253.65,253.85,0.2,17.0614,17.0614,17.061399999999999,22.03,3.451,3.4510000000000001,4.93,41.95,0.4128,0.96,0.05,19.5767,,,,DERIVED,data/external/exploration/ngdr_registered_downloads/Western_Ukwa_CRO-23290-2016/20240724141822.249_CRO-23290-2016.xlsx; worksheet 'Table-6' row 69; worksheet 'Annexure II' row 52; worksheet 'Table-10' row 59; NGDR NUID CRO-23290-2016; downloaded/retrieved 2026-09-29; https://geodataindia.gov.in/guestuser,Matched Table-6 sample intervals to Annexure II chemistry using normalized sample ID and joined the Table-10 collar. Numeric assays were parsed from the report cells; original Mn marker is preserved. sample_interval_m is to_m minus from_m. No assays were estimated.,
UKBH-6,UKBH-6,Western Ukwa,,UKBH-06/CS/4/16-17,Ore Horizon with phyllite,21.97472222,80.45138889,599.837,260.0,253.85,254.05,0.2,1.13846,1.13846,1.13846,1.47,3.626,3.6259999999999999,5.18,54.82,0.1204,0.28,0.37,25.5827,,,,DERIVED,data/external/exploration/ngdr_registered_downloads/Western_Ukwa_CRO-23290-2016/20240724141822.249_CRO-23290-2016.xlsx; worksheet 'Table-6' row 70; worksheet 'Annexure II' row 53; worksheet 'Table-10' row 59; NGDR NUID CRO-23290-2016; downloaded/retrieved 2026-09-29; https://geodataindia.gov.in/guestuser,Matched Table-6 sample intervals to Annexure II chemistry using normalized sample ID and joined the Table-10 collar. Numeric assays were parsed from the report cells; original Mn marker is preserved. sample_interval_m is to_m minus from_m. No assays were estimated.,
