site,year,month,total_precip,mean_temp,max_temp,min_temp,temp_range,total_et0,max_wind,rain_days,heavy_rain_days
balaghat,2015,1,5.0,19.24516129032258,28.4,8.5,5.699999999999999,110.69,14.3,1,0
balaghat,2015,2,3.2,23.896428571428572,34.8,9.9,7.800000000000001,133.58,15.9,1,0
balaghat,2015,3,40.9,25.858064516129033,37.9,12.9,10.099999999999998,163.84,19.1,3,1
balaghat,2015,4,26.9,29.790000000000003,41.0,18.9,10.300000000000004,191.51,18.0,7,0
balaghat,2015,5,13.1,34.40967741935484,44.9,24.8,8.0,225.8,18.8,4,0
balaghat,2015,6,324.5,29.42,40.7,24.2,9.399999999999999,131.79,26.4,17,6
balaghat,2015,7,357.1,26.45483870967742,33.1,22.8,4.899999999999999,94.06,19.3,20,3
balaghat,2015,8,416.0,26.11935483870968,32.0,21.8,4.800000000000001,91.27,25.5,23,7
balaghat,2015,9,160.2,26.866666666666667,33.0,19.9,3.1999999999999993,112.61,23.9,8,3
balaghat,2015,10,6.6000000000000005,26.490322580645163,34.2,19.1,5.400000000000002,124.54,12.0,2,0
balaghat,2015,11,0.3,24.02,31.5,14.6,2.6000000000000014,109.4,10.2,0,0
balaghat,2015,12,3.1999999999999997,20.95483870967742,31.0,8.4,8.200000000000001,107.85,13.7,1,0
balaghat,2016,1,1.1,20.154838709677417,31.9,6.9,7.699999999999999,113.45,19.4,0,0
balaghat,2016,2,6.6000000000000005,24.941379310344825,34.5,11.7,7.5,132.4,14.6,1,0
balaghat,2016,3,23.5,28.074193548387097,39.6,17.3,5.800000000000001,175.84,20.9,4,0
balaghat,2016,4,6.8,33.41,42.7,21.9,5.099999999999998,217.59,18.7,2,0
balaghat,2016,5,7.199999999999999,34.34193548387096,45.0,25.4,6.4999999999999964,230.54,25.9,2,0
balaghat,2016,6,155.9,31.80666666666667,42.9,24.2,9.299999999999997,166.94,18.0,15,4
balaghat,2016,7,685.4,25.861290322580647,31.8,23.0,3.900000000000002,69.73,17.8,30,13
balaghat,2016,8,333.3,25.496774193548386,32.2,21.1,4.100000000000001,72.17,18.7,24,4
balaghat,2016,9,250.3,26.003333333333334,31.1,22.5,2.3000000000000007,81.78,14.8,26,2
balaghat,2016,10,44.2,24.480645161290322,31.5,15.2,4.0,121.65,15.5,6,0
balaghat,2016,11,0.3,21.576666666666664,30.4,11.7,4.399999999999999,118.94,12.3,0,0
balaghat,2016,12,0.0,19.496774193548386,30.0,9.4,4.0,111.63,12.1,0,0
balaghat,2017,1,1.4,20.05483870967742,30.2,9.8,6.899999999999999,121.74,19.7,0,0
balaghat,2017,2,1.9,23.860714285714288,35.1,14.1,4.100000000000001,150.07,20.5,1,0
balaghat,2017,3,0.2,27.93548387096774,41.4,16.7,8.999999999999996,202.52,23.3,0,0
balaghat,2017,4,0.30000000000000004,33.11333333333333,43.5,21.3,5.199999999999999,245.34,26.0,0,0
balaghat,2017,5,14.8,34.18709677419355,43.7,25.5,5.800000000000001,230.5,26.0,4,0
balaghat,2017,6,211.9,30.566666666666666,41.6,24.0,8.499999999999996,146.03,24.2,18,5
balaghat,2017,7,460.2,26.200000000000003,33.1,23.2,5.399999999999999,80.36,19.9,30,5
balaghat,2017,8,477.09999999999997,26.56451612903226,32.0,22.8,2.6999999999999993,96.3,18.7,25,5
balaghat,2017,9,181.8,26.783333333333335,33.2,21.8,2.8000000000000007,109.08,15.0,20,2
balaghat,2017,10,77.4,25.770967741935483,33.5,15.8,5.299999999999997,116.41,14.5,12,0
balaghat,2017,11,1.1,22.403333333333332,31.1,12.7,5.199999999999999,109.15,14.4,0,0
balaghat,2017,12,0.0,20.112903225806452,30.0,11.0,4.900000000000002,109.94,17.7,0,0
balaghat,2018,1,0.0,19.248387096774195,31.1,9.4,5.5,126.6,17.1,0,0
balaghat,2018,2,21.5,22.967857142857145,34.9,12.7,6.899999999999999,125.03,17.8,2,0
balaghat,2018,3,2.8,28.12258064516129,40.2,17.6,5.699999999999999,183.14000000000001,21.3,0,0
balaghat,2018,4,16.8,31.266666666666666,41.7,21.6,6.300000000000001,200.47,24.1,5,0
balaghat,2018,5,12.6,34.07741935483871,42.6,26.0,4.0000000000000036,224.35,20.6,6,0
balaghat,2018,6,197.0,29.82,39.5,23.8,8.200000000000003,147.74,22.1,17,4
balaghat,2018,7,534.8,26.396774193548385,31.4,22.9,2.5,86.08,24.9,31,8
balaghat,2018,8,517.1,25.94516129032258,32.5,22.9,2.8999999999999986,79.6,22.2,29,5
balaghat,2018,9,131.2,26.173333333333336,33.3,20.4,4.0,113.22,23.4,12,3
balaghat,2018,10,0.7000000000000001,26.190322580645162,35.1,17.0,4.699999999999999,136.54,20.0,0,0
balaghat,2018,11,0.4,23.003333333333334,31.8,13.2,6.0,117.02,15.6,0,0
balaghat,2018,12,29.700000000000003,18.419354838709676,28.0,6.9,7.199999999999999,96.49,17.1,3,1
balaghat,2019,1,32.6,18.61935483870968,30.1,7.4,7.300000000000001,113.99,20.7,3,1
balaghat,2019,2,4.6000000000000005,22.207142857142856,34.8,9.8,10.2,126.21,20.6,1,0
balaghat,2019,3,28.7,26.83225806451613,40.7,15.2,10.300000000000004,177.15,25.8,4,1
balaghat,2019,4,0.9,31.970000000000002,43.6,21.5,8.600000000000001,201.4,18.4,0,0
balaghat,2019,5,0.1,35.33870967741935,43.8,24.6,4.199999999999996,238.82,27.0,0,0
balaghat,2019,6,142.3,33.333333333333336,44.4,24.8,10.299999999999997,176.77,29.2,10,2
balaghat,2019,7,487.7,27.241935483870968,34.2,23.5,5.399999999999999,100.25,19.1,24,12
balaghat,2019,8,523.5,26.083870967741937,32.0,22.9,3.3999999999999986,82.57000000000001,27.5,30,9
balaghat,2019,9,566.1,25.846666666666668,31.4,22.2,2.8000000000000007,78.83,20.3,29,10
balaghat,2019,10,52.4,24.98709677419355,32.2,18.2,2.6000000000000014,103.87,14.8,11,0
balaghat,2019,11,0.30000000000000004,23.146666666666665,30.9,15.0,4.0,105.89,12.2,0,0
balaghat,2019,12,21.7,19.387096774193548,28.8,6.6,9.299999999999999,91.27,14.7,5,0
balaghat,2020,1,37.5,18.154838709677417,29.0,7.2,9.100000000000001,94.81,18.0,7,0
balaghat,2020,2,27.0,20.417241379310347,31.3,9.4,7.799999999999997,117.71,19.4,3,0
balaghat,2020,3,48.3,24.82903225806452,36.3,16.7,6.300000000000001,140.96,24.7,10,0
balaghat,2020,4,6.3999999999999995,29.69333333333333,38.8,19.7,4.300000000000001,182.54,31.1,1,0
balaghat,2020,5,0.7000000000000001,32.0258064516129,42.4,21.6,5.399999999999999,204.44,29.2,0,0
balaghat,2020,6,351.4,28.123333333333335,36.6,23.6,6.399999999999999,109.15,26.8,21,5
balaghat,2020,7,322.6,26.993548387096773,32.8,23.4,3.3000000000000007,103.88,14.5,28,6
balaghat,2020,8,726.2,26.048387096774192,31.6,23.2,4.5,78.2,27.2,29,13
balaghat,2020,9,218.79999999999998,27.02,33.2,23.1,2.799999999999997,105.77,20.1,25,4
balaghat,2020,10,67.8,26.074193548387097,33.5,18.4,3.1000000000000014,116.28,16.6,10,0
balaghat,2020,11,4.4,23.08,32.3,12.7,6.0,120.99,15.5,2,0
balaghat,2020,12,0.4,20.60967741935484,30.1,10.0,4.399999999999999,108.34,13.7,0,0
balaghat,2021,1,5.3,21.700000000000003,31.0,10.1,7.099999999999998,122.74,14.9,1,0
balaghat,2021,2,9.2,21.682142857142857,33.7,10.3,7.5,126.9,20.6,1,0
balaghat,2021,3,0.7,26.90967741935484,40.0,14.3,7.099999999999998,175.97,22.7,0,0
balaghat,2021,4,0.4,30.256666666666668,39.8,19.9,4.300000000000004,191.3,19.9,0,0
balaghat,2021,5,32.0,31.361290322580647,40.7,22.1,4.700000000000003,201.62,29.4,4,0
balaghat,2021,6,315.2,27.936666666666667,38.9,23.6,8.099999999999998,112.17,19.2,23,5
balaghat,2021,7,341.1,26.94516129032258,33.1,23.3,4.600000000000001,102.37,22.7,27,7
balaghat,2021,8,258.4,26.61935483870968,32.2,22.6,2.3000000000000007,111.83,24.3,26,4
balaghat,2021,9,369.1,26.08,31.5,22.5,3.0,91.81,21.0,29,5
balaghat,2021,10,46.4,25.87741935483871,33.8,16.9,5.399999999999999,134.61,15.0,7,0
balaghat,2021,11,22.5,23.423333333333336,31.8,12.9,6.399999999999999,108.82,15.6,4,0
balaghat,2021,12,33.1,19.483870967741936,29.5,7.9,7.899999999999999,100.17999999999999,16.4,2,1
balaghat,2022,1,13.6,17.335483870967742,27.4,7.4,6.699999999999999,94.37,15.9,5,0
balaghat,2022,2,4.7,20.77857142857143,31.9,9.3,7.699999999999999,118.71,20.0,1,0
balaghat,2022,3,0.4,27.76774193548387,40.2,16.4,7.300000000000001,184.7,21.5,0,0
balaghat,2022,4,0.0,33.17333333333333,43.2,21.9,4.800000000000004,206.87,25.0,0,0
balaghat,2022,5,7.8,34.141935483870974,43.7,23.9,7.299999999999997,218.95,26.5,1,0
balaghat,2022,6,183.6,30.916666666666668,43.9,23.2,11.100000000000001,158.89,27.9,16,4
balaghat,2022,7,602.1,25.98709677419355,31.8,23.0,2.5,94.74,18.5,31,14
balaghat,2022,8,497.3,26.10967741935484,32.0,22.0,3.5,102.53,28.5,28,9
balaghat,2022,9,305.1,25.976666666666667,33.2,21.3,4.0,100.74,21.1,25,4
balaghat,2022,10,139.20000000000002,24.103225806451615,31.8,13.9,5.600000000000001,120.46,16.8,12,3
balaghat,2022,11,0.0,21.123333333333335,31.1,11.9,4.900000000000002,121.58,14.3,0,0
balaghat,2022,12,4.6,21.241935483870968,30.6,11.8,5.300000000000001,112.68,18.7,1,0
balaghat,2023,1,1.5,20.470967741935485,30.9,8.9,8.2,116.9,20.9,1,0
balaghat,2023,2,0.0,23.17142857142857,34.9,12.3,7.0,148.87,20.9,0,0
balaghat,2023,3,18.099999999999998,26.125806451612902,36.5,16.9,6.899999999999999,165.68,18.7,4,0
balaghat,2023,4,49.5,28.44333333333333,40.4,18.7,8.899999999999999,173.43,29.6,4,1
balaghat,2023,5,25.8,30.519354838709678,41.2,19.5,10.900000000000002,204.62,23.5,5,0
balaghat,2023,6,284.40000000000003,32.07666666666667,41.6,23.5,9.600000000000001,186.11,24.3,10,4
balaghat,2023,7,544.3,27.138709677419353,33.9,23.6,4.100000000000001,110.83,17.0,29,12
balaghat,2023,8,375.8,26.848387096774193,32.7,21.8,3.700000000000003,121.77,21.5,19,6
balaghat,2023,9,332.6,26.473333333333336,34.5,22.4,3.5,101.14,36.7,24,6
balaghat,2023,10,1.2,25.574193548387097,34.5,16.1,4.5,146.92,23.1,0,0
balaghat,2023,11,21.9,22.753333333333334,32.4,15.3,5.699999999999999,108.59,12.8,3,0
balaghat,2023,12,16.2,19.700000000000003,30.4,11.0,6.399999999999999,95.71,15.5,3,0
balaghat,2024,1,21.2,20.183870967741935,29.7,8.6,6.0,103.6,20.5,7,0
balaghat,2024,2,37.5,22.841379310344827,33.3,12.0,5.699999999999999,127.11,23.7,5,0
balaghat,2024,3,39.2,26.76451612903226,39.8,15.8,10.0,178.1,22.5,2,1
balaghat,2024,4,49.800000000000004,29.743333333333332,40.9,19.5,7.699999999999996,187.54,25.7,9,0
balaghat,2024,5,46.3,31.970967741935482,44.2,19.2,7.699999999999999,198.52,23.7,6,0
balaghat,2024,6,225.7,30.583333333333332,42.7,23.6,9.5,151.82999999999998,23.7,17,3
balaghat,2024,7,674.1,26.661290322580644,32.1,23.4,2.3000000000000007,93.22,19.1,31,14
balaghat,2024,8,485.3,25.929032258064513,32.1,22.9,3.5,85.56,21.8,28,12
balaghat,2024,9,357.9,26.41,33.0,21.7,3.6000000000000014,99.45,23.8,24,3
balaghat,2024,10,37.5,26.287096774193547,34.0,18.5,3.3999999999999986,122.97,18.1,10,0
balaghat,2024,11,0.0,22.09333333333333,32.7,12.7,6.399999999999999,111.74,11.8,0,0
balaghat,2024,12,4.7,20.596774193548388,30.0,8.2,7.700000000000003,104.05,18.0,2,0
balaghat,2025,1,0.5,19.664516129032258,31.6,8.4,8.7,115.54,16.8,0,0
balaghat,2025,2,0.0,24.707142857142856,34.8,13.8,4.600000000000001,144.79,17.8,0,0
balaghat,2025,3,0.1,28.593548387096774,40.2,15.2,8.400000000000002,203.92,23.5,0,0
balaghat,2025,4,2.5,31.766666666666666,43.3,20.3,7.399999999999999,204.23,25.9,1,0
balaghat,2025,5,32.199999999999996,31.029032258064515,40.1,22.2,5.300000000000001,180.26,24.3,8,0
balaghat,2025,6,248.8,29.38,42.0,23.4,8.2,141.3,22.1,15,4
balaghat,2025,7,694.8,26.238709677419354,33.1,22.8,3.900000000000002,86.51,21.3,29,11
balaghat,2025,8,355.4,26.596774193548388,32.9,23.1,3.6999999999999993,113.6,19.5,27,8
balaghat,2025,9,296.4,26.44333333333333,32.8,22.6,2.6999999999999993,109.15,19.9,24,5
balaghat,2025,10,99.2,25.429032258064513,32.1,18.0,2.6999999999999993,109.39,19.2,14,0
balaghat,2025,11,1.4,20.926666666666666,30.3,11.4,7.199999999999999,113.41,14.3,0,0
balaghat,2025,12,0.0,18.216129032258067,28.6,8.9,2.6999999999999993,114.14,15.9,0,0
balaghat,2026,1,0.0,19.80322580645161,30.6,8.5,6.0,117.24,15.9,0,0
balaghat,2026,2,0.0,23.474999999999998,33.8,13.4,5.5,135.4,23.9,0,0
balaghat,2026,3,2.3,28.567741935483873,39.1,17.3,6.900000000000002,200.6,20.4,1,0
balaghat,2026,4,0.0,31.223333333333336,42.6,19.0,6.5,202.68,27.8,0,0
balaghat,2026,5,7.4,33.538709677419355,43.8,22.1,7.600000000000001,224.17000000000002,38.1,2,0
balaghat,2026,6,81.9,31.683333333333334,40.3,23.7,8.100000000000001,181.32,28.9,13,1
balaghat,2026,7,465.3,27.02258064516129,34.0,23.5,5.399999999999999,106.17,30.4,28,8
balaghat,2026,8,441.4,26.261290322580646,32.0,23.5,3.8000000000000007,90.28,20.3,30,8
balaghat,2026,9,177.6,26.347826086956523,32.1,22.6,3.8000000000000007,83.92,19.8,18,3
bhandara,2015,1,8.2,20.551612903225806,29.2,10.4,5.0,116.61,15.6,1,0
bhandara,2015,2,1.3,24.739285714285717,34.5,13.8,6.5,136.08,16.3,1,0
bhandara,2015,3,43.0,26.870967741935484,37.9,15.4,9.600000000000001,168.0,16.2,3,0
bhandara,2015,4,61.199999999999996,29.976666666666667,40.7,19.3,10.599999999999998,194.95,24.9,5,0
bhandara,2015,5,20.6,34.480645161290326,44.9,24.6,9.200000000000003,229.26,16.6,5,0
bhandara,2015,6,265.1,29.98,40.4,24.2,9.7,140.6,26.9,14,5
bhandara,2015,7,272.7,27.203225806451613,33.2,23.7,4.699999999999999,106.16,21.3,16,3
bhandara,2015,8,458.2,26.55806451612903,32.1,22.6,4.900000000000002,95.28,28.5,21,6
bhandara,2015,9,163.29999999999998,27.34333333333333,33.2,20.5,4.099999999999998,118.53999999999999,27.9,12,1
bhandara,2015,10,12.4,27.603225806451615,34.3,21.0,4.0,134.92,13.4,4,0
bhandara,2015,11,0.4,25.43,31.8,17.6,3.0,121.32,14.2,0,0
bhandara,2015,12,2.4000000000000004,22.580645161290324,30.7,12.4,7.899999999999999,116.26,15.9,1,0
bhandara,2016,1,1.0,21.5258064516129,32.3,9.1,6.800000000000001,119.1,19.2,0,0
bhandara,2016,2,4.7,25.920689655172417,35.0,15.6,6.300000000000001,137.76,16.6,2,0
bhandara,2016,3,29.5,28.483870967741936,38.3,20.0,5.399999999999999,177.52,17.8,3,0
bhandara,2016,4,7.7,33.986666666666665,42.7,22.8,5.099999999999998,221.26,17.8,3,0
bhandara,2016,5,7.9,35.251612903225805,45.0,25.5,6.700000000000003,243.87,22.7,2,0
bhandara,2016,6,178.6,32.32333333333334,42.4,25.0,10.7,172.98,19.8,15,2
bhandara,2016,7,656.1,26.23225806451613,32.2,23.8,4.0,75.69,23.0,29,11
bhandara,2016,8,311.0,26.238709677419354,32.4,22.3,3.6000000000000014,84.27,21.9,23,5
bhandara,2016,9,289.3,26.496666666666666,31.2,23.0,2.3000000000000007,86.78,16.3,24,5
bhandara,2016,10,58.9,25.38064516129032,32.0,17.0,3.400000000000002,125.52,13.7,8,1
bhandara,2016,11,0.0,22.69,30.9,13.7,4.200000000000003,123.27,12.9,0,0
bhandara,2016,12,0.0,20.75483870967742,29.8,11.9,3.599999999999998,117.86,14.6,0,0
bhandara,2017,1,0.7,20.616129032258065,30.3,11.2,6.399999999999999,120.12,17.6,0,0
bhandara,2017,2,2.0,24.34642857142857,34.6,14.8,3.6999999999999993,145.29,18.0,1,0
bhandara,2017,3,15.3,27.9,40.8,17.0,9.3,199.65,24.0,1,0
bhandara,2017,4,0.2,33.45,43.8,22.5,4.399999999999999,244.04,26.3,0,0
bhandara,2017,5,21.2,35.41935483870968,44.3,25.1,5.399999999999999,248.21,24.5,8,0
bhandara,2017,6,127.5,31.396666666666665,41.6,25.2,8.099999999999998,161.18,21.6,20,2
bhandara,2017,7,268.3,27.009677419354837,34.1,23.8,5.300000000000001,100.36,24.7,25,2
bhandara,2017,8,289.5,27.009677419354837,32.0,23.2,3.1000000000000014,106.72,20.4,23,2
bhandara,2017,9,218.2,27.32,33.5,22.5,3.1000000000000014,111.31,15.2,20,3
bhandara,2017,10,71.8,26.35483870967742,34.5,17.8,4.5,118.47,13.8,10,0
bhandara,2017,11,0.39999999999999997,23.446666666666665,31.2,14.7,4.199999999999999,114.23,13.1,0,0
bhandara,2017,12,0.0,21.258064516129032,30.6,12.6,4.699999999999999,117.23,15.9,0,0
bhandara,2018,1,0.0,20.570967741935487,32.7,12.1,4.900000000000002,125.91,13.4,0,0
bhandara,2018,2,15.9,24.15357142857143,35.8,13.8,6.899999999999999,127.61,17.6,3,0
bhandara,2018,3,2.4,28.906451612903226,40.6,18.3,7.399999999999999,182.09,21.3,0,0
bhandara,2018,4,24.8,32.37,43.1,21.7,6.600000000000001,213.94,24.3,7,0
bhandara,2018,5,7.8,35.84193548387096,44.5,26.2,5.299999999999997,256.02,30.6,3,0
bhandara,2018,6,207.4,30.38,41.3,23.7,9.799999999999997,160.37,24.3,20,3
bhandara,2018,7,484.8,26.774193548387096,32.2,23.6,3.400000000000002,98.99,23.0,28,7
bhandara,2018,8,438.1,26.448387096774194,31.4,23.3,3.700000000000003,96.77,24.4,22,9
bhandara,2018,9,110.0,26.69333333333333,33.7,21.6,4.0,120.29,28.9,9,2
bhandara,2018,10,0.6,26.625806451612902,34.8,18.0,4.400000000000002,139.73,18.9,0,0
bhandara,2018,11,1.0,23.796666666666667,32.1,14.3,5.699999999999999,116.08,13.7,0,0
bhandara,2018,12,23.6,19.4,28.7,9.0,7.199999999999999,99.62,17.2,3,0
bhandara,2019,1,32.8,19.219354838709677,30.0,8.4,7.1,112.23,20.0,3,0
bhandara,2019,2,0.8999999999999999,22.75,34.4,11.6,9.899999999999999,127.51,22.2,0,0
bhandara,2019,3,13.2,27.58709677419355,39.7,16.8,9.900000000000002,180.63,22.3,2,0
bhandara,2019,4,3.5999999999999996,32.74333333333333,43.8,23.0,7.399999999999999,209.86,25.0,1,0
bhandara,2019,5,0.0,36.65483870967742,44.8,25.9,4.099999999999994,252.15,24.4,0,0
bhandara,2019,6,126.6,34.443333333333335,44.3,25.3,11.100000000000001,203.86,25.6,8,2
bhandara,2019,7,475.6,28.11935483870968,36.4,23.6,7.0,120.1,27.8,21,9
bhandara,2019,8,418.2,26.55483870967742,32.2,23.5,3.700000000000003,97.69,29.5,26,7
bhandara,2019,9,378.6,26.36,31.1,23.5,2.0,88.13,24.5,29,6
bhandara,2019,10,54.1,25.864516129032257,32.1,20.6,2.299999999999997,109.85,16.2,8,1
bhandara,2019,11,1.9,24.173333333333336,31.7,16.8,3.8999999999999986,109.63,14.1,1,0
bhandara,2019,12,19.6,20.74516129032258,29.7,8.5,7.899999999999999,98.27,16.3,4,0
bhandara,2020,1,52.1,19.51290322580645,30.3,9.3,9.399999999999999,98.13,17.5,5,1
bhandara,2020,2,16.9,21.544827586206896,32.0,11.8,7.299999999999997,118.06,15.5,3,0
bhandara,2020,3,64.8,26.11935483870968,37.5,17.2,5.800000000000001,147.13,28.6,6,1
bhandara,2020,4,1.0,31.196666666666665,40.4,21.1,4.600000000000001,195.0,21.7,0,0
bhandara,2020,5,1.5,34.119354838709675,44.5,24.8,5.699999999999996,222.62,28.8,0,0
bhandara,2020,6,184.4,29.063333333333333,38.0,23.9,6.600000000000001,129.84,31.3,21,2
bhandara,2020,7,287.5,27.67096774193548,33.4,24.0,3.5,115.41,16.6,26,2
bhandara,2020,8,689.4,26.38064516129032,32.6,23.6,4.399999999999999,85.02,29.2,26,10
bhandara,2020,9,229.1,27.423333333333336,33.1,23.4,2.6999999999999993,108.31,21.4,28,3
bhandara,2020,10,79.9,26.448387096774194,33.9,19.0,3.5,114.94,22.4,11,1
bhandara,2020,11,2.6999999999999997,23.14,32.2,14.1,5.400000000000002,121.2,16.9,1,0
bhandara,2020,12,0.0,21.061290322580643,30.1,11.4,5.099999999999998,109.47,15.0,0,0
bhandara,2021,1,0.7,22.370967741935484,31.6,12.5,5.899999999999999,120.62,17.1,0,0
bhandara,2021,2,4.1,22.814285714285713,35.2,12.7,7.0,128.49,17.8,2,0
bhandara,2021,3,0.6,27.816129032258065,40.1,15.9,7.400000000000002,182.28,22.9,0,0
bhandara,2021,4,0.3,31.373333333333335,40.9,20.9,4.699999999999999,196.0,22.7,0,0
bhandara,2021,5,12.3,32.693548387096776,41.3,24.3,5.199999999999999,213.97,24.5,3,0
bhandara,2021,6,218.8,28.509999999999998,39.0,24.1,7.800000000000001,124.45,22.0,22,3
bhandara,2021,7,356.8,27.451612903225808,34.3,23.9,4.900000000000002,112.78999999999999,28.9,23,6
bhandara,2021,8,269.8,27.219354838709677,32.9,23.8,3.099999999999998,124.68,27.6,21,5
bhandara,2021,9,343.3,26.41,31.5,23.2,2.1999999999999993,93.08,24.1,28,4
bhandara,2021,10,55.5,25.980645161290322,33.5,17.4,5.5,130.83,15.5,8,0
bhandara,2021,11,18.6,24.256666666666668,31.5,15.3,5.299999999999997,115.36,15.8,5,0
bhandara,2021,12,29.400000000000002,20.58709677419355,29.7,9.7,7.300000000000001,106.62,15.2,2,1
bhandara,2022,1,23.3,18.83225806451613,28.9,9.7,5.299999999999997,99.92,20.0,5,0
bhandara,2022,2,6.8,22.042857142857144,32.9,10.7,7.600000000000001,124.35000000000001,20.1,2,0
bhandara,2022,3,0.0,28.81935483870968,40.8,17.7,6.099999999999998,188.03,25.0,0,0
bhandara,2022,4,0.1,34.20333333333333,44.7,22.8,4.399999999999999,222.37,24.0,0,0
bhandara,2022,5,4.5,35.04516129032258,44.0,26.2,7.0000000000000036,240.26,28.8,2,0
bhandara,2022,6,141.9,31.740000000000002,44.7,23.4,11.699999999999996,169.23,22.4,14,3
bhandara,2022,7,792.6,26.212903225806453,32.7,23.3,3.200000000000003,90.16,21.7,31,14
bhandara,2022,8,479.4,26.68064516129032,32.3,23.2,4.5,112.9,30.1,24,8
bhandara,2022,9,277.9,26.633333333333333,32.5,22.4,3.3000000000000007,110.19,24.2,23,5
bhandara,2022,10,138.4,24.783870967741933,32.9,15.8,5.5,120.67,17.9,13,1
bhandara,2022,11,0.0,21.603333333333335,31.0,12.8,5.0,119.4,13.8,0,0
bhandara,2022,12,10.1,22.151612903225807,30.8,13.7,6.299999999999997,114.03,17.4,2,0
bhandara,2023,1,1.7999999999999998,21.261290322580646,30.9,11.2,7.300000000000001,115.77,16.6,1,0
bhandara,2023,2,0.0,23.735714285714288,35.5,12.4,6.199999999999999,143.33,17.5,0,0
bhandara,2023,3,10.9,26.76774193548387,37.4,17.1,8.200000000000003,170.42000000000002,27.7,4,0
bhandara,2023,4,68.3,29.14,40.8,20.7,9.400000000000002,172.6,28.1,7,1
bhandara,2023,5,44.6,31.838709677419356,42.6,20.3,11.600000000000001,212.34,23.6,3,1
bhandara,2023,6,139.3,32.87,44.2,24.7,10.5,201.92,28.7,10,2
bhandara,2023,7,620.0,27.53548387096774,34.2,23.8,4.199999999999999,111.73,22.3,28,16
bhandara,2023,8,240.6,27.351612903225806,33.0,22.2,3.6000000000000014,135.64,26.1,16,5
bhandara,2023,9,385.7,26.803333333333335,34.3,23.1,3.599999999999998,101.28,34.7,24,8
bhandara,2023,10,6.3999999999999995,26.316129032258065,35.0,16.5,4.799999999999997,148.51,18.8,1,0
bhandara,2023,11,14.6,23.916666666666668,32.4,16.6,4.400000000000002,118.22,12.4,4,0
bhandara,2023,12,11.7,20.89032258064516,31.2,12.6,7.100000000000001,102.84,19.2,3,0
bhandara,2024,1,13.5,21.42258064516129,29.9,11.5,6.0,109.15,16.8,4,0
bhandara,2024,2,44.9,23.586206896551722,33.2,14.9,5.0,129.89,20.8,6,0
bhandara,2024,3,17.2,27.529032258064515,39.3,15.3,8.599999999999998,179.17,25.8,4,0
bhandara,2024,4,12.3,30.576666666666664,41.5,21.5,7.900000000000002,190.31,30.6,4,0
bhandara,2024,5,10.3,33.10645161290322,45.1,21.8,8.200000000000003,216.4,29.0,3,0
bhandara,2024,6,223.1,31.133333333333333,43.5,24.7,9.7,161.5,31.6,21,4
bhandara,2024,7,605.4,27.01290322580645,32.7,23.9,2.6000000000000014,98.72,25.6,31,11
bhandara,2024,8,386.4,26.467741935483872,32.0,23.3,3.1000000000000014,92.8,23.3,27,7
bhandara,2024,9,354.0,26.89333333333333,32.5,22.4,2.8000000000000007,107.05,23.7,22,8
bhandara,2024,10,52.2,27.316129032258065,34.7,20.7,3.3999999999999986,130.72,18.3,7,0
bhandara,2024,11,0.0,22.863333333333333,34.1,13.5,7.599999999999998,118.47,14.3,0,0
bhandara,2024,12,5.8,21.651612903225807,30.5,9.9,7.900000000000002,107.31,20.7,1,0
bhandara,2025,1,0.2,20.822580645161292,32.2,10.6,8.2,117.86,15.5,0,0
bhandara,2025,2,0.0,25.571428571428573,35.3,15.2,3.8999999999999986,146.25,19.5,0,0
bhandara,2025,3,0.2,29.4,40.8,16.1,8.200000000000003,201.60999999999999,23.7,0,0
bhandara,2025,4,2.5,32.59,43.9,22.2,7.600000000000001,214.29,24.2,1,0
bhandara,2025,5,74.8,31.46451612903226,40.2,22.5,5.800000000000001,185.54,25.7,9,0
bhandara,2025,6,157.9,30.236666666666668,42.1,23.8,9.099999999999998,165.35,25.7,14,3
bhandara,2025,7,624.9,26.887096774193548,33.4,23.0,4.799999999999997,101.55,26.1,28,12
bhandara,2025,8,316.4,27.10967741935484,32.7,23.5,3.3000000000000007,118.02,24.1,25,4
bhandara,2025,9,297.4,26.75,33.1,22.7,3.1999999999999993,109.21,20.8,23,3
bhandara,2025,10,124.0,26.029032258064515,32.1,19.7,3.099999999999998,115.33,26.1,13,2
bhandara,2025,11,1.5,21.566666666666666,30.9,12.8,7.300000000000001,112.35,15.6,0,0
bhandara,2025,12,0.0,18.664516129032258,28.1,10.2,2.5,110.96,16.9,0,0
bhandara,2026,1,0.0,20.45483870967742,30.2,10.8,5.400000000000002,116.13,16.2,0,0
bhandara,2026,2,1.0,24.02857142857143,33.8,14.7,5.600000000000001,129.54,16.4,0,0
bhandara,2026,3,7.5,29.093548387096774,39.6,18.6,6.200000000000003,194.35,25.8,1,0
bhandara,2026,4,1.4000000000000001,32.666666666666664,43.8,21.7,7.5000000000000036,216.08,26.4,1,0
bhandara,2026,5,2.5,34.84838709677419,44.4,23.9,7.599999999999998,242.35999999999999,41.7,1,0
bhandara,2026,6,110.6,32.39,41.7,24.9,7.799999999999997,189.2,23.5,17,0
bhandara,2026,7,458.0,27.60967741935484,34.3,23.5,5.399999999999999,115.07,26.7,26,7
bhandara,2026,8,313.2,27.02258064516129,32.6,23.1,4.099999999999998,113.51,25.0,24,7
bhandara,2026,9,128.7,26.921739130434784,32.2,22.8,3.599999999999998,92.6,25.9,14,2
nagpur,2015,1,20.3,19.990322580645163,29.1,9.8,6.0,111.07,14.8,3,0
nagpur,2015,2,6.9,24.392857142857142,34.4,13.2,6.799999999999997,136.99,13.9,3,0
nagpur,2015,3,75.9,26.164516129032258,37.4,14.1,10.599999999999998,162.19,14.4,6,2
nagpur,2015,4,53.3,30.05,42.2,18.8,11.699999999999996,196.67,18.2,6,0
nagpur,2015,5,14.8,34.858064516129026,44.7,24.7,9.499999999999996,243.6,22.6,4,0
nagpur,2015,6,224.0,30.043333333333333,41.8,24.1,10.3,144.63,27.8,14,5
nagpur,2015,7,183.1,27.27741935483871,33.4,23.6,4.799999999999997,114.35,25.6,14,2
nagpur,2015,8,358.6,26.348387096774193,31.9,22.3,4.800000000000001,94.08,27.4,21,5
nagpur,2015,9,108.7,27.07,32.8,20.0,3.900000000000002,121.01,28.6,8,1
nagpur,2015,10,4.1,27.406451612903226,34.5,20.5,4.199999999999999,134.99,13.6,1,0
nagpur,2015,11,0.2,25.34333333333333,32.0,17.1,3.099999999999998,123.34,15.2,0,0
nagpur,2015,12,1.0999999999999999,22.43548387096774,31.0,12.0,7.800000000000001,118.3,14.3,0,0
nagpur,2016,1,0.5,21.351612903225806,32.7,9.0,7.100000000000001,120.95,19.1,0,0
nagpur,2016,2,5.3,25.486206896551725,34.8,15.1,6.099999999999998,139.57,13.4,2,0
nagpur,2016,3,14.5,28.712903225806453,38.8,19.9,5.5,181.08,18.7,4,0
nagpur,2016,4,2.4,34.36333333333334,43.5,21.9,5.300000000000001,221.79,20.5,0,0
nagpur,2016,5,6.1,34.961290322580645,43.8,24.6,7.299999999999997,243.28,23.8,2,0
nagpur,2016,6,186.5,32.17666666666666,42.5,24.7,11.100000000000001,175.13,20.6,12,3
nagpur,2016,7,720.9,26.0,31.7,23.5,3.700000000000003,75.25,24.2,28,10
nagpur,2016,8,265.4,26.048387096774192,31.7,21.9,3.400000000000002,87.28,23.6,21,3
nagpur,2016,9,193.4,26.44,30.8,22.5,2.3000000000000007,95.36,19.0,19,3
nagpur,2016,10,38.0,25.241935483870968,32.4,17.1,3.6999999999999993,125.57,14.8,8,0
nagpur,2016,11,0.0,22.34333333333333,31.0,13.2,3.900000000000002,122.91,12.9,0,0
nagpur,2016,12,0.0,20.403225806451612,29.4,11.0,3.900000000000002,115.66,13.0,0,0
nagpur,2017,1,1.8,20.616129032258065,31.1,10.5,7.0,123.18,16.5,1,0
nagpur,2017,2,0.1,24.814285714285713,35.8,15.3,4.399999999999999,148.35,17.1,0,0
nagpur,2017,3,1.9000000000000001,28.729032258064517,41.8,17.3,8.799999999999997,208.05,23.1,1,0
nagpur,2017,4,0.4,34.10333333333333,44.1,22.4,5.199999999999999,260.75,25.2,0,0
nagpur,2017,5,12.6,35.67741935483871,44.6,25.7,5.199999999999996,258.89,28.0,4,0
nagpur,2017,6,127.0,31.386666666666667,41.5,25.1,8.399999999999999,169.74,22.7,19,1
nagpur,2017,7,261.8,27.019354838709678,34.3,23.7,5.699999999999999,105.52,26.0,23,3
nagpur,2017,8,279.5,26.858064516129033,31.9,23.8,3.6999999999999993,106.41,19.7,22,6
nagpur,2017,9,173.0,27.08,33.0,22.3,2.900000000000002,113.94,14.3,17,2
nagpur,2017,10,76.3,25.993548387096773,33.9,17.5,4.199999999999999,121.96000000000001,14.6,12,0
nagpur,2017,11,0.6000000000000001,23.116666666666667,30.6,13.2,4.300000000000001,114.01,12.6,0,0
nagpur,2017,12,0.0,21.01290322580645,30.2,11.2,4.5,113.48,14.4,0,0
nagpur,2018,1,0.0,20.229032258064517,31.9,11.1,4.800000000000001,121.67,15.8,0,0
nagpur,2018,2,23.7,23.224999999999998,34.6,13.0,6.5,121.35,18.2,3,0
nagpur,2018,3,5.0,28.461290322580645,40.1,17.6,7.899999999999999,178.24,20.0,1,0
nagpur,2018,4,11.6,32.17333333333333,42.8,22.3,7.0,210.86,29.1,4,0
nagpur,2018,5,2.0,35.96774193548387,44.1,26.2,5.5,254.77,25.9,0,0
nagpur,2018,6,164.3,30.33,41.7,23.7,9.8,162.91,22.1,18,3
nagpur,2018,7,404.9,26.719354838709677,32.1,23.6,3.3999999999999986,102.02,25.1,29,5
nagpur,2018,8,389.6,26.309677419354838,31.9,22.9,4.0,99.88,26.9,24,6
nagpur,2018,9,132.2,26.423333333333336,32.9,21.2,4.0,124.61,32.1,9,1
nagpur,2018,10,0.3,26.44516129032258,34.5,17.8,3.8000000000000007,144.2,19.5,0,0
nagpur,2018,11,1.3,23.816666666666666,32.4,13.9,6.099999999999998,119.28,15.0,0,0
nagpur,2018,12,19.099999999999998,19.41290322580645,28.8,8.6,7.400000000000002,102.27,15.3,3,0
nagpur,2019,1,23.9,19.229032258064517,30.2,8.2,7.999999999999998,114.54,17.9,3,0
nagpur,2019,2,1.4000000000000001,23.317857142857143,35.7,10.8,10.900000000000002,137.3,24.9,0,0
nagpur,2019,3,6.2,28.23225806451613,40.5,17.0,10.0,188.56,24.3,3,0
nagpur,2019,4,1.4,33.47,44.4,22.9,9.0,213.0,31.7,0,0
nagpur,2019,5,0.0,36.79354838709677,45.4,27.2,4.200000000000003,268.13,26.3,0,0
nagpur,2019,6,73.7,34.63666666666666,45.3,24.6,12.2,210.59,25.3,6,1
nagpur,2019,7,512.1,28.061290322580643,35.6,23.5,6.699999999999999,125.35,28.1,19,8
nagpur,2019,8,418.9,26.33225806451613,31.9,23.2,3.599999999999998,98.37,27.2,28,7
nagpur,2019,9,356.5,26.05666666666667,30.6,22.9,1.6999999999999993,84.81,22.9,30,7
nagpur,2019,10,45.6,25.725806451612904,31.9,19.8,2.3999999999999986,112.39999999999999,13.8,10,0
nagpur,2019,11,3.8,24.0,31.8,16.3,3.900000000000002,111.08,12.5,1,0
nagpur,2019,12,28.5,20.47741935483871,29.6,7.7,7.999999999999998,96.1,15.2,5,0
nagpur,2020,1,50.800000000000004,19.296774193548387,30.1,8.9,9.1,95.0,16.4,5,1
nagpur,2020,2,11.6,21.686206896551724,32.7,11.7,7.800000000000001,120.54,18.0,3,0
nagpur,2020,3,14.1,26.687096774193545,37.7,17.8,5.599999999999998,159.09,21.0,5,0
nagpur,2020,4,0.5,32.13,41.0,22.5,4.600000000000001,205.35999999999999,27.6,0,0
nagpur,2020,5,0.30000000000000004,35.00967741935484,44.8,25.3,5.399999999999999,241.02,26.3,0,0
nagpur,2020,6,238.8,28.826666666666664,37.4,23.4,5.800000000000001,129.09,31.3,20,3
nagpur,2020,7,294.0,27.51290322580645,33.0,23.7,3.3999999999999986,116.82,18.1,28,3
nagpur,2020,8,691.6,26.20967741935484,32.3,23.0,4.300000000000001,87.94,28.7,27,9
nagpur,2020,9,278.6,27.19333333333333,32.4,23.3,2.3000000000000007,112.01,21.7,25,4
nagpur,2020,10,82.6,26.312903225806455,33.4,18.7,3.200000000000003,120.96,23.0,10,0
nagpur,2020,11,1.4000000000000001,23.220000000000002,32.3,13.8,5.700000000000003,122.78,17.7,0,0
nagpur,2020,12,0.3,21.241935483870968,30.3,10.7,5.399999999999999,112.44,14.2,0,0
nagpur,2021,1,1.1,22.64516129032258,31.9,12.1,5.399999999999999,119.97,15.5,0,0
nagpur,2021,2,2.7,23.135714285714283,35.8,11.8,7.399999999999999,134.32999999999998,17.4,2,0
nagpur,2021,3,0.3,28.216129032258067,40.5,17.1,7.0,185.24,21.5,0,0
nagpur,2021,4,0.9,31.853333333333335,41.8,21.5,5.0,206.18,19.4,0,0
nagpur,2021,5,12.1,32.76129032258065,41.0,23.8,3.900000000000002,217.10999999999999,26.8,4,0
nagpur,2021,6,175.3,28.583333333333332,38.1,24.0,6.800000000000001,129.1,21.9,22,1
nagpur,2021,7,431.3,27.280645161290323,34.6,23.7,5.399999999999999,115.14999999999999,28.8,21,6
nagpur,2021,8,203.9,26.938709677419357,32.2,23.4,2.6000000000000014,124.1,26.6,19,4
nagpur,2021,9,312.2,26.176666666666666,31.2,22.4,2.0,96.05,29.7,27,3
nagpur,2021,10,55.4,25.648387096774194,32.8,16.1,5.5,131.55,16.7,9,0
nagpur,2021,11,16.2,24.176666666666666,32.0,14.5,5.699999999999999,117.74,15.1,3,0
nagpur,2021,12,11.600000000000001,20.738709677419354,29.7,9.0,6.900000000000002,108.48,18.6,2,0
nagpur,2022,1,28.299999999999997,18.903225806451612,29.2,9.1,5.599999999999998,102.62,21.6,5,0
nagpur,2022,2,1.7000000000000002,22.460714285714285,33.4,9.8,8.7,129.59,18.6,0,0
nagpur,2022,3,0.5,29.287096774193547,41.0,18.3,6.700000000000003,200.07,23.7,0,0
nagpur,2022,4,0.0,34.4,45.5,23.5,5.0,225.78,26.7,0,0
nagpur,2022,5,0.0,35.377419354838715,44.1,26.1,6.400000000000002,244.21,27.1,0,0
nagpur,2022,6,213.4,31.613333333333333,44.9,23.2,12.199999999999996,177.3,25.3,19,3
nagpur,2022,7,867.8,26.016129032258064,31.4,23.0,3.3000000000000007,86.22,22.9,31,15
nagpur,2022,8,445.9,26.54516129032258,32.1,22.8,4.5,118.17,31.7,21,7
nagpur,2022,9,260.6,26.48,32.1,22.1,3.1999999999999993,112.87,25.7,23,4
nagpur,2022,10,178.2,24.516129032258064,32.4,15.5,5.300000000000001,122.04,18.7,13,3
nagpur,2022,11,0.0,21.553333333333335,31.4,12.0,5.299999999999997,117.69,11.8,0,0
nagpur,2022,12,1.3,22.161290322580644,31.0,13.2,6.199999999999999,113.4,20.2,0,0
nagpur,2023,1,0.7000000000000001,21.40967741935484,30.7,10.3,6.5,118.29,13.5,0,0
nagpur,2023,2,0.0,23.92142857142857,35.6,11.8,6.399999999999999,147.43,16.3,0,0
nagpur,2023,3,31.200000000000003,26.932258064516127,38.1,16.9,8.100000000000001,175.21,23.5,5,0
nagpur,2023,4,111.80000000000001,29.65,41.7,20.3,10.7,184.04999999999998,25.1,9,1
nagpur,2023,5,51.199999999999996,32.122580645161285,43.8,19.0,12.5,225.9,26.5,6,1
nagpur,2023,6,91.2,32.93,42.7,24.6,10.2,205.97,25.7,7,3
nagpur,2023,7,559.7,27.35483870967742,34.5,23.6,4.199999999999999,110.76,21.3,30,12
nagpur,2023,8,193.0,27.229032258064517,33.1,22.1,3.799999999999997,137.38,25.3,16,4
nagpur,2023,9,319.8,26.759999999999998,34.3,22.7,3.8999999999999986,107.3,32.5,21,4
nagpur,2023,10,6.5,26.40967741935484,34.6,17.2,4.299999999999997,152.31,19.1,1,0
nagpur,2023,11,19.9,24.096666666666668,33.0,16.8,4.599999999999998,123.45,13.8,4,0
nagpur,2023,12,6.199999999999999,20.90967741935484,30.2,11.7,6.700000000000003,103.36,20.2,3,0
nagpur,2024,1,12.1,21.335483870967742,29.9,10.7,6.099999999999998,110.5,15.6,4,0
nagpur,2024,2,17.5,23.641379310344828,33.6,14.6,5.199999999999999,129.62,26.6,4,0
nagpur,2024,3,12.2,28.048387096774192,40.1,16.0,9.599999999999998,187.16,27.6,4,0
nagpur,2024,4,26.599999999999998,31.373333333333335,42.1,20.5,8.0,200.8,25.5,5,0
nagpur,2024,5,47.9,34.10967741935484,45.5,23.4,8.0,234.41,29.5,8,0
nagpur,2024,6,178.1,31.223333333333336,44.0,24.2,10.400000000000002,168.62,27.5,23,3
nagpur,2024,7,613.5,26.92258064516129,32.9,23.5,2.3000000000000007,100.7,23.5,30,11
nagpur,2024,8,398.90000000000003,26.316129032258065,31.5,22.7,3.1000000000000014,95.82000000000001,23.3,26,7
nagpur,2024,9,308.3,26.723333333333336,32.3,22.4,2.5,112.08,23.8,22,4
nagpur,2024,10,64.8,26.97741935483871,34.4,20.4,3.1999999999999993,132.2,17.3,7,0
nagpur,2024,11,0.0,23.936666666666667,33.8,15.5,5.300000000000001,122.55,13.1,0,0
nagpur,2024,12,7.2,22.893548387096775,32.2,12.3,7.600000000000001,113.02,13.9,3,0
nagpur,2025,1,0.0,22.62258064516129,33.4,12.5,8.100000000000001,122.03,14.1,0,0
nagpur,2025,2,0.0,27.160714285714285,35.9,17.5,3.900000000000002,150.15,17.1,0,0
nagpur,2025,3,0.0,31.0258064516129,41.2,18.1,8.700000000000003,207.45,21.2,0,0
nagpur,2025,4,11.200000000000001,33.87,44.0,23.2,7.800000000000004,211.91,24.4,2,0
nagpur,2025,5,56.1,31.506451612903227,41.9,24.5,6.599999999999998,180.87,22.5,9,0
nagpur,2025,6,177.9,30.34,42.9,23.8,10.899999999999999,161.62,24.0,16,2
nagpur,2025,7,474.8,26.64516129032258,33.2,22.9,4.5,100.12,24.7,27,7
nagpur,2025,8,297.9,27.11935483870968,34.5,23.3,4.399999999999999,119.22,21.5,22,5
nagpur,2025,9,254.8,26.956666666666667,34.2,23.0,3.1999999999999993,114.31,18.3,27,2
nagpur,2025,10,92.8,27.03548387096774,33.2,21.7,4.300000000000001,128.36,21.1,12,1
nagpur,2025,11,2.0,23.173333333333336,30.8,15.3,5.5,118.05,14.3,1,0
nagpur,2025,12,0.0,20.796774193548387,29.7,12.7,2.0,115.59,13.3,0,0
nagpur,2026,1,0.3,22.22258064516129,30.2,12.8,5.0,121.53,12.9,0,0
nagpur,2026,2,0.3,25.47142857142857,33.7,17.4,5.5,133.67,15.2,0,0
nagpur,2026,3,6.1000000000000005,30.32903225806452,39.7,21.5,6.199999999999996,199.01,19.5,1,0
nagpur,2026,4,0.7,33.93,44.8,24.1,8.399999999999999,223.91,24.8,0,0
nagpur,2026,5,1.6,36.11290322580645,44.8,24.8,7.9999999999999964,249.74,34.1,0,0
nagpur,2026,6,102.7,32.54,42.1,24.6,9.5,192.33,25.6,15,1
nagpur,2026,7,359.2,27.503225806451614,34.6,23.6,6.100000000000001,118.42999999999999,22.7,25,8
nagpur,2026,8,149.1,27.032258064516128,32.4,24.1,3.6999999999999993,119.35,21.2,24,0
nagpur,2026,9,136.70000000000002,27.195652173913043,34.2,22.7,4.800000000000001,95.02,19.6,16,1
ukwa,2015,1,10.8,19.04516129032258,28.6,8.8,6.300000000000001,109.51,15.5,2,0
ukwa,2015,2,4.3,24.217857142857145,35.2,10.4,8.0,136.87,18.3,2,0
ukwa,2015,3,81.5,25.574193548387097,37.8,13.0,10.3,162.65,17.2,9,2
ukwa,2015,4,38.4,29.583333333333332,41.4,18.7,10.099999999999998,188.51,18.2,7,0
ukwa,2015,5,10.1,34.37419354838709,44.8,24.4,7.799999999999997,233.23,21.2,3,0
ukwa,2015,6,249.6,29.63,40.8,24.3,9.200000000000003,137.04,26.6,16,5
ukwa,2015,7,303.9,26.574193548387097,32.9,22.7,4.5,93.50999999999999,19.1,20,3
ukwa,2015,8,376.0,26.206451612903226,32.2,21.7,4.700000000000003,91.5,22.7,22,6
ukwa,2015,9,142.3,26.916666666666668,33.2,20.3,3.3000000000000007,114.66,30.6,10,1
ukwa,2015,10,9.1,26.725806451612904,34.1,18.4,6.200000000000003,128.85,14.8,3,0
ukwa,2015,11,0.7,24.279999999999998,31.5,15.5,3.099999999999998,111.12,11.2,0,0
ukwa,2015,12,2.5,20.896774193548385,31.2,8.6,8.399999999999999,112.8,15.3,1,0
ukwa,2016,1,6.5,20.20967741935484,32.3,7.0,8.4,113.34,20.6,2,0
ukwa,2016,2,13.1,24.896551724137932,35.0,11.8,7.899999999999999,135.78,16.3,2,0
ukwa,2016,3,20.7,28.125806451612902,40.3,17.5,6.400000000000002,177.38,18.4,4,0
ukwa,2016,4,9.2,33.73,42.9,22.2,5.199999999999996,218.56,18.1,3,0
ukwa,2016,5,8.4,34.46451612903226,45.0,25.2,6.800000000000001,231.55,26.7,4,0
ukwa,2016,6,158.5,32.016666666666666,42.9,24.6,9.699999999999996,171.24,20.2,15,4
ukwa,2016,7,679.7,26.01290322580645,32.1,23.4,3.6000000000000014,71.85,19.9,30,13
ukwa,2016,8,310.7,25.529032258064515,32.4,21.1,4.199999999999999,70.54,20.2,26,7
ukwa,2016,9,234.9,26.113333333333333,31.4,22.9,2.3000000000000007,85.77,17.1,23,4
ukwa,2016,10,41.0,24.719354838709677,31.6,15.5,3.8000000000000007,125.92,15.9,7,0
ukwa,2016,11,0.0,21.83,30.6,12.1,4.5,125.46000000000001,14.3,0,0
ukwa,2016,12,0.0,19.703225806451613,30.0,9.8,4.0,117.35,13.9,0,0
ukwa,2017,1,1.9,19.612903225806452,30.2,9.1,7.100000000000001,118.86,18.0,0,0
ukwa,2017,2,2.0,23.182142857142857,35.1,14.0,4.600000000000001,146.78,21.1,1,0
ukwa,2017,3,1.0,27.593548387096774,42.0,16.1,9.8,201.79,21.2,0,0
ukwa,2017,4,0.5,32.88333333333333,43.5,20.6,5.9999999999999964,245.9,25.8,0,0
ukwa,2017,5,13.4,34.29677419354839,43.9,25.4,5.900000000000002,234.27,30.7,5,0
ukwa,2017,6,181.4,30.816666666666666,41.8,24.4,8.399999999999999,150.97,24.4,21,4
ukwa,2017,7,435.5,26.35483870967742,33.0,23.1,5.199999999999999,82.88,20.7,30,6
ukwa,2017,8,512.5,26.638709677419353,32.2,22.7,2.8000000000000007,96.09,20.1,24,6
ukwa,2017,9,183.1,26.779999999999998,33.1,21.9,2.599999999999998,110.4,16.3,21,2
ukwa,2017,10,88.0,25.700000000000003,33.8,16.4,5.199999999999999,120.26,16.3,12,0
ukwa,2017,11,0.7,22.40666666666667,30.8,12.5,5.199999999999999,112.52,12.5,0,0
ukwa,2017,12,0.0,19.864516129032257,30.4,10.9,4.900000000000002,111.22,18.8,0,0
ukwa,2018,1,0.0,18.85483870967742,31.2,9.7,5.699999999999999,125.71000000000001,17.7,0,0
ukwa,2018,2,23.7,22.810714285714287,35.1,12.1,7.899999999999999,124.86,18.1,2,0
ukwa,2018,3,2.0999999999999996,27.9741935483871,40.4,18.1,6.299999999999997,185.2,22.3,1,0
ukwa,2018,4,16.6,31.279999999999998,42.3,21.4,5.699999999999999,203.82,27.1,6,0
ukwa,2018,5,4.6000000000000005,34.24516129032258,42.8,25.8,4.300000000000001,233.09,23.9,1,0
ukwa,2018,6,193.3,30.02,40.3,23.7,8.300000000000004,150.97,20.1,17,3
ukwa,2018,7,548.9,26.616129032258065,32.4,23.1,2.1999999999999993,89.43,19.8,31,9
ukwa,2018,8,430.2,26.200000000000003,31.8,23.1,2.6000000000000014,82.02,21.3,30,6
ukwa,2018,9,117.2,26.25,33.8,20.3,3.5,114.78,25.8,10,2
ukwa,2018,10,0.7,26.187096774193545,35.0,17.3,4.399999999999999,142.27,20.9,0,0
ukwa,2018,11,0.1,22.84333333333333,32.1,13.5,6.300000000000001,118.89,15.2,0,0
ukwa,2018,12,24.6,18.08709677419355,27.9,7.3,7.300000000000001,98.11,17.1,3,0
ukwa,2019,1,19.8,18.061290322580643,30.0,7.0,7.800000000000001,113.61,22.7,3,0
ukwa,2019,2,7.6,21.907142857142855,35.1,9.5,11.200000000000003,126.3,22.7,1,0
ukwa,2019,3,13.0,26.325806451612905,41.1,14.9,10.899999999999999,176.22,26.5,1,0
ukwa,2019,4,0.9000000000000001,32.04666666666667,44.1,21.4,9.5,204.08,22.1,0,0
ukwa,2019,5,0.0,35.222580645161294,44.1,23.9,4.700000000000003,235.25,25.2,0,0
ukwa,2019,6,159.5,33.559999999999995,44.3,24.8,10.500000000000004,182.79,25.4,10,3
ukwa,2019,7,438.0,27.529032258064515,34.4,23.5,5.099999999999998,105.56,19.1,23,9
ukwa,2019,8,626.3,26.22258064516129,32.3,23.0,3.0,82.26,28.9,28,9
ukwa,2019,9,539.1,25.9,31.1,22.5,2.6999999999999993,79.52,20.6,30,8
ukwa,2019,10,43.1,25.070967741935487,32.1,18.5,2.5,108.7,16.2,9,0
ukwa,2019,11,0.1,23.136666666666667,31.4,15.5,3.5,105.62,14.3,0,0
ukwa,2019,12,24.6,19.251612903225805,29.1,6.8,8.8,92.2,17.0,5,0
ukwa,2020,1,29.5,18.009677419354837,29.7,7.5,9.299999999999999,95.4,18.4,5,0
ukwa,2020,2,23.8,20.279310344827586,31.4,10.1,7.800000000000001,119.55,18.6,3,0
ukwa,2020,3,52.1,24.583870967741937,37.2,16.1,6.599999999999998,142.79,23.4,9,0
ukwa,2020,4,9.5,29.40666666666667,38.8,19.8,4.799999999999997,180.04,22.0,1,0
ukwa,2020,5,3.0,32.377419354838715,43.3,22.3,6.5,210.96,22.0,1,0
ukwa,2020,6,407.8,28.196666666666665,37.1,23.5,6.5,108.56,29.7,24,5
ukwa,2020,7,308.4,27.10967741935484,33.0,23.6,3.200000000000003,103.97,16.0,27,4
ukwa,2020,8,681.5,26.335483870967742,31.7,23.0,3.8000000000000007,80.37,27.0,29,12
ukwa,2020,9,203.3,27.06,33.5,22.8,2.900000000000002,107.28,19.0,26,4
ukwa,2020,10,76.0,26.009677419354837,33.0,17.5,4.0,117.92,18.5,9,1
ukwa,2020,11,3.2,22.403333333333332,32.2,12.7,6.300000000000001,118.91,17.5,1,0
ukwa,2020,12,3.5,20.22258064516129,30.5,9.6,5.400000000000002,107.57000000000001,15.8,1,0
ukwa,2021,1,3.5,21.416129032258063,31.3,9.9,7.299999999999997,123.57000000000001,18.0,1,0
ukwa,2021,2,9.3,21.603571428571428,34.1,10.5,7.100000000000001,125.69,18.0,1,0
ukwa,2021,3,2.0,26.806451612903224,40.3,14.9,8.599999999999998,175.8,21.7,0,0
ukwa,2021,4,1.7,30.483333333333334,40.3,19.9,4.100000000000001,199.79,34.0,0,0
ukwa,2021,5,31.7,31.529032258064515,40.8,22.8,5.800000000000001,204.44,28.8,4,0
ukwa,2021,6,296.5,28.19,39.1,23.6,8.100000000000001,114.39,19.7,24,4
ukwa,2021,7,346.8,27.161290322580644,33.7,23.6,4.399999999999999,104.19,23.7,27,6
ukwa,2021,8,220.6,26.70967741935484,32.2,22.7,2.3000000000000007,111.57,24.5,26,3
ukwa,2021,9,343.7,26.133333333333333,31.5,22.6,2.6999999999999993,93.21,20.2,28,4
ukwa,2021,10,37.199999999999996,25.54516129032258,33.8,16.2,5.899999999999999,134.27,17.7,6,0
ukwa,2021,11,16.9,23.233333333333334,32.0,13.3,6.199999999999999,113.21,14.8,5,0
ukwa,2021,12,25.400000000000002,19.651612903225807,29.7,7.9,8.2,104.62,17.0,2,1
ukwa,2022,1,23.1,17.493548387096773,28.9,8.4,6.0,96.79,16.5,4,0
ukwa,2022,2,3.0,21.303571428571427,32.8,9.4,7.800000000000001,123.88,22.0,1,0
ukwa,2022,3,1.1,28.01290322580645,41.0,17.2,7.399999999999999,188.26,21.3,1,0
ukwa,2022,4,0.1,33.54,44.1,22.0,5.199999999999999,214.68,24.5,0,0
ukwa,2022,5,6.6,34.564516129032256,44.2,24.2,7.800000000000001,226.95,29.3,1,0
ukwa,2022,6,210.7,31.17,44.0,23.2,11.100000000000001,160.95,27.7,16,4
ukwa,2022,7,624.1,26.14516129032258,32.4,23.1,2.6999999999999993,95.67,18.3,31,11
ukwa,2022,8,459.7,26.26774193548387,32.7,22.1,3.3999999999999986,104.78999999999999,24.5,30,7
ukwa,2022,9,349.9,26.016666666666666,33.1,21.1,3.799999999999997,101.99,22.0,26,6
ukwa,2022,10,95.9,23.990322580645163,31.7,14.7,5.5,122.41,19.5,12,0
ukwa,2022,11,0.0,20.763333333333332,31.4,11.5,5.399999999999999,122.16,15.2,0,0
ukwa,2022,12,11.2,20.825806451612905,29.9,11.7,5.399999999999999,114.05,19.9,2,0
ukwa,2023,1,0.2,20.20967741935484,31.3,8.7,8.299999999999999,118.71000000000001,21.3,0,0
ukwa,2023,2,0.0,22.803571428571427,35.7,11.7,7.599999999999998,147.89,22.7,0,0
ukwa,2023,3,39.7,26.187096774193545,37.0,16.0,6.900000000000002,167.07999999999998,21.6,5,1
ukwa,2023,4,66.4,28.653333333333332,40.5,19.1,9.099999999999998,174.81,26.8,6,1
ukwa,2023,5,22.5,30.825806451612905,41.9,19.6,11.400000000000002,206.38,25.9,4,0
ukwa,2023,6,226.79999999999998,32.33,42.2,23.9,10.000000000000004,188.23,35.4,11,3
ukwa,2023,7,493.8,27.35483870967742,33.9,23.8,3.8000000000000007,112.93,18.8,29,9
ukwa,2023,8,336.2,27.041935483870965,33.1,21.3,3.3000000000000007,121.72,19.5,18,6
ukwa,2023,9,304.7,26.720000000000002,34.5,22.1,4.200000000000003,106.72,28.6,22,4
ukwa,2023,10,2.6999999999999997,25.52258064516129,34.9,15.5,5.299999999999997,146.13,25.6,1,0
ukwa,2023,11,54.0,22.783333333333335,32.7,14.9,5.699999999999999,109.7,13.8,3,2
ukwa,2023,12,9.799999999999999,19.780645161290323,30.4,10.2,6.900000000000002,98.32000000000001,17.7,2,0
ukwa,2024,1,20.900000000000002,20.34193548387097,30.3,9.9,5.199999999999999,108.24,20.5,4,0
ukwa,2024,2,19.7,23.16551724137931,34.5,12.2,5.400000000000002,132.05,26.0,4,0
ukwa,2024,3,26.400000000000002,26.932258064516127,40.8,14.8,10.100000000000001,177.58,20.0,2,0
ukwa,2024,4,53.300000000000004,29.790000000000003,41.4,19.7,7.5000000000000036,184.8,25.5,7,1
ukwa,2024,5,32.4,31.838709677419356,43.6,20.8,6.700000000000003,198.9,27.4,8,0
ukwa,2024,6,181.9,30.639999999999997,42.3,23.8,8.8,153.43,21.7,17,2
ukwa,2024,7,681.0,26.929032258064513,32.9,23.6,1.8999999999999986,96.3,18.9,31,11
ukwa,2024,8,498.8,26.112903225806452,32.2,23.3,3.299999999999997,86.75999999999999,21.3,31,10
ukwa,2024,9,333.1,26.573333333333334,33.2,22.3,3.3999999999999986,101.67,23.2,23,3
ukwa,2024,10,28.400000000000002,26.383870967741935,34.2,18.5,3.1999999999999993,127.04,21.4,6,0
ukwa,2024,11,0.0,21.636666666666667,32.8,12.1,7.199999999999999,112.77,14.8,0,0
ukwa,2024,12,3.1,20.02258064516129,30.0,8.1,7.5,102.69,15.8,1,0
ukwa,2025,1,0.39999999999999997,19.225806451612904,33.0,8.5,8.100000000000001,114.56,16.8,0,0
ukwa,2025,2,0.0,24.307142857142857,35.3,13.7,4.899999999999999,143.18,19.6,0,0
ukwa,2025,3,0.0,28.080645161290324,40.1,13.6,8.0,199.57,22.3,0,0
ukwa,2025,4,1.4,31.40666666666667,43.7,19.4,7.9999999999999964,199.57,24.1,0,0
ukwa,2025,5,41.5,30.94516129032258,40.9,22.0,5.899999999999999,179.88,32.5,10,0
ukwa,2025,6,277.7,29.283333333333335,41.8,23.2,8.299999999999997,137.4,22.5,13,6
ukwa,2025,7,673.9,26.280645161290323,33.4,23.0,3.700000000000003,87.8,21.1,28,13
ukwa,2025,8,354.3,26.5258064516129,33.4,23.0,3.799999999999997,111.35,19.1,28,7
ukwa,2025,9,306.8,26.216666666666665,32.6,22.0,2.5,108.28,22.7,25,3
ukwa,2025,10,111.3,25.174193548387095,32.0,18.4,2.6999999999999993,107.62,16.3,12,0
ukwa,2025,11,1.6,20.39,30.8,11.0,7.400000000000002,109.14,14.9,0,0
ukwa,2025,12,0.0,17.58709677419355,28.1,8.9,2.5,109.69,16.7,0,0
ukwa,2026,1,0.1,19.322580645161292,29.5,8.9,5.599999999999998,113.41,17.1,0,0
ukwa,2026,2,0.0,23.032142857142855,33.5,12.6,5.5,129.99,19.7,0,0
ukwa,2026,3,1.4,27.98709677419355,39.6,17.1,7.5,193.06,23.6,0,0
ukwa,2026,4,0.4,31.10666666666667,43.1,18.7,7.199999999999996,202.98,25.3,0,0
ukwa,2026,5,10.399999999999999,33.041935483870965,44.0,21.9,7.800000000000001,218.86,28.0,1,0
ukwa,2026,6,115.8,31.176666666666666,40.1,24.3,7.600000000000001,172.66,27.4,16,1
ukwa,2026,7,425.5,27.212903225806453,34.4,23.5,5.300000000000001,110.28,31.7,26,9
ukwa,2026,8,441.2,26.396774193548385,32.2,23.4,3.900000000000002,91.98,20.3,29,8
ukwa,2026,9,176.20000000000002,26.256521739130434,32.5,22.5,3.700000000000003,84.03,23.2,19,2
