pillar_id,pillar_number,latitude_dms_as_reported,longitude_dms_as_reported,latitude,longitude,provenance,source_ref
BP1,1,"21° 24' 12.34""","78° 59' 7.56""",21.403427777777775,78.98543333333333,SOURCE,"MOIL_Gumgaon_Khodegaon_Tegai_PFR_2017.pdf; PDF page 6, table 'Co-ordinates of the Mining Lease area'; https://environmentclearance.nic.in/writereaddata/Online/TOR/01_Aug_2017_113719740WC70Q0QJPFR.pdf; retrieved 2026-09-29"
BP2,2,"21° 24' 12.28""","78° 59' 10.77""",21.403411111111108,78.98632500000001,SOURCE,"MOIL_Gumgaon_Khodegaon_Tegai_PFR_2017.pdf; PDF page 6, table 'Co-ordinates of the Mining Lease area'; https://environmentclearance.nic.in/writereaddata/Online/TOR/01_Aug_2017_113719740WC70Q0QJPFR.pdf; retrieved 2026-09-29"
BP3,3,"21° 24' 4.27""","78° 59' 18.303""",21.40118611111111,78.9884175,SOURCE,"MOIL_Gumgaon_Khodegaon_Tegai_PFR_2017.pdf; PDF page 6, table 'Co-ordinates of the Mining Lease area'; https://environmentclearance.nic.in/writereaddata/Online/TOR/01_Aug_2017_113719740WC70Q0QJPFR.pdf; retrieved 2026-09-29"
BP4,4,"21° 24' 7.01""","78° 59' 20.41""",21.40194722222222,78.98900277777778,SOURCE,"MOIL_Gumgaon_Khodegaon_Tegai_PFR_2017.pdf; PDF page 6, table 'Co-ordinates of the Mining Lease area'; https://environmentclearance.nic.in/writereaddata/Online/TOR/01_Aug_2017_113719740WC70Q0QJPFR.pdf; retrieved 2026-09-29"
BP5,5,"21° 24' 7.37""","78° 59' 19.61""",21.402047222222222,78.98878055555555,SOURCE,"MOIL_Gumgaon_Khodegaon_Tegai_PFR_2017.pdf; PDF page 6, table 'Co-ordinates of the Mining Lease area'; https://environmentclearance.nic.in/writereaddata/Online/TOR/01_Aug_2017_113719740WC70Q0QJPFR.pdf; retrieved 2026-09-29"
BP6,6,"21° 24' 8.27""","78° 59' 19.68""",21.40229722222222,78.9888,SOURCE,"MOIL_Gumgaon_Khodegaon_Tegai_PFR_2017.pdf; PDF page 6, table 'Co-ordinates of the Mining Lease area'; https://environmentclearance.nic.in/writereaddata/Online/TOR/01_Aug_2017_113719740WC70Q0QJPFR.pdf; retrieved 2026-09-29"
BP7,7,"21° 24' 9.08""","78° 59' 19.48""",21.40252222222222,78.98874444444445,SOURCE,"MOIL_Gumgaon_Khodegaon_Tegai_PFR_2017.pdf; PDF page 6, table 'Co-ordinates of the Mining Lease area'; https://environmentclearance.nic.in/writereaddata/Online/TOR/01_Aug_2017_113719740WC70Q0QJPFR.pdf; retrieved 2026-09-29"
BP8,8,"21° 24' 10.24""","78° 59' 19.85""",21.402844444444444,78.98884722222222,SOURCE,"MOIL_Gumgaon_Khodegaon_Tegai_PFR_2017.pdf; PDF page 6, table 'Co-ordinates of the Mining Lease area'; https://environmentclearance.nic.in/writereaddata/Online/TOR/01_Aug_2017_113719740WC70Q0QJPFR.pdf; retrieved 2026-09-29"
BP9,9,"21° 24' 10.31""","78° 59' 20.09""",21.402863888888888,78.98891388888889,SOURCE,"MOIL_Gumgaon_Khodegaon_Tegai_PFR_2017.pdf; PDF page 6, table 'Co-ordinates of the Mining Lease area'; https://environmentclearance.nic.in/writereaddata/Online/TOR/01_Aug_2017_113719740WC70Q0QJPFR.pdf; retrieved 2026-09-29"
BP10,10,"21 ° 24' 10.12""","78° 59' 22.19""",21.40281111111111,78.98949722222223,SOURCE,"MOIL_Gumgaon_Khodegaon_Tegai_PFR_2017.pdf; PDF page 6, table 'Co-ordinates of the Mining Lease area'; https://environmentclearance.nic.in/writereaddata/Online/TOR/01_Aug_2017_113719740WC70Q0QJPFR.pdf; retrieved 2026-09-29"
BP11,11,"21° 24' 10. 76""","78° 59' 22.78""",21.40298888888889,78.98966111111112,SOURCE,"MOIL_Gumgaon_Khodegaon_Tegai_PFR_2017.pdf; PDF page 6, table 'Co-ordinates of the Mining Lease area'; https://environmentclearance.nic.in/writereaddata/Online/TOR/01_Aug_2017_113719740WC70Q0QJPFR.pdf; retrieved 2026-09-29"
BP12,12,"21° 24' 11.04""","78° 59' 23.78""",21.403066666666664,78.98993888888889,SOURCE,"MOIL_Gumgaon_Khodegaon_Tegai_PFR_2017.pdf; PDF page 6, table 'Co-ordinates of the Mining Lease area'; https://environmentclearance.nic.in/writereaddata/Online/TOR/01_Aug_2017_113719740WC70Q0QJPFR.pdf; retrieved 2026-09-29"
BP13,13,"21° 24' 11.55""","78° 59' 24.80""",21.403208333333332,78.99022222222223,SOURCE,"MOIL_Gumgaon_Khodegaon_Tegai_PFR_2017.pdf; PDF page 6, table 'Co-ordinates of the Mining Lease area'; https://environmentclearance.nic.in/writereaddata/Online/TOR/01_Aug_2017_113719740WC70Q0QJPFR.pdf; retrieved 2026-09-29"
BP14,14,"21° 24' 12.02""","78° 59' 25.06""",21.403338888888886,78.99029444444444,SOURCE,"MOIL_Gumgaon_Khodegaon_Tegai_PFR_2017.pdf; PDF page 6, table 'Co-ordinates of the Mining Lease area'; https://environmentclearance.nic.in/writereaddata/Online/TOR/01_Aug_2017_113719740WC70Q0QJPFR.pdf; retrieved 2026-09-29"
BP15,15,"21° 24' 11.88""","78° 59' 29.29""",21.403299999999998,78.99146944444445,SOURCE,"MOIL_Gumgaon_Khodegaon_Tegai_PFR_2017.pdf; PDF page 6, table 'Co-ordinates of the Mining Lease area'; https://environmentclearance.nic.in/writereaddata/Online/TOR/01_Aug_2017_113719740WC70Q0QJPFR.pdf; retrieved 2026-09-29"
BP16,16,"21° 24' 9.07""",78°59' 30.59,21.402519444444444,78.99183055555555,SOURCE,"MOIL_Gumgaon_Khodegaon_Tegai_PFR_2017.pdf; PDF page 6, table 'Co-ordinates of the Mining Lease area'; https://environmentclearance.nic.in/writereaddata/Online/TOR/01_Aug_2017_113719740WC70Q0QJPFR.pdf; retrieved 2026-09-29"
BP17,17,"21° 24' 8.85""","78° 59' 32.90""",21.402458333333332,78.99247222222222,SOURCE,"MOIL_Gumgaon_Khodegaon_Tegai_PFR_2017.pdf; PDF page 6, table 'Co-ordinates of the Mining Lease area'; https://environmentclearance.nic.in/writereaddata/Online/TOR/01_Aug_2017_113719740WC70Q0QJPFR.pdf; retrieved 2026-09-29"
BP18,18,"21° 24' 6.26""","78° 59' 33.15""",21.401738888888886,78.99254166666667,SOURCE,"MOIL_Gumgaon_Khodegaon_Tegai_PFR_2017.pdf; PDF page 6, table 'Co-ordinates of the Mining Lease area'; https://environmentclearance.nic.in/writereaddata/Online/TOR/01_Aug_2017_113719740WC70Q0QJPFR.pdf; retrieved 2026-09-29"
BP19,19,"21° 24' 5.37""","78° 59' 34.87""",21.401491666666665,78.99301944444444,SOURCE,"MOIL_Gumgaon_Khodegaon_Tegai_PFR_2017.pdf; PDF page 6, table 'Co-ordinates of the Mining Lease area'; https://environmentclearance.nic.in/writereaddata/Online/TOR/01_Aug_2017_113719740WC70Q0QJPFR.pdf; retrieved 2026-09-29"
BP20,20,"21° 24' 2.82""","78° 59' 35.55""",21.400783333333333,78.99320833333333,SOURCE,"MOIL_Gumgaon_Khodegaon_Tegai_PFR_2017.pdf; PDF page 6, table 'Co-ordinates of the Mining Lease area'; https://environmentclearance.nic.in/writereaddata/Online/TOR/01_Aug_2017_113719740WC70Q0QJPFR.pdf; retrieved 2026-09-29"
BP21,21,"21° 24' 1.71""","78° 59' 36.90""",21.400475,78.99358333333333,SOURCE,"MOIL_Gumgaon_Khodegaon_Tegai_PFR_2017.pdf; PDF page 6, table 'Co-ordinates of the Mining Lease area'; https://environmentclearance.nic.in/writereaddata/Online/TOR/01_Aug_2017_113719740WC70Q0QJPFR.pdf; retrieved 2026-09-29"
BP22,22,"21° 24' 0.31""","78° 59' 37.03""",21.40008611111111,78.99361944444445,SOURCE,"MOIL_Gumgaon_Khodegaon_Tegai_PFR_2017.pdf; PDF page 6, table 'Co-ordinates of the Mining Lease area'; https://environmentclearance.nic.in/writereaddata/Online/TOR/01_Aug_2017_113719740WC70Q0QJPFR.pdf; retrieved 2026-09-29"
BP23,23,"21° 23' 58.74""","78° 59' 39.66""",21.39965,78.99435,SOURCE,"MOIL_Gumgaon_Khodegaon_Tegai_PFR_2017.pdf; PDF page 6, table 'Co-ordinates of the Mining Lease area'; https://environmentclearance.nic.in/writereaddata/Online/TOR/01_Aug_2017_113719740WC70Q0QJPFR.pdf; retrieved 2026-09-29"
BP24,24,"21° 23' 55.72""","78° 59' 40.99""",21.39881111111111,78.99471944444444,SOURCE,"MOIL_Gumgaon_Khodegaon_Tegai_PFR_2017.pdf; PDF page 6, table 'Co-ordinates of the Mining Lease area'; https://environmentclearance.nic.in/writereaddata/Online/TOR/01_Aug_2017_113719740WC70Q0QJPFR.pdf; retrieved 2026-09-29"
BP25,25,"21° 23' 55.36""","78° 59' 40.04""",21.398711111111112,78.99445555555556,SOURCE,"MOIL_Gumgaon_Khodegaon_Tegai_PFR_2017.pdf; PDF page 6, table 'Co-ordinates of the Mining Lease area'; https://environmentclearance.nic.in/writereaddata/Online/TOR/01_Aug_2017_113719740WC70Q0QJPFR.pdf; retrieved 2026-09-29"
BP26,26,"21° 23' 55.98""","78° 59' 38.18""",21.398883333333334,78.99393888888889,SOURCE,"MOIL_Gumgaon_Khodegaon_Tegai_PFR_2017.pdf; PDF page 6, table 'Co-ordinates of the Mining Lease area'; https://environmentclearance.nic.in/writereaddata/Online/TOR/01_Aug_2017_113719740WC70Q0QJPFR.pdf; retrieved 2026-09-29"
BP27,27,"21° 23' 54.50""","78°59' 38.10""",21.39847222222222,78.99391666666666,SOURCE,"MOIL_Gumgaon_Khodegaon_Tegai_PFR_2017.pdf; PDF page 6, table 'Co-ordinates of the Mining Lease area'; https://environmentclearance.nic.in/writereaddata/Online/TOR/01_Aug_2017_113719740WC70Q0QJPFR.pdf; retrieved 2026-09-29"
BP28,28,"21° 23' 54.55""","78° 59' 36.06""",21.39848611111111,78.99335,SOURCE,"MOIL_Gumgaon_Khodegaon_Tegai_PFR_2017.pdf; PDF page 6, table 'Co-ordinates of the Mining Lease area'; https://environmentclearance.nic.in/writereaddata/Online/TOR/01_Aug_2017_113719740WC70Q0QJPFR.pdf; retrieved 2026-09-29"
BP29,29,"21° 23' 52.31""","78° 59' 34.20""",21.39786388888889,78.99283333333334,SOURCE,"MOIL_Gumgaon_Khodegaon_Tegai_PFR_2017.pdf; PDF page 6, table 'Co-ordinates of the Mining Lease area'; https://environmentclearance.nic.in/writereaddata/Online/TOR/01_Aug_2017_113719740WC70Q0QJPFR.pdf; retrieved 2026-09-29"
BP30,30,"21° 23' 51.64""","78° 59' 34.23""",21.397677777777776,78.99284166666666,SOURCE,"MOIL_Gumgaon_Khodegaon_Tegai_PFR_2017.pdf; PDF page 6, table 'Co-ordinates of the Mining Lease area'; https://environmentclearance.nic.in/writereaddata/Online/TOR/01_Aug_2017_113719740WC70Q0QJPFR.pdf; retrieved 2026-09-29"
BP31,31,"21° 23' 51.79""","78° 59' 32.05""",21.397719444444444,78.99223611111111,SOURCE,"MOIL_Gumgaon_Khodegaon_Tegai_PFR_2017.pdf; PDF page 6, table 'Co-ordinates of the Mining Lease area'; https://environmentclearance.nic.in/writereaddata/Online/TOR/01_Aug_2017_113719740WC70Q0QJPFR.pdf; retrieved 2026-09-29"
BP32,32,"21° 23' 53.32""","78° 59' 31.55""",21.398144444444444,78.99209722222223,SOURCE,"MOIL_Gumgaon_Khodegaon_Tegai_PFR_2017.pdf; PDF page 6, table 'Co-ordinates of the Mining Lease area'; https://environmentclearance.nic.in/writereaddata/Online/TOR/01_Aug_2017_113719740WC70Q0QJPFR.pdf; retrieved 2026-09-29"
BP33,33,"21° 23' 52.94""","78° 59' 31.28""",21.398038888888887,78.99202222222222,SOURCE,"MOIL_Gumgaon_Khodegaon_Tegai_PFR_2017.pdf; PDF page 7, table 'Co-ordinates of the Mining Lease area'; https://environmentclearance.nic.in/writereaddata/Online/TOR/01_Aug_2017_113719740WC70Q0QJPFR.pdf; retrieved 2026-09-29"
BP34,34,"21° 24' 0.38""","78° 59' 31.48""",21.400105555555555,78.99207777777778,SOURCE,"MOIL_Gumgaon_Khodegaon_Tegai_PFR_2017.pdf; PDF page 7, table 'Co-ordinates of the Mining Lease area'; https://environmentclearance.nic.in/writereaddata/Online/TOR/01_Aug_2017_113719740WC70Q0QJPFR.pdf; retrieved 2026-09-29"
BP35,35,"21°24' 0.41""","78° 59' 28.83""",21.40011388888889,78.99134166666667,SOURCE,"MOIL_Gumgaon_Khodegaon_Tegai_PFR_2017.pdf; PDF page 7, table 'Co-ordinates of the Mining Lease area'; https://environmentclearance.nic.in/writereaddata/Online/TOR/01_Aug_2017_113719740WC70Q0QJPFR.pdf; retrieved 2026-09-29"
BP36,36,"21° 23' 56.61""","78° 59' 27.11""",21.399058333333333,78.9908638888889,SOURCE,"MOIL_Gumgaon_Khodegaon_Tegai_PFR_2017.pdf; PDF page 7, table 'Co-ordinates of the Mining Lease area'; https://environmentclearance.nic.in/writereaddata/Online/TOR/01_Aug_2017_113719740WC70Q0QJPFR.pdf; retrieved 2026-09-29"
BP37,37,"21° 23' 57.97""","78° 59' 26.07""",21.39943611111111,78.990575,SOURCE,"MOIL_Gumgaon_Khodegaon_Tegai_PFR_2017.pdf; PDF page 7, table 'Co-ordinates of the Mining Lease area'; https://environmentclearance.nic.in/writereaddata/Online/TOR/01_Aug_2017_113719740WC70Q0QJPFR.pdf; retrieved 2026-09-29"
BP38,38,"21° 23' 57.06""","78° 59' 19.49""",21.399183333333333,78.98874722222223,SOURCE,"MOIL_Gumgaon_Khodegaon_Tegai_PFR_2017.pdf; PDF page 7, table 'Co-ordinates of the Mining Lease area'; https://environmentclearance.nic.in/writereaddata/Online/TOR/01_Aug_2017_113719740WC70Q0QJPFR.pdf; retrieved 2026-09-29"
BP39,39,"21° 23' 57.58""","78° 59' 17.81""",21.399327777777778,78.98828055555556,SOURCE,"MOIL_Gumgaon_Khodegaon_Tegai_PFR_2017.pdf; PDF page 7, table 'Co-ordinates of the Mining Lease area'; https://environmentclearance.nic.in/writereaddata/Online/TOR/01_Aug_2017_113719740WC70Q0QJPFR.pdf; retrieved 2026-09-29"
BP40,40,"21° 23' 59.24""","78° 59' 16.82""",21.39978888888889,78.98800555555556,SOURCE,"MOIL_Gumgaon_Khodegaon_Tegai_PFR_2017.pdf; PDF page 7, table 'Co-ordinates of the Mining Lease area'; https://environmentclearance.nic.in/writereaddata/Online/TOR/01_Aug_2017_113719740WC70Q0QJPFR.pdf; retrieved 2026-09-29"
BP41,41,"21° 23' 57.48""","78° 59' 15.35""",21.3993,78.98759722222222,SOURCE,"MOIL_Gumgaon_Khodegaon_Tegai_PFR_2017.pdf; PDF page 7, table 'Co-ordinates of the Mining Lease area'; https://environmentclearance.nic.in/writereaddata/Online/TOR/01_Aug_2017_113719740WC70Q0QJPFR.pdf; retrieved 2026-09-29"
BP42,42,"21° 23' 57.47""","78° 59' 13.89""",21.399297222222224,78.98719166666666,SOURCE,"MOIL_Gumgaon_Khodegaon_Tegai_PFR_2017.pdf; PDF page 7, table 'Co-ordinates of the Mining Lease area'; https://environmentclearance.nic.in/writereaddata/Online/TOR/01_Aug_2017_113719740WC70Q0QJPFR.pdf; retrieved 2026-09-29"
BP43,43,"21° 23' 56.74""","78° 59' 11.36""",21.399094444444444,78.98648888888889,SOURCE,"MOIL_Gumgaon_Khodegaon_Tegai_PFR_2017.pdf; PDF page 7, table 'Co-ordinates of the Mining Lease area'; https://environmentclearance.nic.in/writereaddata/Online/TOR/01_Aug_2017_113719740WC70Q0QJPFR.pdf; retrieved 2026-09-29"
BP44,44,"21° 23' 58.15""","78° 59' 10.38""",21.39948611111111,78.98621666666666,SOURCE,"MOIL_Gumgaon_Khodegaon_Tegai_PFR_2017.pdf; PDF page 7, table 'Co-ordinates of the Mining Lease area'; https://environmentclearance.nic.in/writereaddata/Online/TOR/01_Aug_2017_113719740WC70Q0QJPFR.pdf; retrieved 2026-09-29"
BP45,45,"21° 23' 54.74""","78° 59' 10.53""",21.39853888888889,78.98625833333334,SOURCE,"MOIL_Gumgaon_Khodegaon_Tegai_PFR_2017.pdf; PDF page 7, table 'Co-ordinates of the Mining Lease area'; https://environmentclearance.nic.in/writereaddata/Online/TOR/01_Aug_2017_113719740WC70Q0QJPFR.pdf; retrieved 2026-09-29"
BP46,46,"21° 23' 55.92""","78° 59' 6.93""",21.398866666666667,78.98525833333333,SOURCE,"MOIL_Gumgaon_Khodegaon_Tegai_PFR_2017.pdf; PDF page 7, table 'Co-ordinates of the Mining Lease area'; https://environmentclearance.nic.in/writereaddata/Online/TOR/01_Aug_2017_113719740WC70Q0QJPFR.pdf; retrieved 2026-09-29"
BP47,47,"21° 23' 55.62""","78° 59' 5.89""",21.398783333333334,78.98496944444445,SOURCE,"MOIL_Gumgaon_Khodegaon_Tegai_PFR_2017.pdf; PDF page 7, table 'Co-ordinates of the Mining Lease area'; https://environmentclearance.nic.in/writereaddata/Online/TOR/01_Aug_2017_113719740WC70Q0QJPFR.pdf; retrieved 2026-09-29"
BP48,48,"21° 23' 54.74""","78° 59' 3.57""",21.39853888888889,78.984325,SOURCE,"MOIL_Gumgaon_Khodegaon_Tegai_PFR_2017.pdf; PDF page 7, table 'Co-ordinates of the Mining Lease area'; https://environmentclearance.nic.in/writereaddata/Online/TOR/01_Aug_2017_113719740WC70Q0QJPFR.pdf; retrieved 2026-09-29"
BP49,49,"21° 23' 53.34""","78° 59' 3.16""",21.39815,78.98421111111111,SOURCE,"MOIL_Gumgaon_Khodegaon_Tegai_PFR_2017.pdf; PDF page 7, table 'Co-ordinates of the Mining Lease area'; https://environmentclearance.nic.in/writereaddata/Online/TOR/01_Aug_2017_113719740WC70Q0QJPFR.pdf; retrieved 2026-09-29"
BP50,50,"21° 23' 52.86""","78° 59' 1.12""",21.398016666666667,78.98364444444445,SOURCE,"MOIL_Gumgaon_Khodegaon_Tegai_PFR_2017.pdf; PDF page 7, table 'Co-ordinates of the Mining Lease area'; https://environmentclearance.nic.in/writereaddata/Online/TOR/01_Aug_2017_113719740WC70Q0QJPFR.pdf; retrieved 2026-09-29"
BP51,51,"21° 23' 55.27""","78° 58' 54.74""",21.39868611111111,78.98187222222222,SOURCE,"MOIL_Gumgaon_Khodegaon_Tegai_PFR_2017.pdf; PDF page 7, table 'Co-ordinates of the Mining Lease area'; https://environmentclearance.nic.in/writereaddata/Online/TOR/01_Aug_2017_113719740WC70Q0QJPFR.pdf; retrieved 2026-09-29"
BP52,52,"21° 23' 50.39""","78° 58' 53.63""",21.397330555555556,78.98156388888889,SOURCE,"MOIL_Gumgaon_Khodegaon_Tegai_PFR_2017.pdf; PDF page 7, table 'Co-ordinates of the Mining Lease area'; https://environmentclearance.nic.in/writereaddata/Online/TOR/01_Aug_2017_113719740WC70Q0QJPFR.pdf; retrieved 2026-09-29"
BP53,53,"21° 23' 50.54""","78° 58' 53.13""",21.39737222222222,78.981425,SOURCE,"MOIL_Gumgaon_Khodegaon_Tegai_PFR_2017.pdf; PDF page 7, table 'Co-ordinates of the Mining Lease area'; https://environmentclearance.nic.in/writereaddata/Online/TOR/01_Aug_2017_113719740WC70Q0QJPFR.pdf; retrieved 2026-09-29"
BP54,54,"21° 23' 49.67""","78° 58' 48.62""",21.397130555555556,78.98017222222222,SOURCE,"MOIL_Gumgaon_Khodegaon_Tegai_PFR_2017.pdf; PDF page 7, table 'Co-ordinates of the Mining Lease area'; https://environmentclearance.nic.in/writereaddata/Online/TOR/01_Aug_2017_113719740WC70Q0QJPFR.pdf; retrieved 2026-09-29"
BP55,55,"21° 23' 53.75""","78° 58' 39.72""",21.398263888888888,78.9777,SOURCE,"MOIL_Gumgaon_Khodegaon_Tegai_PFR_2017.pdf; PDF page 7, table 'Co-ordinates of the Mining Lease area'; https://environmentclearance.nic.in/writereaddata/Online/TOR/01_Aug_2017_113719740WC70Q0QJPFR.pdf; retrieved 2026-09-29"
BP56,56,"21° 23' 54.60""","78° 58' 39.17""",21.3985,78.97754722222223,SOURCE,"MOIL_Gumgaon_Khodegaon_Tegai_PFR_2017.pdf; PDF page 7, table 'Co-ordinates of the Mining Lease area'; https://environmentclearance.nic.in/writereaddata/Online/TOR/01_Aug_2017_113719740WC70Q0QJPFR.pdf; retrieved 2026-09-29"
BP57,57,"21° 23' 56.87""","78° 58' 39.56""",21.399130555555555,78.97765555555556,SOURCE,"MOIL_Gumgaon_Khodegaon_Tegai_PFR_2017.pdf; PDF page 7, table 'Co-ordinates of the Mining Lease area'; https://environmentclearance.nic.in/writereaddata/Online/TOR/01_Aug_2017_113719740WC70Q0QJPFR.pdf; retrieved 2026-09-29"
BP58,58,"21° 23' 57.22""","78° 58' 38.94""",21.399227777777778,78.97748333333334,SOURCE,"MOIL_Gumgaon_Khodegaon_Tegai_PFR_2017.pdf; PDF page 7, table 'Co-ordinates of the Mining Lease area'; https://environmentclearance.nic.in/writereaddata/Online/TOR/01_Aug_2017_113719740WC70Q0QJPFR.pdf; retrieved 2026-09-29"
BP59,59,"21° 23' 56.86""","78° 58' 37.02""",21.399127777777778,78.97695,SOURCE,"MOIL_Gumgaon_Khodegaon_Tegai_PFR_2017.pdf; PDF page 7, table 'Co-ordinates of the Mining Lease area'; https://environmentclearance.nic.in/writereaddata/Online/TOR/01_Aug_2017_113719740WC70Q0QJPFR.pdf; retrieved 2026-09-29"
BP60,60,"21° 23' 54.41""","78° 58' 34.77""",21.39844722222222,78.976325,SOURCE,"MOIL_Gumgaon_Khodegaon_Tegai_PFR_2017.pdf; PDF page 7, table 'Co-ordinates of the Mining Lease area'; https://environmentclearance.nic.in/writereaddata/Online/TOR/01_Aug_2017_113719740WC70Q0QJPFR.pdf; retrieved 2026-09-29"
BP61,61,"21° 23' 55.96""","78° 58' 32.38""",21.398877777777777,78.97566111111111,SOURCE,"MOIL_Gumgaon_Khodegaon_Tegai_PFR_2017.pdf; PDF page 7, table 'Co-ordinates of the Mining Lease area'; https://environmentclearance.nic.in/writereaddata/Online/TOR/01_Aug_2017_113719740WC70Q0QJPFR.pdf; retrieved 2026-09-29"
BP62,62,"21° 23' 46.88""","78° 58' 29.82""",21.396355555555555,78.97495,SOURCE,"MOIL_Gumgaon_Khodegaon_Tegai_PFR_2017.pdf; PDF page 7, table 'Co-ordinates of the Mining Lease area'; https://environmentclearance.nic.in/writereaddata/Online/TOR/01_Aug_2017_113719740WC70Q0QJPFR.pdf; retrieved 2026-09-29"
BP63,63,"21° 23' 48.87""","78° 58' 20.45""",21.396908333333332,78.97234722222223,SOURCE,"MOIL_Gumgaon_Khodegaon_Tegai_PFR_2017.pdf; PDF page 7, table 'Co-ordinates of the Mining Lease area'; https://environmentclearance.nic.in/writereaddata/Online/TOR/01_Aug_2017_113719740WC70Q0QJPFR.pdf; retrieved 2026-09-29"
BP64,64,"21° 23' 47.15""","78° 58' 19.71""",21.396430555555554,78.97214166666667,SOURCE,"MOIL_Gumgaon_Khodegaon_Tegai_PFR_2017.pdf; PDF page 6, table 'Co-ordinates of the Mining Lease area'; https://environmentclearance.nic.in/writereaddata/Online/TOR/01_Aug_2017_113719740WC70Q0QJPFR.pdf; retrieved 2026-09-29"
BP65,65,"21° 23' 49.04""","78° 58' 14.95""",21.396955555555554,78.97081944444444,SOURCE,"MOIL_Gumgaon_Khodegaon_Tegai_PFR_2017.pdf; PDF page 6, table 'Co-ordinates of the Mining Lease area'; https://environmentclearance.nic.in/writereaddata/Online/TOR/01_Aug_2017_113719740WC70Q0QJPFR.pdf; retrieved 2026-09-29"
BP66,66,"21° 23' 52.70""","78° 58' 14.64""",21.397972222222222,78.97073333333334,SOURCE,"MOIL_Gumgaon_Khodegaon_Tegai_PFR_2017.pdf; PDF page 6, table 'Co-ordinates of the Mining Lease area'; https://environmentclearance.nic.in/writereaddata/Online/TOR/01_Aug_2017_113719740WC70Q0QJPFR.pdf; retrieved 2026-09-29"
BP67,67,"21° 23' 56.93""","78° 58' 14.89""",21.399147222222222,78.97080277777778,SOURCE,"MOIL_Gumgaon_Khodegaon_Tegai_PFR_2017.pdf; PDF page 6, table 'Co-ordinates of the Mining Lease area'; https://environmentclearance.nic.in/writereaddata/Online/TOR/01_Aug_2017_113719740WC70Q0QJPFR.pdf; retrieved 2026-09-29"
BP68,68,"21° 24' 0.95""","78° 58' 19.79""",21.400263888888887,78.97216388888889,SOURCE,"MOIL_Gumgaon_Khodegaon_Tegai_PFR_2017.pdf; PDF page 6, table 'Co-ordinates of the Mining Lease area'; https://environmentclearance.nic.in/writereaddata/Online/TOR/01_Aug_2017_113719740WC70Q0QJPFR.pdf; retrieved 2026-09-29"
BP69,69,"21° 24' 5.48""","78° 58' 16.42""",21.40152222222222,78.97122777777778,SOURCE,"MOIL_Gumgaon_Khodegaon_Tegai_PFR_2017.pdf; PDF page 6, table 'Co-ordinates of the Mining Lease area'; https://environmentclearance.nic.in/writereaddata/Online/TOR/01_Aug_2017_113719740WC70Q0QJPFR.pdf; retrieved 2026-09-29"
BP70,70,"21° 24' 8.83""","78° 58' 13.67""",21.402452777777775,78.97046388888889,SOURCE,"MOIL_Gumgaon_Khodegaon_Tegai_PFR_2017.pdf; PDF page 6, table 'Co-ordinates of the Mining Lease area'; https://environmentclearance.nic.in/writereaddata/Online/TOR/01_Aug_2017_113719740WC70Q0QJPFR.pdf; retrieved 2026-09-29"
BP71,71,"21° 24' 11.71""","78° 58' 25.40""",21.403252777777777,78.97372222222222,SOURCE,"MOIL_Gumgaon_Khodegaon_Tegai_PFR_2017.pdf; PDF page 6, table 'Co-ordinates of the Mining Lease area'; https://environmentclearance.nic.in/writereaddata/Online/TOR/01_Aug_2017_113719740WC70Q0QJPFR.pdf; retrieved 2026-09-29"
BP72,72,"21° 24' 8.51""","78° 58' 25.76""",21.40236388888889,78.97382222222222,SOURCE,"MOIL_Gumgaon_Khodegaon_Tegai_PFR_2017.pdf; PDF page 6, table 'Co-ordinates of the Mining Lease area'; https://environmentclearance.nic.in/writereaddata/Online/TOR/01_Aug_2017_113719740WC70Q0QJPFR.pdf; retrieved 2026-09-29"
BP73,73,21° 24' 7.77'',"78° 58' 31.79""",21.402158333333333,78.97549722222223,SOURCE,"MOIL_Gumgaon_Khodegaon_Tegai_PFR_2017.pdf; PDF page 6, table 'Co-ordinates of the Mining Lease area'; https://environmentclearance.nic.in/writereaddata/Online/TOR/01_Aug_2017_113719740WC70Q0QJPFR.pdf; retrieved 2026-09-29"
BP74,74,"21° 24' 5.19""","78° 58' 32.21 """,21.401441666666667,78.97561388888889,SOURCE,"MOIL_Gumgaon_Khodegaon_Tegai_PFR_2017.pdf; PDF page 6, table 'Co-ordinates of the Mining Lease area'; https://environmentclearance.nic.in/writereaddata/Online/TOR/01_Aug_2017_113719740WC70Q0QJPFR.pdf; retrieved 2026-09-29"
BP75,75,"21° 24' 4.94""","78° 58' 33.51 """,21.40137222222222,78.975975,SOURCE,"MOIL_Gumgaon_Khodegaon_Tegai_PFR_2017.pdf; PDF page 6, table 'Co-ordinates of the Mining Lease area'; https://environmentclearance.nic.in/writereaddata/Online/TOR/01_Aug_2017_113719740WC70Q0QJPFR.pdf; retrieved 2026-09-29"
BP76,76,"21° 24' 1.89""","78° 58' 35.32""",21.400525,78.97647777777777,SOURCE,"MOIL_Gumgaon_Khodegaon_Tegai_PFR_2017.pdf; PDF page 6, table 'Co-ordinates of the Mining Lease area'; https://environmentclearance.nic.in/writereaddata/Online/TOR/01_Aug_2017_113719740WC70Q0QJPFR.pdf; retrieved 2026-09-29"
BP77,77,"21° 24' 4.52""","78° 58' 35.59""",21.401255555555554,78.97655277777778,SOURCE,"MOIL_Gumgaon_Khodegaon_Tegai_PFR_2017.pdf; PDF page 6, table 'Co-ordinates of the Mining Lease area'; https://environmentclearance.nic.in/writereaddata/Online/TOR/01_Aug_2017_113719740WC70Q0QJPFR.pdf; retrieved 2026-09-29"
BP78,78,"21° 24' 6.34""",78° 58' 36.47'',21.40176111111111,78.97679722222223,SOURCE,"MOIL_Gumgaon_Khodegaon_Tegai_PFR_2017.pdf; PDF page 6, table 'Co-ordinates of the Mining Lease area'; https://environmentclearance.nic.in/writereaddata/Online/TOR/01_Aug_2017_113719740WC70Q0QJPFR.pdf; retrieved 2026-09-29"
BP79,79,"21° 24' 7.13""","78° 58' 36.09""",21.401980555555554,78.97669166666667,SOURCE,"MOIL_Gumgaon_Khodegaon_Tegai_PFR_2017.pdf; PDF page 6, table 'Co-ordinates of the Mining Lease area'; https://environmentclearance.nic.in/writereaddata/Online/TOR/01_Aug_2017_113719740WC70Q0QJPFR.pdf; retrieved 2026-09-29"
BP80,80,"21° 24' 7.77""","78° 58' 38.27""",21.402158333333333,78.97729722222222,SOURCE,"MOIL_Gumgaon_Khodegaon_Tegai_PFR_2017.pdf; PDF page 6, table 'Co-ordinates of the Mining Lease area'; https://environmentclearance.nic.in/writereaddata/Online/TOR/01_Aug_2017_113719740WC70Q0QJPFR.pdf; retrieved 2026-09-29"
BP81,81,"21° 24' 6.69""","78° 58' 38.40""",21.401858333333333,78.97733333333333,SOURCE,"MOIL_Gumgaon_Khodegaon_Tegai_PFR_2017.pdf; PDF page 6, table 'Co-ordinates of the Mining Lease area'; https://environmentclearance.nic.in/writereaddata/Online/TOR/01_Aug_2017_113719740WC70Q0QJPFR.pdf; retrieved 2026-09-29"
BP82,82,"21° 24' 2.34""","78° 58' 37.29""",21.40065,78.977025,SOURCE,"MOIL_Gumgaon_Khodegaon_Tegai_PFR_2017.pdf; PDF page 6, table 'Co-ordinates of the Mining Lease area'; https://environmentclearance.nic.in/writereaddata/Online/TOR/01_Aug_2017_113719740WC70Q0QJPFR.pdf; retrieved 2026-09-29"
BP83,83,"21° 23' 59.49""",78° 58' 39.87'',21.399858333333334,78.97774166666667,SOURCE,"MOIL_Gumgaon_Khodegaon_Tegai_PFR_2017.pdf; PDF page 6, table 'Co-ordinates of the Mining Lease area'; https://environmentclearance.nic.in/writereaddata/Online/TOR/01_Aug_2017_113719740WC70Q0QJPFR.pdf; retrieved 2026-09-29"
BP84,84,"21° 23' 58.77""","78° 58' 46.48""",21.39965833333333,78.97957777777778,SOURCE,"MOIL_Gumgaon_Khodegaon_Tegai_PFR_2017.pdf; PDF page 6, table 'Co-ordinates of the Mining Lease area'; https://environmentclearance.nic.in/writereaddata/Online/TOR/01_Aug_2017_113719740WC70Q0QJPFR.pdf; retrieved 2026-09-29"
BP85,85,"21° 23' 56.46""","78° 58' 52.54""",21.399016666666665,78.98126111111111,SOURCE,"MOIL_Gumgaon_Khodegaon_Tegai_PFR_2017.pdf; PDF page 6, table 'Co-ordinates of the Mining Lease area'; https://environmentclearance.nic.in/writereaddata/Online/TOR/01_Aug_2017_113719740WC70Q0QJPFR.pdf; retrieved 2026-09-29"
BP86,86,"21° 23' 58.62""","78° 58' 56.14""",21.399616666666667,78.98226111111111,SOURCE,"MOIL_Gumgaon_Khodegaon_Tegai_PFR_2017.pdf; PDF page 6, table 'Co-ordinates of the Mining Lease area'; https://environmentclearance.nic.in/writereaddata/Online/TOR/01_Aug_2017_113719740WC70Q0QJPFR.pdf; retrieved 2026-09-29"
BP87,87,"21° 23' 58.61 ""","78° 58' 59.84""",21.39961388888889,78.9832888888889,SOURCE,"MOIL_Gumgaon_Khodegaon_Tegai_PFR_2017.pdf; PDF page 6, table 'Co-ordinates of the Mining Lease area'; https://environmentclearance.nic.in/writereaddata/Online/TOR/01_Aug_2017_113719740WC70Q0QJPFR.pdf; retrieved 2026-09-29"
BP88,88,"21° 23' 59.45""",78° 59' 1.37'',21.39984722222222,78.98371388888889,SOURCE,"MOIL_Gumgaon_Khodegaon_Tegai_PFR_2017.pdf; PDF page 6, table 'Co-ordinates of the Mining Lease area'; https://environmentclearance.nic.in/writereaddata/Online/TOR/01_Aug_2017_113719740WC70Q0QJPFR.pdf; retrieved 2026-09-29"
BP89,89,"21° 24' 0.04""","78° 59' 3.06""",21.40001111111111,78.98418333333333,SOURCE,"MOIL_Gumgaon_Khodegaon_Tegai_PFR_2017.pdf; PDF page 6, table 'Co-ordinates of the Mining Lease area'; https://environmentclearance.nic.in/writereaddata/Online/TOR/01_Aug_2017_113719740WC70Q0QJPFR.pdf; retrieved 2026-09-29"
BP90,90,"21° 24'7 .04""","78° 59' 4.38""",21.401955555555553,78.98455,SOURCE,"MOIL_Gumgaon_Khodegaon_Tegai_PFR_2017.pdf; PDF page 6, table 'Co-ordinates of the Mining Lease area'; https://environmentclearance.nic.in/writereaddata/Online/TOR/01_Aug_2017_113719740WC70Q0QJPFR.pdf; retrieved 2026-09-29"
BP91,91,"21° 24' 6.39""","78° 59' 7.40""",21.401774999999997,78.98538888888889,SOURCE,"MOIL_Gumgaon_Khodegaon_Tegai_PFR_2017.pdf; PDF page 6, table 'Co-ordinates of the Mining Lease area'; https://environmentclearance.nic.in/writereaddata/Online/TOR/01_Aug_2017_113719740WC70Q0QJPFR.pdf; retrieved 2026-09-29"
BP92,92,"21° 24' 16.23""","78° 58' 36.59""",21.404508333333332,78.97683055555555,SOURCE,"MOIL_Gumgaon_Khodegaon_Tegai_PFR_2017.pdf; PDF page 6, table 'Co-ordinates of the Mining Lease area'; https://environmentclearance.nic.in/writereaddata/Online/TOR/01_Aug_2017_113719740WC70Q0QJPFR.pdf; retrieved 2026-09-29"
BP93,93,"21° 24' 15.66""","78° 58' 31.94""",21.404349999999997,78.97553888888889,SOURCE,"MOIL_Gumgaon_Khodegaon_Tegai_PFR_2017.pdf; PDF page 6, table 'Co-ordinates of the Mining Lease area'; https://environmentclearance.nic.in/writereaddata/Online/TOR/01_Aug_2017_113719740WC70Q0QJPFR.pdf; retrieved 2026-09-29"
BP94,94,"21° 24' 13.50""","78° 58' 25.55""",21.40375,78.9737638888889,SOURCE,"MOIL_Gumgaon_Khodegaon_Tegai_PFR_2017.pdf; PDF page 6, table 'Co-ordinates of the Mining Lease area'; https://environmentclearance.nic.in/writereaddata/Online/TOR/01_Aug_2017_113719740WC70Q0QJPFR.pdf; retrieved 2026-09-29"
BP95,95,"21° 24' 12.56""","78° 58' 12.83""",21.403488888888887,78.97023055555556,SOURCE,"MOIL_Gumgaon_Khodegaon_Tegai_PFR_2017.pdf; PDF page 6, table 'Co-ordinates of the Mining Lease area'; https://environmentclearance.nic.in/writereaddata/Online/TOR/01_Aug_2017_113719740WC70Q0QJPFR.pdf; retrieved 2026-09-29"
BP96,96,"21° 24' 10.48""","78° 57' 56.92""",21.40291111111111,78.96581111111111,SOURCE,"MOIL_Gumgaon_Khodegaon_Tegai_PFR_2017.pdf; PDF page 7, table 'Co-ordinates of the Mining Lease area'; https://environmentclearance.nic.in/writereaddata/Online/TOR/01_Aug_2017_113719740WC70Q0QJPFR.pdf; retrieved 2026-09-29"
BP97,97,"21° 24' 1.66""","78° 57' 53.57""",21.40046111111111,78.96488055555555,SOURCE,"MOIL_Gumgaon_Khodegaon_Tegai_PFR_2017.pdf; PDF page 7, table 'Co-ordinates of the Mining Lease area'; https://environmentclearance.nic.in/writereaddata/Online/TOR/01_Aug_2017_113719740WC70Q0QJPFR.pdf; retrieved 2026-09-29"
BP98,98,"21° 23' 51.94""","78° 57' 50.26""",21.397761111111112,78.96396111111112,SOURCE,"MOIL_Gumgaon_Khodegaon_Tegai_PFR_2017.pdf; PDF page 7, table 'Co-ordinates of the Mining Lease area'; https://environmentclearance.nic.in/writereaddata/Online/TOR/01_Aug_2017_113719740WC70Q0QJPFR.pdf; retrieved 2026-09-29"
BP99,99,"21° 23' 51.94""","78° 57' 43.15""",21.397761111111112,78.96198611111112,SOURCE,"MOIL_Gumgaon_Khodegaon_Tegai_PFR_2017.pdf; PDF page 7, table 'Co-ordinates of the Mining Lease area'; https://environmentclearance.nic.in/writereaddata/Online/TOR/01_Aug_2017_113719740WC70Q0QJPFR.pdf; retrieved 2026-09-29"
BP100,100,"21° 23' 46.82""","78° 57' 41.31""",21.396338888888888,78.96147500000001,SOURCE,"MOIL_Gumgaon_Khodegaon_Tegai_PFR_2017.pdf; PDF page 7, table 'Co-ordinates of the Mining Lease area'; https://environmentclearance.nic.in/writereaddata/Online/TOR/01_Aug_2017_113719740WC70Q0QJPFR.pdf; retrieved 2026-09-29"
BP101,101,"21° 23' 47.84""","78° 57' 32.02""",21.39662222222222,78.95889444444445,SOURCE,"MOIL_Gumgaon_Khodegaon_Tegai_PFR_2017.pdf; PDF page 7, table 'Co-ordinates of the Mining Lease area'; https://environmentclearance.nic.in/writereaddata/Online/TOR/01_Aug_2017_113719740WC70Q0QJPFR.pdf; retrieved 2026-09-29"
BP102,102,"21° 24' 0.18""","78° 57' 33.1 0""",21.40005,78.95919444444445,SOURCE,"MOIL_Gumgaon_Khodegaon_Tegai_PFR_2017.pdf; PDF page 7, table 'Co-ordinates of the Mining Lease area'; https://environmentclearance.nic.in/writereaddata/Online/TOR/01_Aug_2017_113719740WC70Q0QJPFR.pdf; retrieved 2026-09-29"
BP103,103,"21° 24' 5.03""","78° 57' 39. 70""",21.401397222222222,78.96102777777779,SOURCE,"MOIL_Gumgaon_Khodegaon_Tegai_PFR_2017.pdf; PDF page 7, table 'Co-ordinates of the Mining Lease area'; https://environmentclearance.nic.in/writereaddata/Online/TOR/01_Aug_2017_113719740WC70Q0QJPFR.pdf; retrieved 2026-09-29"
BP104,104,"21° 24' 7.42""","78° 57' 40.64""",21.40206111111111,78.96128888888889,SOURCE,"MOIL_Gumgaon_Khodegaon_Tegai_PFR_2017.pdf; PDF page 7, table 'Co-ordinates of the Mining Lease area'; https://environmentclearance.nic.in/writereaddata/Online/TOR/01_Aug_2017_113719740WC70Q0QJPFR.pdf; retrieved 2026-09-29"
BP105,105,"21° 24' 8.25""","78°57' 43.96""",21.402291666666667,78.96221111111112,SOURCE,"MOIL_Gumgaon_Khodegaon_Tegai_PFR_2017.pdf; PDF page 7, table 'Co-ordinates of the Mining Lease area'; https://environmentclearance.nic.in/writereaddata/Online/TOR/01_Aug_2017_113719740WC70Q0QJPFR.pdf; retrieved 2026-09-29"
BP106,106,"21° 24' 15.67""","78° 57' 47.64""",21.404352777777778,78.96323333333333,SOURCE,"MOIL_Gumgaon_Khodegaon_Tegai_PFR_2017.pdf; PDF page 7, table 'Co-ordinates of the Mining Lease area'; https://environmentclearance.nic.in/writereaddata/Online/TOR/01_Aug_2017_113719740WC70Q0QJPFR.pdf; retrieved 2026-09-29"
BP107,107,"21° 24' 14.38""","78° 57' 54.08""",21.403994444444443,78.96502222222223,SOURCE,"MOIL_Gumgaon_Khodegaon_Tegai_PFR_2017.pdf; PDF page 7, table 'Co-ordinates of the Mining Lease area'; https://environmentclearance.nic.in/writereaddata/Online/TOR/01_Aug_2017_113719740WC70Q0QJPFR.pdf; retrieved 2026-09-29"
BP108,108,"21° 24' 16.47""","78° 57' 54.47""",21.404574999999998,78.96513055555556,SOURCE,"MOIL_Gumgaon_Khodegaon_Tegai_PFR_2017.pdf; PDF page 7, table 'Co-ordinates of the Mining Lease area'; https://environmentclearance.nic.in/writereaddata/Online/TOR/01_Aug_2017_113719740WC70Q0QJPFR.pdf; retrieved 2026-09-29"
BP109,109,"21° 24' 15.65""","78° 57' 59.17""",21.40434722222222,78.96643611111111,SOURCE,"MOIL_Gumgaon_Khodegaon_Tegai_PFR_2017.pdf; PDF page 7, table 'Co-ordinates of the Mining Lease area'; https://environmentclearance.nic.in/writereaddata/Online/TOR/01_Aug_2017_113719740WC70Q0QJPFR.pdf; retrieved 2026-09-29"
BP110,110,"21° 24' 16.87""","78° 58' 2.33""",21.40468611111111,78.9673138888889,SOURCE,"MOIL_Gumgaon_Khodegaon_Tegai_PFR_2017.pdf; PDF page 7, table 'Co-ordinates of the Mining Lease area'; https://environmentclearance.nic.in/writereaddata/Online/TOR/01_Aug_2017_113719740WC70Q0QJPFR.pdf; retrieved 2026-09-29"
BP111,111,"21° 24' 16.84""","78° 58' 3.06""",21.404677777777778,78.96751666666667,SOURCE,"MOIL_Gumgaon_Khodegaon_Tegai_PFR_2017.pdf; PDF page 7, table 'Co-ordinates of the Mining Lease area'; https://environmentclearance.nic.in/writereaddata/Online/TOR/01_Aug_2017_113719740WC70Q0QJPFR.pdf; retrieved 2026-09-29"
BP112,112,"21° 24' 16.11""","78° 58' 4.26""",21.404474999999998,78.96785,SOURCE,"MOIL_Gumgaon_Khodegaon_Tegai_PFR_2017.pdf; PDF page 7, table 'Co-ordinates of the Mining Lease area'; https://environmentclearance.nic.in/writereaddata/Online/TOR/01_Aug_2017_113719740WC70Q0QJPFR.pdf; retrieved 2026-09-29"
BP113,113,"21° 24' 15.45""","78° 58' 4.99""",21.404291666666666,78.96805277777779,SOURCE,"MOIL_Gumgaon_Khodegaon_Tegai_PFR_2017.pdf; PDF page 7, table 'Co-ordinates of the Mining Lease area'; https://environmentclearance.nic.in/writereaddata/Online/TOR/01_Aug_2017_113719740WC70Q0QJPFR.pdf; retrieved 2026-09-29"
BP114,114,"21° 24' 14.54""","78° 58' 6.61""",21.404038888888888,78.96850277777779,SOURCE,"MOIL_Gumgaon_Khodegaon_Tegai_PFR_2017.pdf; PDF page 7, table 'Co-ordinates of the Mining Lease area'; https://environmentclearance.nic.in/writereaddata/Online/TOR/01_Aug_2017_113719740WC70Q0QJPFR.pdf; retrieved 2026-09-29"
BP115,115,"21° 24' 13.14""","78° 58' 8.61""",21.40365,78.96905833333334,SOURCE,"MOIL_Gumgaon_Khodegaon_Tegai_PFR_2017.pdf; PDF page 7, table 'Co-ordinates of the Mining Lease area'; https://environmentclearance.nic.in/writereaddata/Online/TOR/01_Aug_2017_113719740WC70Q0QJPFR.pdf; retrieved 2026-09-29"
BP116,116,"21° 24' 15.13""","78° 58' 11.21""",21.404202777777776,78.96978055555556,SOURCE,"MOIL_Gumgaon_Khodegaon_Tegai_PFR_2017.pdf; PDF page 7, table 'Co-ordinates of the Mining Lease area'; https://environmentclearance.nic.in/writereaddata/Online/TOR/01_Aug_2017_113719740WC70Q0QJPFR.pdf; retrieved 2026-09-29"
BP117,117,"21° 24' 19.44""","78° 58' 11.48""",21.4054,78.96985555555555,SOURCE,"MOIL_Gumgaon_Khodegaon_Tegai_PFR_2017.pdf; PDF page 7, table 'Co-ordinates of the Mining Lease area'; https://environmentclearance.nic.in/writereaddata/Online/TOR/01_Aug_2017_113719740WC70Q0QJPFR.pdf; retrieved 2026-09-29"
BP118,118,"21° 24' 18.95""","78° 58' 19.37""",21.405263888888886,78.97204722222223,SOURCE,"MOIL_Gumgaon_Khodegaon_Tegai_PFR_2017.pdf; PDF page 7, table 'Co-ordinates of the Mining Lease area'; https://environmentclearance.nic.in/writereaddata/Online/TOR/01_Aug_2017_113719740WC70Q0QJPFR.pdf; retrieved 2026-09-29"
BP119,119,"21° 24' 20.77""","78° 58' 19.56""",21.40576944444444,78.9721,SOURCE,"MOIL_Gumgaon_Khodegaon_Tegai_PFR_2017.pdf; PDF page 7, table 'Co-ordinates of the Mining Lease area'; https://environmentclearance.nic.in/writereaddata/Online/TOR/01_Aug_2017_113719740WC70Q0QJPFR.pdf; retrieved 2026-09-29"
BP120,120,"21° 24' 20.33""","78° 58' 25.15""",21.40564722222222,78.97365277777779,SOURCE,"MOIL_Gumgaon_Khodegaon_Tegai_PFR_2017.pdf; PDF page 7, table 'Co-ordinates of the Mining Lease area'; https://environmentclearance.nic.in/writereaddata/Online/TOR/01_Aug_2017_113719740WC70Q0QJPFR.pdf; retrieved 2026-09-29"
BP121,121,"21° 24' 19.75""","78° 58' 25.61""",21.40548611111111,78.97378055555556,SOURCE,"MOIL_Gumgaon_Khodegaon_Tegai_PFR_2017.pdf; PDF page 7, table 'Co-ordinates of the Mining Lease area'; https://environmentclearance.nic.in/writereaddata/Online/TOR/01_Aug_2017_113719740WC70Q0QJPFR.pdf; retrieved 2026-09-29"
BP122,122,"21° 24' 19.76""","78° 58' 26.41""",21.405488888888886,78.97400277777778,SOURCE,"MOIL_Gumgaon_Khodegaon_Tegai_PFR_2017.pdf; PDF page 7, table 'Co-ordinates of the Mining Lease area'; https://environmentclearance.nic.in/writereaddata/Online/TOR/01_Aug_2017_113719740WC70Q0QJPFR.pdf; retrieved 2026-09-29"
BP123,123,"21° 24' 24.33""","78° 58' 28.77""",21.406758333333332,78.97465833333334,SOURCE,"MOIL_Gumgaon_Khodegaon_Tegai_PFR_2017.pdf; PDF page 7, table 'Co-ordinates of the Mining Lease area'; https://environmentclearance.nic.in/writereaddata/Online/TOR/01_Aug_2017_113719740WC70Q0QJPFR.pdf; retrieved 2026-09-29"
BP124,124,"21° 24' 23.98""","78° 58' 32.88""",21.40666111111111,78.9758,SOURCE,"MOIL_Gumgaon_Khodegaon_Tegai_PFR_2017.pdf; PDF page 7, table 'Co-ordinates of the Mining Lease area'; https://environmentclearance.nic.in/writereaddata/Online/TOR/01_Aug_2017_113719740WC70Q0QJPFR.pdf; retrieved 2026-09-29"
BP125,125,"21° 24' 20.90""","78° 58' 35.45""",21.405805555555553,78.97651388888889,SOURCE,"MOIL_Gumgaon_Khodegaon_Tegai_PFR_2017.pdf; PDF page 7, table 'Co-ordinates of the Mining Lease area'; https://environmentclearance.nic.in/writereaddata/Online/TOR/01_Aug_2017_113719740WC70Q0QJPFR.pdf; retrieved 2026-09-29"
BP126,126,"21° 24' 19.09""","78° 58' 34.36""",21.405302777777777,78.97621111111111,SOURCE,"MOIL_Gumgaon_Khodegaon_Tegai_PFR_2017.pdf; PDF page 7, table 'Co-ordinates of the Mining Lease area'; https://environmentclearance.nic.in/writereaddata/Online/TOR/01_Aug_2017_113719740WC70Q0QJPFR.pdf; retrieved 2026-09-29"
