source_serial,district,state,lessee_as_reported,tehsil_as_reported,mineral_as_reported,village_or_locality_as_reported,lease_area_ha,original_lease_grant_date,lease_period_as_reported,operating_status_as_reported,remarks_as_reported,provenance,source_ref
5/5,Nagpur,Maharashtra,M/s Manganese ore India Ltd.,Saoner,Manganese ore,"Gumgaon,Khapa, Tigai,Rajna",48.596,10/07/1962,01/07/1962 to 30/06/2042,Working,"Amalgation on dated 15/03/2024, Executed on 07/06/2024, Amalgamation Period upto 31/03/2040. Total amalgation area 212.736 Ha.",SOURCE,"maharashtra_working_major_mineral_leases_2025.pdf; page 1, table 'LIST OF WORKING MINING LEASES FOR MAJOR MINERALS AS ON 01.04.2025'; https://mahadgm.gov.in/writereaddata/fckimagefile/WORKING%20MINE%20LIST%20%20Major%20minerals.pdf; retrieved 2026-09-29"
6,Nagpur,Maharashtra,M/s Manganese ore India Ltd.,Saoner,Manganese ore,"Gumgaon, Kahapa",1.33,28/05/1968,24/02/1969 to 31/03/2040,Working,,SOURCE,"maharashtra_working_major_mineral_leases_2025.pdf; page 1, table 'LIST OF WORKING MINING LEASES FOR MAJOR MINERALS AS ON 01.04.2025'; https://mahadgm.gov.in/writereaddata/fckimagefile/WORKING%20MINE%20LIST%20%20Major%20minerals.pdf; retrieved 2026-09-29"
7,Nagpur,Maharashtra,M/s Manganese ore India Ltd.,Saoner,Manganese ore,"Gumgaon, Khapapeth, Tigai, Silewara",35.97,20/06/1986,30/06/2000 to 29/06/2050,Working,,SOURCE,"maharashtra_working_major_mineral_leases_2025.pdf; page 1, table 'LIST OF WORKING MINING LEASES FOR MAJOR MINERALS AS ON 01.04.2025'; https://mahadgm.gov.in/writereaddata/fckimagefile/WORKING%20MINE%20LIST%20%20Major%20minerals.pdf; retrieved 2026-09-29"
8,Nagpur,Maharashtra,M/s Manganese ore India Ltd.,Saoner,Manganese ore,"Gumgaon, Tigai, Kodegaon",126.84,27/01/2022,19/04/2022 to 18/04/2072,Working,,SOURCE,"maharashtra_working_major_mineral_leases_2025.pdf; page 1, table 'LIST OF WORKING MINING LEASES FOR MAJOR MINERALS AS ON 01.04.2025'; https://mahadgm.gov.in/writereaddata/fckimagefile/WORKING%20MINE%20LIST%20%20Major%20minerals.pdf; retrieved 2026-09-29"
9/12,Nagpur,Maharashtra,M/s M.O.I.L.,Ramtek,Manganese ore,Kandri,83.06,10/07/1962,01/07/1962 to 29/6/2042,Working,,SOURCE,"maharashtra_working_major_mineral_leases_2025.pdf; page 1, table 'LIST OF WORKING MINING LEASES FOR MAJOR MINERALS AS ON 01.04.2025'; https://mahadgm.gov.in/writereaddata/fckimagefile/WORKING%20MINE%20LIST%20%20Major%20minerals.pdf; retrieved 2026-09-29"
10/13,Nagpur,Maharashtra,M/s M.O.I.L.,Ramtek,Manganese ore,"Chargaon, Khairi, Mansar, Parsoda, Kandri",108.63,10/07/1962,01/07/1962 to 30/6/2042,Working,"Amalgation on dated 18/01/2024, Executed on 28/03/2024, Amalgamation Period upto 31/05/2032. Total amalgation area 193.27 Ha.",SOURCE,"maharashtra_working_major_mineral_leases_2025.pdf; page 1, table 'LIST OF WORKING MINING LEASES FOR MAJOR MINERALS AS ON 01.04.2025'; https://mahadgm.gov.in/writereaddata/fckimagefile/WORKING%20MINE%20LIST%20%20Major%20minerals.pdf; retrieved 2026-09-29"
14,Nagpur,Maharashtra,M/s M.O.I.L.,Ramtek,Manganese ore,Chargaon,25.15,06/02/1981,14/05/1982 to 13/05/2032,Working,,SOURCE,"maharashtra_working_major_mineral_leases_2025.pdf; page 1, table 'LIST OF WORKING MINING LEASES FOR MAJOR MINERALS AS ON 01.04.2025'; https://mahadgm.gov.in/writereaddata/fckimagefile/WORKING%20MINE%20LIST%20%20Major%20minerals.pdf; retrieved 2026-09-29"
15,Nagpur,Maharashtra,M/s M.O.I.L.,Ramtek,Manganese ore,Mansar,5.74,21/04/1972,18/10/1972 to 31/03/2040,Working,,SOURCE,"maharashtra_working_major_mineral_leases_2025.pdf; page 1, table 'LIST OF WORKING MINING LEASES FOR MAJOR MINERALS AS ON 01.04.2025'; https://mahadgm.gov.in/writereaddata/fckimagefile/WORKING%20MINE%20LIST%20%20Major%20minerals.pdf; retrieved 2026-09-29"
16,Nagpur,Maharashtra,M/s MOIL,Ramtek,Manganese ore,Parsoda,53.75,18/01/2016,22/04/2016 to 21/04/2066,Working,,SOURCE,"maharashtra_working_major_mineral_leases_2025.pdf; page 1, table 'LIST OF WORKING MINING LEASES FOR MAJOR MINERALS AS ON 01.04.2025'; https://mahadgm.gov.in/writereaddata/fckimagefile/WORKING%20MINE%20LIST%20%20Major%20minerals.pdf; retrieved 2026-09-29"
11/17,Nagpur,Maharashtra,M/s M.O.I.L.,Ramtek,Manganese ore,Beldongri,12.99,14/07/1972,01/04/1973 to 31/03/2040,Working,,SOURCE,"maharashtra_working_major_mineral_leases_2025.pdf; page 1, table 'LIST OF WORKING MINING LEASES FOR MAJOR MINERALS AS ON 01.04.2025'; https://mahadgm.gov.in/writereaddata/fckimagefile/WORKING%20MINE%20LIST%20%20Major%20minerals.pdf; retrieved 2026-09-29"
12/18,Nagpur,Maharashtra,M/s M.O.I.L.,Ramtek,Manganese ore,Beldongri,26.66,10/07/1962,01/07/1962 to 30/06/2042,Working,,SOURCE,"maharashtra_working_major_mineral_leases_2025.pdf; page 1, table 'LIST OF WORKING MINING LEASES FOR MAJOR MINERALS AS ON 01.04.2025'; https://mahadgm.gov.in/writereaddata/fckimagefile/WORKING%20MINE%20LIST%20%20Major%20minerals.pdf; retrieved 2026-09-29"
17/23,Nagpur,Maharashtra,M/s M.O.I.L.,Parseoni,Manganese ore,Satak,8.68,10/07/1962,01/07/1962 to 30/6/2042,Working,,SOURCE,"maharashtra_working_major_mineral_leases_2025.pdf; page 1, table 'LIST OF WORKING MINING LEASES FOR MAJOR MINERALS AS ON 01.04.2025'; https://mahadgm.gov.in/writereaddata/fckimagefile/WORKING%20MINE%20LIST%20%20Major%20minerals.pdf; retrieved 2026-09-29"
18/24,Bhandara,Maharashtra,M/s M.O.I.L.,Parseoni,Manganese ore,Satak,16.84,12/06/1979,10/10/1980 to 09/10/2030,Working,,SOURCE,"maharashtra_working_major_mineral_leases_2025.pdf; page 2, table 'LIST OF WORKING MINING LEASES FOR MAJOR MINERALS AS ON 01.04.2025'; https://mahadgm.gov.in/writereaddata/fckimagefile/WORKING%20MINE%20LIST%20%20Major%20minerals.pdf; retrieved 2026-09-29"
25/1,Bhandara,Maharashtra,M/s Manganese ore India Ltd.,Tumsar,Manganese ore,"Chkhla, Sitasaongi, Edurbuchi",150.64,10/07/1962,01/07/1972 to 30/06/2042,Working,,SOURCE,"maharashtra_working_major_mineral_leases_2025.pdf; page 2, table 'LIST OF WORKING MINING LEASES FOR MAJOR MINERALS AS ON 01.04.2025'; https://mahadgm.gov.in/writereaddata/fckimagefile/WORKING%20MINE%20LIST%20%20Major%20minerals.pdf; retrieved 2026-09-29"
26/2,Bhandara,Maharashtra,M/s Manganese ore India Ltd.,Tumsar,Manganese ore,Dongri Bz,53.98,10/07/1960,01/07/1962 to 29/06/2042,Working,"Amalgation on dated 22/02/2024, Executed on 30/04/2024, Amalgamation Period upto 03/03/2028. Total amalgation area 234.02 Ha.",SOURCE,"maharashtra_working_major_mineral_leases_2025.pdf; page 2, table 'LIST OF WORKING MINING LEASES FOR MAJOR MINERALS AS ON 01.04.2025'; https://mahadgm.gov.in/writereaddata/fckimagefile/WORKING%20MINE%20LIST%20%20Major%20minerals.pdf; retrieved 2026-09-29"
3,Bhandara,Maharashtra,M/s Manganese ore India Ltd.,Tumsar,Manganese ore,"Balapur,Hamesha",46.25,03/04/1978,04/04/1978 to 03/04/2028,Working,,SOURCE,"maharashtra_working_major_mineral_leases_2025.pdf; page 2, table 'LIST OF WORKING MINING LEASES FOR MAJOR MINERALS AS ON 01.04.2025'; https://mahadgm.gov.in/writereaddata/fckimagefile/WORKING%20MINE%20LIST%20%20Major%20minerals.pdf; retrieved 2026-09-29"
4,Bhandara,Maharashtra,M/s Manganese ore India Ltd.,Tumsar,Manganese ore,"Dongri Bz, Balapur,Kurmuda",69.5,20/11/1979,18/02/1981 to 17/02/2031,Working,,SOURCE,"maharashtra_working_major_mineral_leases_2025.pdf; page 2, table 'LIST OF WORKING MINING LEASES FOR MAJOR MINERALS AS ON 01.04.2025'; https://mahadgm.gov.in/writereaddata/fckimagefile/WORKING%20MINE%20LIST%20%20Major%20minerals.pdf; retrieved 2026-09-29"
5,Bhandara,Maharashtra,M/s Manganese ore India Ltd.,Tumsar,Manganese ore,"Balapur,Hamesha",4.07,06/10/2011,09/12/2011 to 08/12/2061,Working,,SOURCE,"maharashtra_working_major_mineral_leases_2025.pdf; page 2, table 'LIST OF WORKING MINING LEASES FOR MAJOR MINERALS AS ON 01.04.2025'; https://mahadgm.gov.in/writereaddata/fckimagefile/WORKING%20MINE%20LIST%20%20Major%20minerals.pdf; retrieved 2026-09-29"
