mine,month,planned_tonnes,actual_tonnes,shortfall_tonnes,pred_shortfall_ratio,pred_shortfall_tonnes,model
Balaghat,2025-08-01,42070.0,40499.6,1570.4,0.0980661432415557,4125.6426461722485,et
Balaghat,2025-09-01,42070.0,33347.0,8723.0,0.1424806011049928,5994.158888487047,et
Balaghat,2025-10-01,42070.0,37332.0,4738.0,0.19391604254814435,8158.047910000432,et
Balaghat,2025-11-01,42070.0,35489.4,6580.6,0.15148555590070004,6372.997336742451,et
Balaghat,2025-12-01,42070.0,34672.1,7397.9,0.11362765467083377,4780.315432001977,et
Chikla,2025-08-01,9015.0,7485.4,1529.6,0.16570385424304163,1493.8202460010202,et
Chikla,2025-09-01,9015.0,8083.4,931.6,0.14034679261549637,1265.2263354286997,et
Chikla,2025-10-01,9015.0,8405.2,609.8,0.07852781801419276,707.9282793979477,et
Chikla,2025-11-01,9015.0,7354.5,1660.5,0.14096290984699383,1270.7806322706494,et
Chikla,2025-12-01,9015.0,7891.6,1123.4,0.11211583678127751,1010.7242685832167,et
Dongri Buzurg,2025-08-01,12020.0,8827.2,3192.8,0.2674234327569059,3214.4296617380087,et
Dongri Buzurg,2025-09-01,12020.0,9516.6,2503.4,0.16365212357432707,1967.0985253634115,et
Dongri Buzurg,2025-10-01,12020.0,11377.0,643.0,0.08035409072863327,965.8561705581719,et
Dongri Buzurg,2025-11-01,12020.0,10778.6,1241.4,0.1480416764930743,1779.460951446753,et
Dongri Buzurg,2025-12-01,12020.0,11253.4,766.6,0.10083681017752442,1212.0584583338436,et
Gumgaon,2025-08-01,13522.5,11748.8,1773.7,0.11728941454703841,1586.046108212327,et
Gumgaon,2025-09-01,13522.5,11747.5,1775.0,0.15680960518069043,2120.4578860558863,et
Gumgaon,2025-10-01,13522.5,12308.3,1214.2,0.09296511391972297,1257.1207529794538,et
Gumgaon,2025-11-01,13522.5,10489.2,3033.3,0.1399802199302089,1892.88252400625,et
Gumgaon,2025-12-01,13522.5,13330.1,192.4,0.12322484989533936,1666.3080327097264,et
Kandri,2025-08-01,12020.0,10366.0,1654.0,0.15673847492473242,1883.9964685952837,et
Kandri,2025-09-01,12020.0,10409.8,1610.2,0.13586300166566853,1633.0732800213357,et
Kandri,2025-10-01,12020.0,11549.5,470.5,0.10911255448555063,1311.5329049163186,et
Kandri,2025-11-01,12020.0,10004.1,2015.9,0.1968831257796759,2366.5351718717043,et
Kandri,2025-12-01,12020.0,9474.7,2545.3,0.15758937180973,1894.2242491529548,et
Mansar,2025-08-01,15025.0,12956.7,2068.3,0.11432430458371691,1717.7226763703466,et
Mansar,2025-09-01,15025.0,13328.4,1696.6,0.11074965590080132,1664.0135799095399,et
Mansar,2025-10-01,15025.0,14882.0,143.0,0.09238637235039164,1388.1052445646344,et
Mansar,2025-11-01,15025.0,12303.6,2721.4,0.12263815014369453,1842.6382059090104,et
Mansar,2025-12-01,15025.0,14027.9,997.1,0.1268405107001992,1905.7786732704928,et
Sitapatore,2025-08-01,7512.5,5708.9,1803.6,0.23185977935040958,1741.8465923699518,et
Sitapatore,2025-09-01,7512.5,6201.5,1311.0,0.17660459119331698,1326.741991339794,et
Sitapatore,2025-10-01,7512.5,6946.8,565.7,0.0979414360223953,735.7850381182446,et
Sitapatore,2025-11-01,7512.5,6473.5,1039.0,0.13167463783252908,989.2057167168748,et
Sitapatore,2025-12-01,7512.5,6855.6,656.9,0.10035679739395441,753.9304404220825,et
Tirodi,2025-08-01,18030.0,12809.0,5221.0,0.24319313399972697,4384.772206015077,et
Tirodi,2025-09-01,18030.0,13108.1,4921.9,0.18699342283091416,3371.491413641382,et
Tirodi,2025-10-01,18030.0,14234.1,3795.9,0.17158611613867789,3093.697673980362,et
Tirodi,2025-11-01,18030.0,15291.0,2739.0,0.14496490745786272,2613.717281465265,et
Tirodi,2025-12-01,18030.0,14381.1,3648.9,0.19460007045482622,3508.6392703005167,et
Ukwa,2025-08-01,21035.0,19434.8,1600.2,0.09182439698750809,1931.5261906322328,et
Ukwa,2025-09-01,21035.0,17786.5,3248.5,0.10227800561808406,2151.4178481763984,et
Ukwa,2025-10-01,21035.0,17138.7,3896.3,0.08594169882159738,1807.783634712301,et
Ukwa,2025-11-01,21035.0,17342.4,3692.6,0.11797876745071058,2481.683373325697,et
Ukwa,2025-12-01,21035.0,16913.9,4121.1,0.12076825056264336,2540.360150585203,et
