mine_or_block,state,district,lease_area_ha,reference_date,boreholes_2023_24,drilling_m_2023_24,unfc_tonnes,total_tonnes,source_page
Balaghat,Madhya Pradesh,Balaghat,182.3004,2024-04-01,26,11140,"111:1898492;122:11678706;211:10105595;332:1179766",24862559,66
Balaghat,Madhya Pradesh,Balaghat,76.409,2024-04-01,30,14010,"111:321788;222:265475",587263,66
Beldongri,Maharashtra,Nagpur,26.66,2024-04-01,,,"111:109523;221:245668",355191,66
Beldongri,Maharashtra,Nagpur,12.99,2024-04-01,,,"111:0;122:31767",31767,66
New Satak,Maharashtra,Nagpur,16.84,2024-04-01,,,"111:30787;221:3885",34672,66
Old Satak,Maharashtra,Nagpur,8.68,2023-04-01,,,"111:249951;221:652234",902185,66
Chikla,Maharashtra,Bhandara,,,3,850,,4814904,66
Dongri Buzurg,Maharashtra,Bhandara,174.80,2024-03-31,3,924,"111:2986230;121:32508;122:389365;211:5142700;222:2942757;331:598080;332:477236",14583826,66
Gumgaon,Maharashtra,Nagpur,85.90,,20,6094,"111:2775045;221:5670141;332:218750",8663936,66
Munsar,Maharashtra,Nagpur,108.63,2024-04-01,6,1474,"111:2020132;221:3045133",5065265,66
Munsar,Maharashtra,Nagpur,25.15,2024-04-01,,,"111:11235;221:0",11235,66
Munsar,Maharashtra,Nagpur,0.97,2024-04-01,,,"111:2466;221:0",2466,66
Munsar,Maharashtra,Nagpur,5.74,2024-04-01,4,802,"111:53595;221:164518",218113,67
Parsoda,Maharashtra,Nagpur,53.75,2024-04-01,,,"111:1030314;221:286561",1316875,67
Kandri,Maharashtra,Nagpur,83.06,2024-04-01,1,550,"111:3005233;221:8807750",11812983,67
Sitapatore-Sukli,Madhya Pradesh,Balaghat,43.353,2024-04-01,,,"111:331205.84;211:95893.47",427099.31,67
Sitapatore-Sukli,Madhya Pradesh,Balaghat,79.55,2024-04-01,,,"111:4676;121:34570.39;333:57000",96246.39,67
Tirodi,Madhya Pradesh,Balaghat,,,,,"111:506083;122:266115",772198,67
Ukwa,Madhya Pradesh,Balaghat,199.0673,2024-04-01,2,308,"111:982826;122:1174187;221:1398105",2555118,67
Ukwa,Madhya Pradesh,Balaghat,69.581,2024-04-01,40,2255,"111:440308;221:167125;331:3093563;332:2804200",6505196,67
