name,lat,lon,district,state,label,type,B2,B3,B4,B8,B11,B12,elevation,slope,aspect,iron_oxide_index,swir_nir_ratio,clay_alteration_idx,ferrous_iron_idx,ndvi,in_gondite_formation,dist_to_gondite_km,aspect_sin,aspect_cos,flag_B2_outlier,flag_B3_outlier,flag_B4_outlier,flag_B8_outlier,flag_B11_outlier,flag_B12_outlier,flag_elevation_outlier,flag_slope_outlier,flag_aspect_outlier,flag_iron_oxide_index_outlier,flag_swir_nir_ratio_outlier,flag_clay_alteration_idx_outlier,flag_ferrous_iron_idx_outlier,flag_ndvi_outlier,flag_dist_to_gondite_km_outlier,outlier_feature_count,is_any_outlier
Tirodi Mine,21.684,79.727,Balaghat,Madhya Pradesh,1,Positive (Known Deposit),0.0772,0.0979,0.1138,0.2132,0.2762,0.2132,283.0,4.7328,347.8587,1.4741,1.2955,1.2955,1.0,0.304,1,15.6627,-0.210323,0.977632,0,0,0,0,0,0,0,0,0,0,0,0,0,0,0,0,0
Bharweli Mine,21.8,80.22,Balaghat,Madhya Pradesh,1,Positive (Known Deposit),0.0538,0.0732,0.0676,0.171,0.1,0.052,306.0,4.095,283.0681,1.2565,0.7245499999999997,1.6566874999999999,0.3044,0.4334,1,15.6627,-0.974102,0.226109,0,0,0,0,0,0,0,0,0,0,0,1,0,0,0,1,1
Miragpur Deposit,21.64,79.82,Balaghat,Madhya Pradesh,1,Positive (Known Deposit),0.0758,0.1014,0.1239,0.2365,0.3184,0.2296,343.0,0.0,0.0,1.6346,1.3463,1.3865,0.971,0.3124,1,7.2949,0.0,1.0,0,0,0,0,0,0,0,0,0,0,0,0,0,0,0,0,0
Katangi Mine,21.7,79.8,Balaghat,Madhya Pradesh,1,Positive (Known Deposit),0.074,0.102,0.1254,0.2678,0.3369,0.2383,350.0,2.992,90.0,1.6953,1.258,1.4138,0.8898,0.362,0,7.5713,1.0,0.0,0,0,0,0,0,0,0,0,0,0,0,0,0,0,0,0,0
Garra Deposit,21.81,80.17,Balaghat,Madhya Pradesh,1,Positive (Known Deposit),0.0684,0.0864,0.0989,0.2155,0.3062,0.2186,308.0,4.0826,132.8743,1.4459,1.4211,1.4013,1.0142,0.3709,1,12.8007,0.732848,-0.680392,0,0,0,0,0,0,0,0,0,0,0,0,0,0,0,0,0
Sukli / Ramrama,21.78,79.88,Balaghat,Madhya Pradesh,1,Positive (Known Deposit),0.0813,0.1071,0.1239,0.254,0.3234,0.2259,344.0,5.4357,132.8802,1.524,1.273,1.4314,0.8894,0.3443,0,17.51,0.732778,-0.680468,0,0,0,0,0,0,0,0,0,0,0,0,0,0,0,0,0
Ukwa Mine,21.96,80.47,Balaghat,Madhya Pradesh,1,Positive (Known Deposit),0.0633,0.0858,0.1079,0.2048,0.2351,0.1749,402.5,2.7258,47.1558,1.7046,1.1477,1.3442,0.8538,0.31,1,8.4189,0.733206,0.680007,0,0,0,0,0,0,1,0,0,0,0,0,0,0,0,1,1
Jamrapani Mine,21.73,79.85,Balaghat,Madhya Pradesh,1,Positive (Known Deposit),0.0848,0.1138,0.1414,0.2662,0.3532,0.2563,335.0,2.7235,312.8902,1.6671,1.3273,1.3783,0.963,0.3059,0,13.5994,-0.732659,0.680596,0,0,0,0,0,0,0,0,0,0,0,0,0,0,0,0,0
Jarah Mohgaon,21.66,79.8,Balaghat,Madhya Pradesh,1,Positive (Known Deposit),0.043,0.0678,0.0455,0.12795000000000004,0.0365,0.0277,327.0,3.1311,287.2128,1.1295499999999998,0.7978,1.3177,0.6055,0.183775,1,5.2683,-0.955212,0.295921,0,0,0,1,1,0,0,0,0,0,0,0,0,1,0,3,1
Netra Deposit,21.72,79.83,Balaghat,Madhya Pradesh,1,Positive (Known Deposit),0.0703,0.0948,0.1159,0.2267,0.312,0.2301,341.0,0.9983,90.0,1.6498,1.3763,1.3559,1.015,0.3234,0,11.3257,1.0,0.0,0,0,0,0,0,0,0,0,0,0,0,0,0,0,0,0,0
Kaolkasa Deposit,21.6,80.05,Balaghat,Madhya Pradesh,1,Positive (Known Deposit),0.0431,0.0711,0.0626,0.2134,0.1124,0.0716,285.0,1.9943,90.0,1.4524,0.7245499999999997,1.5698,0.3355,0.508175,1,12.2365,1.0,0.0,0,0,0,0,0,0,0,0,0,0,0,0,0,0,0,0,0
Jagantola Deposit,21.9,80.35,Balaghat,Madhya Pradesh,1,Positive (Known Deposit),0.0361,0.05,0.0412,0.1974,0.1802,0.0972,402.5,2.1062,151.6803,1.1399,0.9131,1.6566874999999999,0.4924,0.508175,1,5.6081,0.474391,-0.880314,0,0,0,0,0,0,1,0,0,0,0,0,0,0,0,1,1
Gudma Deposit,21.92,80.4,Balaghat,Madhya Pradesh,1,Positive (Known Deposit),0.0372,0.052,0.0622,0.1726,0.204,0.1273,402.5,7.5807,148.3687,1.6707,1.1822,1.6029,0.7375,0.4705,1,10.3,0.524451,-0.851441,0,0,0,0,0,0,1,1,0,0,0,0,0,0,0,2,1
Laugur Deposit,21.85,80.3,Balaghat,Madhya Pradesh,1,Positive (Known Deposit),0.0771,0.1035,0.126,0.2526,0.3344,0.2434,318.0,4.2065,151.6887,1.6342,1.3241,1.3742,0.9636,0.3343,1,7.77,0.474262,-0.880384,0,0,0,0,0,0,0,0,0,0,0,0,0,0,0,0,0
Pardhi Mine,21.75,79.92,Balaghat,Madhya Pradesh,1,Positive (Known Deposit),0.0755,0.1002,0.1257,0.2352,0.3685,0.2786,316.0,4.7575,218.9204,1.6642,1.5664,1.3229,1.1841,0.3037,0,13.7979,-0.62824,-0.77802,0,0,0,0,0,0,0,0,0,0,0,0,0,0,0,0,0
Ghatkurti Deposit,21.68,80.12,Balaghat,Madhya Pradesh,1,Positive (Known Deposit),0.1107,0.1409,0.1632,0.2606,0.3273,0.2656,302.0,1.3623,312.9001,1.4743,1.2557,1.2323,1.019,0.2299,1,13.2361,-0.732542,0.680722,1,1,0,0,0,0,0,0,0,0,0,0,0,0,0,2,1
