id,nuid,project_title,commodity,state_name,district_name,toposheet_number,exploration_stage
1,CRO-07286-1971,"ostwerlimecectdtsie,udmMsapehhcaotrsoaprshshoitrnruansNnaomgRiapetnupogrora-rynBtehssauenrdvoaerryeasoidfnils",Manganese,"TRYAA MPARDAHDYEASH,MAHARASH","ya,Mandla,Nagpur,Rajnandgaon,Seoni","64C06,64C10,64C14,55O01,55O05,55O09,55O13,64C01,64C05,64C09,55N12,55N16,64B04,64B08,64B12,64B07,64B11,55K13",G4
2,CRO-18470-1972,"gssaitnorenis-ceGth,OarnMeoaIrhnavSreeascstthiotgrraatViBoAn&iRnVeCpCohBrihokanlntadhaeErxaMtaeDnni",Manganese,"AHARASHTMRAADHYA PRADESH,M","Balaghat,Bhandara",55O14,G3
3,CRO-10528-1973,"AeasgsOherasetsImnDeinMstitrrOaifgcptLu,orwMPaPidhnhodyskapahpPoarrraoduSesestchMt.Oaonnrg,TahnBeeasl",Manganese,"AHARASHTRA PRADESH,M","Balaghat,Bhandara",55O14,G4
4,CRO-10793-1974,"ROxaertdpeehoInyrnsatiJoPOanrngaaSdTneehtcseothloAars-ss,eGAshBsoaRmnleedapnigothrAatOntfdDMSiaasnmtgnraainpceutsr,AeEM",Manganese,DHYA PRAMDAEDSHHYA MA,Balaghat,"64C01,64C05,64B08,64B12,64C02,64C06,64C09",G4
5,CRO-12261-1976,"trnaiesdgsuhaIaytn-aiLoPaPnatrruaFtrdoerOSsfehAcsLtsaoMeurisgsnsu,omrBre-anKlataanngdOhhfaattOMonalDnaiTgshaAtennrIedinscveDteh,sOaM",Manganese,MADHYA PRA PRADESH,"Balaghat,Bhandara,Chhindwara,GondiBalaghat",64C05,G3
6,CRO-04494-1979,tarDaisshttrriabuatnidonMiandhMyaangParnaedseesThrOarceeRseEpolfemMeanh,Manganese,"HTRA DESH,MMAADHARAS","ya,Nagpur,Seoni","55K14,55K15,55O02,55O03,55O06,55O07,55O10,55O11,55O14,55O15",G4
7,CRO-15271-1962,"natnrTgieacsntte,sGeMeaoOdprhheyyasAitPcraCalhdIienksvmheasrtai,RgeaBptaoilroangshaoFtrotrDiOMs",Manganese,RADESH MADHY HYA P,Balaghat,55O14,G3
8,CRO-10615-1974,"eABsOasrleeasIgsnhmaeTtnhteDiOMsfitrrLaiogcwptuPrMh-aoPdsihpnyhdaokraPuprsaardtMeaSsOnehngcIatTnoheres,",Manganese,H A PRADES,Balaghat,"55O10,55O14",G4
9,CRO-15469-1981,"exnrpLilRemoaarmsParertahoimogoalrn-deNssFeIsotnrrRaBeMapaBlonearglgtathn,aOetnsSeeDTlihOeserctetrReieDdcgetipP,oornsiMaivpltansttEIe",Manganese,DHYA PRADESH MA,"Balaghat,Seoni",55O13,G3
10,CRO-18630-1982,"RsaaeDeigeohPipnarooiransdaiTTelteesshhhEIssxniipllFlR,ioaAnrmnBaardaltalimLaRoaagen-uhpNgaoFeutrotrtrrDaMiMisaAntnrergeiaaScneteOc,sfteoMWraOa,drrheaBy",Manganese,MADHYAMAPDRHAYDAESH,Balaghat,"55O13,55O14,64C01,64C02,64C05",G4
11,CRO-23290-2016,"pItlnroirWcaetts,itoeMnrandFhoByrlaoMcPakrnagOdafenseUhskewaRM,OeingnBieaGorlenaanlgeihrzaaatltiDEoixns","ManganeseBaseMetal,RareEarth",MPARDAHDYEASH,"BalaghatBalaghat,Bhandara,Gondiya,Nagpur,S","64B08,64B12,64C05,64C09",G2
12,CRO-03862-2021,"artanurdliselyraetzeniisaia,znaahrnrann.ggcmtpddethaiathfnorBBPieogntharnrasalegnnanalfapesodgiotossfahmruteoraire,cSatnaeniaastcaudDrsoiotsiiyefabeasssladrttRsmlrremiatwMiienrioccneeatbtttranhisasdloalfSeofniooafdzrtuBMathseMaactiealadlhinrrthhao,,aymrntmoraiauirNancannoasPetngegghrredsrepta","Elements,RareMetals,Tin-Tungsten,Cobalt,Manganese","MADH,YMAAHPARRAADSEHTRA PRADESH",eoni,"55O07,55O09,55O10,55O11,55O13,55O14,55O15",G4
13,CRO-17293-1971,"lrtoaeonsOrhfD(SteVerLp)caootwsAo-inrRMtd-eesVpdIAaoinr,ruetmCaBhhOPiEanhkanolsdTsatahp-rehDOapoofornDrugCitsrhsiitOM-krnaBlinuacAgztpauE,pnrxregtMaseaieSnhsesaaOcir",Manganese,"MADHYASH,MAHARASHTRA","Balaghat,Bhandara","55O10,55O14",G4
14,IBM-004205-1973,"oesnAheOrreBeaKa,anHtdoBasranilgAzajsoghsnhaoIarcntiiaUDMtkiaewsndat,rWiiBcSthttha,urdTwMyheaeldOihfM,yaaSnLigaPlaurtngaseudtsre",Manganese,MADHYA PRADESH,Balaghat,64C05,G4
15,IBM-00037-2010,"eKaaat(t(HaAenrlgedjaaBr5y).1ST0ha1rhi.H-aAL.da)iltbgyuaGarnereoPasla,eongdDOiiirtsetV.Pi-.lBLla.algaAegrh",Manganese,PRMAADDEHSYHA,Balaghat,55O13,G3
16,IBM-00043-2009,"iaOln-PKrPharadoiesrsplheacntjGiien,oglDoFigosirtcraMilacntRg-aBnaelsacegahlOartReeMpTaoadrhhtsy",Manganese,MADHYA PRADESH,Balaghat,55O14,G3
17,IBM-00044-2013,"etcAatrnPiegrnaiog(,sTpFoDeoticrastltiMrnaAignrcgetRaa-en-Bpe3aos6lre.a4gO2hr9aeteHpJaMoa.arm)dt-hATyOreanjhpusrPniarildo-esPKsplah",Manganese,MADHYA PRADESH,Balaghat,55O13,G3
18,IBM-00047-2012,e-sWearOarseeoDneipoDsiisttrViiclttl-aBOgafel-aBBguuhddabbtuu(ddMaa.PMT)aenhgsainl,Manganese,PRADESH,Balaghat,55O13,G3
19,IBM-00051-2009,osdNsDteiperslepihcocMtstAiiirnntBeegaarVlaRia6lelg.plh8Uoaa1nrgt0dte(eMHrFJ.eoaPcPrm.tl)aJTrMaeSeamhtnsaAgMitrnaleeenasgKMIeaaanntdOeahFrsnyoeegarieOPsPrDrtreia,Manganese,DHYA PRADESH MA,Balaghat,55O13,G3
20,IBM-00055-2009,onOtldrVroeeiigrlciAltcPra-aregBloaeas(-lp4PgPe.ihrc6paot4etsi2r(pntMegHo.calPtL.a.ii))nc(TgeNanohPRsnsreeiopFlsoOo-prfrKeteacMsnOattfnagAnAargrneieeaas)DGeIieUns,Manganese,DHYA PRADEMSAHDHYA MA,Balaghat,55O14,G3
21,IBM-00082-2010,roaeA3tsrsSrihoeFtDuaPoiRtrrVsah3oitn0sDlrgB3phliea.eaacl9cngtLa1tseog0iuBghnaDauaHghlrtaLaa.ongBMRgshliFeuuaonopratcerkreMLSasaotDltngahgutaMCarenaonsnmeTMugpseaaaatehdnnishDernOiyistgrlavemeieRBPsOneDarirtpeiaoeophdn9,Manganese,MADHYA PRADESH,Balaghat,64C05,G3
22,IBM-00084-2010,aBPUnrnarkeeeiawrsshdaateaelrsFCOhoMorDrameiRenpsasgaDtntarergntpieDemocisestNvenioittBrsOatirNVlhoeoian1olgUA8rlhkNr0taawoe2gtaraFetoSFh2rPUto4rkarB3Uowtea.ksaesl0wpta0aTMgeaBhHMhdlaaashot.niycalakMFgio,Manganese,PRADESMHADHY,Balaghat,64C05,G3
23,IBM-00106-2014,"Ra-egBpeao-lrCathgihCkahmtia,krmaMa,ardaThayMhaasnipglra-anKdeaestseahnDgeiGp,eoosDeliictsttiVrniiglclt",Manganese,SH MADAH PRADE,Balaghat,55O14,G3
24,IBM-00138-2013,"euPrrDaoeisp,PporesDociisttspi,ten.cgVtiSiRlenelogpanogiRre,et-pDMDh.hoPob.biitAtorolelaaa,1MT3aa.onh0ggs5iaicnlHae-alsK.",Manganese,MADDHEYSAH YA PRA,"Balaghat,Seoni",55O10,G3
25,IBM-00148-2014,"nKdeaestseahnDgAeirp,eoasDiiOtsftVr5ii.lc9lt5a-5gBeaHo-lerCacthgtihaCkarhmteia,skrmaMa,arPdarThoayMhaasnipglra-a",Manganese,PRADESH MAD,Balaghat,55O14,G3
26,IBM-00325-2011,"iVi4nic.glt2l-7RaB8egapelHo-aerSgctohtnaaSetrog,enaseoMgnaa,dFohinTyneaaMhlasPnirRglaea-dpnKeeassthen.gDiAe,rpesoDapsieisOcttftr","Gold,Copper,Lead,Zinc,CobManganese",RADESMHADHYA HYA P,Balaghat,55O14,G3
27,IBM-00404-2010,ndqdal.hiaysKasRma.PnPrcDaeBidlseSotsucrhrkiv(ceRtPypr.BoONasvolpe.aer-gc9htB5aia)tnlaAAogrnrhedtaatMO7anA4nn2dRd.le0acM0oaMnnSa,"alt,Manganese,Bauxite,Iron,Nickel,Silver",MADHYA PRADESH,"Balaghat,Mandla,Seoni","55N14,55N15,55N16,64B02,64B03,64B04,64B06,64B07,64B08,64B10,64B11,64B12",G4
28,IBM-00458-2011,appoMonanadarhPryrTaoMapahPensrcgiataldin-eneKsgsahetRaAeDnrpegeopiaosDOiiftst9gVr.ii1Rlc7elt2pa-ogBHreaet-lcLatLigainhrngaegats,Manganese,MADHYA PRADESH,"Balaghat,Seoni",55O10,G3
29,IBM-00459-2011,"alrn-aeKdsaeetsahDnegApiro,esaiDtiOsfVtir4li.lc8at5g6rebt-aHLleLiacingtnghagaaraptepo,sonnaMarar,dRThMayahansgip",Manganese,PRADESH M,"Balaghat,Seoni",55O10,G3
30,CRO-1463-2010,tlcDatOegnpeBo-aPsJlriaaotmgskhpOhaevatcertriMi.nATPgna.hOAifrselJaRaKemOhpkfaohira1rtr3li.a9nM9ja3ingHDaaienspeVtosirreli,Manganese,A PRADESMHADHYA ADHY,Balaghat,55O14,G3
31,CRO-22117-1975,"sOn,trdieBgAaaDolthlaiaagonjhnshauitFaro-iDrL-iaBsAuatsglrsaaiergcs,htsa,mLteaMnuSatgedachOrtyf-oaKrOMaPnanMrnh.aTgaPdhat.eenosIelBhnsaeveleAt",Manganese,PRADESH,Balaghat,"64C01,64C05",G3
32,CRO-23938-2023,"RNPEGUDPARION,SRETTSPREAIOYCNMATIL,RNIEEMCRAAOANDNLDHNIYAZSAIAESTRPSIVRAOIANNDCIAEENRSEHSBA(UHSRAOTVGFAEOGYLBEIA-F,LGOA4RHG)IH.MRAAAT",Manganese,MADHYA PRADESH,Balaghat,"64C01,64C05",G4
33,CRO-04014-2023,"ntReDeroDcaniolgsniatnzrraaiiitycsiatso,ananinMcndaedKKhSaayunsarkpviuPe,rryafBadoarerlesaahMgsahnaoAgtfa,RnBeGasalerargmahi,a",Manganese,MADHYA PRADESH MAD,Balaghat,"64C01,64C02",G4
34,CRO-26238-1970,"OonnanrtdtuoTslLDhaaieM-usaGgtAnhursgorisan-cendKtseia,ss(nmeIhMe)aanO,tdtroheDlyOIhaafna(vnIPLesirosu)awtad-i-SeMgLeseaachdtutiigouourRmnr,eI(ecPnIBphiaooJilrsa)atpgghaAh",Manganese,"ADESH,MAHARASHTRA MAHDYA PR","Balaghat,Bhandara,Nagpur,Seoni","55O03,55O07,55O10,55O11,55O14,55K15,64C01,64C05,64C09",G4
35,CRO-24036-2023,"soa,surapiMnacoadefrhreysoaaucsrk,PvsreiSaynedfoeoPnsriihpmaaarnFnwdigananBaniale,lsaReAgeighnraitSaadunisdsoatnrKrnoiaGycirlt",Manganese,RADESHMADHYA HYA P,"Balaghat,Seoni",55O10,G4
36,CRO-23394-2017,"lriiaOcmlftii,nsWaaeMrtsayitdoehEnryxInapnlUPoGkrruwaadadtmeiaBsolhnBolcOokAfc,kRM,BeaapnAlpognaoragrnEhtexasttOeennDMsiPiisrnoteenr",Manganese,MADHYAPRADESH,Balaghat,64C05,G3
37,CRO-02042-1974,"Aass,sGehBsoasnlmdaeignhtAantOdfDSiMasamtnnrgaiapcnuter,seEMxpOtreenAIsnitNooJnOangSaeTnchtteoolr","ManganeseCopper,Iron,Limestone,Clay,",MADPHRADESH,Balaghat,"64B08,64B12,64C05,64C09",G4
38,CRO-14471-1966,"h,saeenLIdRinlemapeP,osartrDtotienssdet,OrOficCcclTtuai,rykr,aMemanBgdcaaheurysxhai,OtPfeRraaCAjdongepdasprhteMheIra,nAOnIgnnradonTneM","Bauxite,Manganese",ESH YA PMRAD,"Balaghat,Mandla","54D08,54D12,54D16,54H04,54H08,55A05,55A09,55A13,55E01,55E02,55E05,55E06,64B07,64B11,64B12,55A14",G4
39,DMP-05874-1980,"ieetmd,OPiRrrMeeiAapvndoDadhretytpeBaorOsLoPnietrtahaEIsedxnerepsslRHhoaoLrmltarddta.SimOaoafBmnapEMllFa/aiosSgnrt.haMMJtai.nnADge.iassn,TtterresTiirehvc",Manganese,YA PRADMEASDHHYA ADH,Balaghat,"55O13,64C01",G3
40,CRO-20089-1975,angAanReespeorOtreOInnEBxapllaoghat DistgriOcft(TMh.eP.M),Manganese,"MAHDAHRYAASHTRA PRADESH,MA","Balaghat,Bhandara,Seoni","64B04,64B08,64B12,55O09,55O10,55O13,55O14,64C01,64C02,64C05,64C06,64C09",G4
41,MCL-002034-1970,"nsatiDdoeeOnpsfohAsriMetGaaEnBOgaLaAlOnlaGeogIsnhCegaAtLODriRrepDEaiPtPDsioitotrrneeinccAtttnii,daolnMAIasnOdsfheEysxUastkmewPenar",Manganese,MADHYPARADESH,Balaghat,"64B08,64C05",G4
42,CRO-2356-2023,"SAYAMANASANDEDCBOHEALNYSOIASSCUOKPRC(KRVIAHAEArADYTeIE(EaLSGD-AH-1N4M4JI0ISN.,RTE2DeAR2IpGASoELSTOr)SqRRtIITFNKCOOmTOnRK)-NAMTTBRAOEAENRHLCGISAOA-IGNNJLHNEH-AASIWTIERA,SIR",Manganese,MAPDRHAYDAESH,Balaghat,55O14,G4
43,CRO-21489-1994,"ls,IantMviaeodsnhtIyinagaUPtkriwaoadneAsFrhoera,AMRaBenapgloaarngtehsaGeteoMDpiihnsyetsrriaiclcait",Manganese,MADHYA P PRADESH,Balaghat,"64C05,64C09",G4
44,CRO-11555-1993,"ndaDrPiyasIutnnrviieycsattiABgraaeltaai,gohnNaotFr,otrhM-aEdMahasyntagaOPOnfrneasdPeTeriseArhlroiodmuiin,",Manganese,"RASHTRA RADESH,MAHA","Balaghat,Bhandara","55O10,55O14",G4
45,CRO-15895-1975,ea)pnogratneOsne GORerenepesosriOtsf OACnnednGtrPraearltIongdriaap(hIygcOpf-11RM1,Manganese,ADHYAMAPDRHAYDAESH M,Balaghat,"55O10,55O03,55O07,55O11,64C05",G4
46,CRO-03382-1975,"i-McNaIadnrhvwyeaasntjPiprgaaardteiAsorhnesa, RFeoBpraolrMavtaginhtOgaynatnAeDnsides,tMraDigocnrtel,ti",Manganese,MADPHRYAADESH,Balaghat,"55O13,55O14",G4
47,IBM-009261-1974,"lhlIianrgvihe-asBttailDgaiagsthtiarotin-csJta,FroaMraMdohMhyaaanggaPaornnaedGseeeAsoIrhpnehayAssGo,ilcaBaja",Manganese,PRADESHM,Balaghat,"55O14,64C01,64C02,55O13",G4
48,IBM-00538-2009,"ogOKiracetaalDnegPpiroosDsiiptse,tcrtAiitcntgViBRlaellpaaoggrehtaStOe,flwMMa.aPnT.gaahnaeesosilel",Manganese,YA PRADESH ADH,"Balaghat,Seoni",55O13,G4
49,CRO-2539-2010,"laadonlegebsisuhcerarlOaRr,eReceDopKinoasnrttatarinisOgcsnjtah-nPaBcrraeoilsapPgelhcatAtir,negaMaFTdoahrhysaMiGalPen-rogLa",Manganese,HYMAADPHRYAADESH MAD,"Balaghat,Seoni",55O13,G4
50,DMP-04228-2024,"esTdeiiiksnatrrSiiacuatsn,adrMDaGodrnhogyuaaprgPoarfoarndsoeucasrkrhvseeiaynsfS,oaJrmoBpgamilatanogglhaaan,t",Manganese,PRADESMHADH,"Balaghat,Seoni",55O10,G4
51,DMP-00150-1975,f(tMh.eP)Manganese OreIn Balaghat DilsitnrgicOt,Manganese,DESH YA PRA,Balaghat,"64B04,55O09,55O10,64B08,55O13,55O14,64B12,64C01,64C02,64C05,64C06,64C09,64C10",G4
