name,lat,lon,district,state,label,type,B2,B3,B4,B8,B11,B12,elevation,slope,aspect,iron_oxide_index,swir_nir_ratio,clay_alteration_idx,ferrous_iron_idx,ndvi,in_gondite_formation,dist_to_gondite_km,aspect_sin,aspect_cos,flag_B2_outlier,flag_B3_outlier,flag_B4_outlier,flag_B8_outlier,flag_B11_outlier,flag_B12_outlier,flag_elevation_outlier,flag_slope_outlier,flag_iron_oxide_index_outlier,flag_swir_nir_ratio_outlier,flag_clay_alteration_idx_outlier,flag_ferrous_iron_idx_outlier,flag_ndvi_outlier,flag_dist_to_gondite_km_outlier,outlier_feature_count,is_any_outlier
Tirodi Mine,21.684,79.727,Balaghat,Madhya Pradesh,1,Positive (Known Deposit),0.0772,0.0979,0.1138,0.2132,0.2762,0.2132,283,4.7328,347.8587,1.4741,1.2955,1.2955,1.0,0.304,1,15.6627,-0.210323,0.977632,0,0,0,0,0,0,0,0,0,0,0,0,0,0,0,0
Chikla Mine,21.55,79.65,Bhandara,Maharashtra,1,Positive (Known Deposit),0.0534,0.0746,0.0642,0.2474,0.15949999999999998,0.0804,315,2.1984,65.0593,1.2032,0.6060500000000004,1.7582,0.3252,0.5876,1,15.1427,0.906745,0.42168,0,0,0,0,0,0,0,0,0,0,0,0,0,0,0,0
Sitasaongi Mine,21.56,79.64,Bhandara,Maharashtra,1,Positive (Known Deposit),0.06,0.0874,0.0912,0.2265,0.297,0.2108,318,0.9972,270.0,1.5213,1.311,1.409,0.9305,0.4259,1,14.4627,-1.0,-0.0,0,0,0,0,0,0,0,0,0,0,0,0,0,0,0,0
Dongri Buzurg Mine,21.53,79.7,Bhandara,Maharashtra,1,Positive (Known Deposit),0.0636,0.0896,0.1171,0.2413,0.3625,0.2732,335,5.5015,147.1778,1.8426,1.5023,1.3271,1.132,0.3465,1,14.2809,0.542034,-0.840357,0,0,0,0,0,0,0,0,0,0,0,0,0,0,0,0
Mansar Deposit,21.39,79.25,Nagpur,Maharashtra,1,Positive (Known Deposit),0.0689,0.0924,0.1088,0.2214,0.2916,0.2164,320,0.996,270.0,1.5791,1.3173,1.3474,0.9776,0.341,0,6.1328,-1.0,-0.0,0,0,0,0,0,0,0,0,0,0,0,0,0,0,0,0
Kandri Mine,21.42,79.28,Nagpur,Maharashtra,1,Positive (Known Deposit),0.0636,0.0924,0.0998,0.2444,0.299,0.22,336,3.5133,121.8245,1.5712,1.2232,1.3594,0.8998,0.42,0,2.06,0.849667,-0.527319,0,0,0,0,0,0,0,0,0,0,0,0,0,0,0,0
Gowari Wadhona,21.52,79.52,Nagpur,Maharashtra,1,Positive (Known Deposit),0.0358,0.03991249999999996,0.0276,0.14584999999999995,0.15949999999999998,0.05848750000000001,344,3.7048,180.0,1.1056125000000003,1.2037,1.098,1.0963,0.06971250000000012,1,3.9157,0.0,-1.0,0,0,0,1,1,1,0,0,1,0,0,0,1,0,5,1
Parsoda Deposit,21.36,79.35,Nagpur,Maharashtra,1,Positive (Known Deposit),0.0567,0.0799,0.0777,0.2632,0.2604,0.1632,301,3.4178,215.5965,1.3704,0.989,1.5953,0.6199,0.5442,1,8.4189,-0.582073,-0.813136,0,0,0,0,0,0,0,0,0,0,0,0,0,0,0,0
Kurmura Mine,21.52,79.61,Bhandara,Maharashtra,1,Positive (Known Deposit),0.0625,0.08,0.1,0.2054,0.3196,0.2368,326,2.105,331.7434,1.5992,1.556,1.3494,1.1531,0.3453,1,11.8092,-0.473421,0.880836,0,0,0,0,0,0,0,0,0,0,0,0,0,0,0,0
Junawani Deposit,21.55,79.35,Nagpur,Maharashtra,1,Positive (Known Deposit),0.102,0.1306,0.1482,0.2228,0.2852,0.2234,392,0.0,0.0,1.4534,1.2801,1.2766,1.0027,0.2009,0,15.3215,0.0,1.0,0,0,0,0,0,0,0,0,0,0,0,0,0,0,0,0
Pauni Mn Belt,21.15,79.65,Bhandara,Maharashtra,1,Positive (Known Deposit),0.0404,0.0664,0.0513,0.32465,0.1718,0.0894,248,1.3596,46.9962,1.2698,0.6060500000000004,1.8797750000000004,0.257,0.7428,0,12.9021,0.731308,0.682047,0,0,0,1,0,0,0,0,0,0,1,0,0,0,2,1
Wandara Deposit,21.4,79.7,Bhandara,Maharashtra,1,Positive (Known Deposit),0.0619,0.0885,0.1025,0.2368,0.2972,0.2116,279,0.9961,270.0,1.6559,1.255,1.4044,0.8936,0.3959,1,11.7001,-1.0,-0.0,0,0,0,0,0,0,0,0,0,0,0,0,0,0,0,0
Asolpani Deposit,21.35,79.68,Bhandara,Maharashtra,1,Positive (Known Deposit),0.0635,0.088,0.1048,0.2228,0.2766,0.2043,269,0.9274,0.0,1.6517,1.241,1.3536,0.9168,0.3603,1,12.36,0.0,1.0,0,0,0,0,0,0,0,0,0,0,0,0,0,0,0,0
Control_Point_Outer_1,21.70746,79.23251,Outer Region Control,,0,Negative (Outer Region Control Point),0.0443,0.0538,0.0322,0.14584999999999995,0.15949999999999998,0.05848750000000001,483,0.0,0.0,1.1056125000000003,0.6060500000000004,1.4375,0.4051,0.06971250000000012,0,25.856187500000004,0.0,1.0,0,0,0,1,1,1,1,0,1,0,0,0,1,1,7,1
Control_Point_Belt_1,21.36128,79.49017,Gondite Belt Control,,0,Negative (Intra-Belt Control Point),0.0861,0.1234,0.1493,0.2778,0.3192,0.2383,299,2.9527,340.3066,1.734,1.1488,1.3393,0.8578,0.3009,1,16.8494,-0.336987,0.941509,0,0,0,0,0,0,0,0,0,0,0,0,0,0,0,0
Control_Point_Outer_3,21.94757,79.31302,Outer Region Control,,0,Negative (Outer Region Control Point),0.0427,0.0528,0.06,0.1955,0.2547,0.1688,494,2.1064,151.6723,1.4052,1.3031,1.5089,0.8636,0.5302,0,25.856187500000004,0.474514,-0.880248,0,0,0,0,0,0,1,0,0,0,0,0,0,1,2,1
Control_Point_Outer_4,21.50083,79.23874,Outer Region Control,,0,Negative (Outer Region Control Point),0.0428,0.0651,0.056,0.1696,0.244,0.1448,372,1.9929,90.0,1.3088,1.438,1.6853,0.8532,0.504,0,10.9687,1.0,0.0,0,0,0,0,0,0,0,0,0,0,0,0,0,0,0,0
Control_Point_Outer_6,21.12521,79.45849,Outer Region Control,,0,Negative (Outer Region Control Point),0.0624,0.0894,0.0981,0.2416,0.237,0.1607,266,0.9942,270.0,1.5721,0.981,1.4745,0.6653,0.4223,0,11.1894,-1.0,-0.0,0,0,0,0,0,0,0,0,0,0,0,0,0,0,0,0
Control_Point_Outer_8,21.86896,79.20845,Outer Region Control,,0,Negative (Outer Region Control Point),0.0426,0.0608,0.0567,0.304,0.15949999999999998,0.0706,494,1.8543,0.0,1.331,0.6060500000000004,1.8797750000000004,0.2322,0.6856,0,25.856187500000004,0.0,1.0,0,0,0,0,0,0,1,0,0,0,1,0,0,1,3,1
Control_Point_Belt_3,21.42324,79.40212,Gondite Belt Control,,0,Negative (Intra-Belt Control Point),0.08,0.1071,0.1256,0.2588,0.3151,0.2204,327,1.8543,180.0,1.5684,1.2175,1.43,0.8514,0.3467,1,10.5245,0.0,-1.0,0,0,0,0,0,0,0,0,0,0,0,0,0,0,0,0
Control_Point_Outer_10,22.00935,79.63757,Outer Region Control,,0,Negative (Outer Region Control Point),0.0526,0.0698,0.0941,0.181,0.2686,0.1863,494,6.2575,72.8267,1.7873,1.4841,1.4415,1.0296,0.3158,0,25.856187500000004,0.955416,0.295263,0,0,0,0,0,0,1,0,0,0,0,0,0,1,2,1
Control_Point_Belt_4,21.18811,79.32573,Gondite Belt Control,,0,Negative (Intra-Belt Control Point),0.0659,0.099,0.1042,0.2614,0.2173,0.1496,269,2.9523,160.328,1.5819,0.8313,1.4521,0.5725,0.4298,1,7.9628,0.336635,-0.941635,0,0,0,0,0,0,0,0,0,0,0,0,0,0,0,0
Control_Point_Outer_16,21.76934,79.25957,Outer Region Control,,0,Negative (Outer Region Control Point),0.0415,0.0532,0.0649,0.1772,0.2704,0.1772,494,1.3627,227.1176,1.5651,1.5252,1.5257,0.9997,0.4637,0,25.856187500000004,-0.732752,-0.680496,0,0,0,0,0,0,1,0,0,0,0,0,0,1,2,1
Control_Point_Belt_6,21.3165,79.5762,Gondite Belt Control,,0,Negative (Intra-Belt Control Point),0.0502,0.0744,0.0661,0.32465,0.2482,0.1485,281,1.3604,47.0285,1.318,0.7624,1.6712,0.4562,0.6625,1,11.0462,0.731693,0.681634,0,0,0,0,0,0,0,0,0,0,0,0,0,0,0,0
Control_Point_Outer_17,21.1758,79.50263,Outer Region Control,,0,Negative (Outer Region Control Point),0.0642,0.0867,0.0962,0.2128,0.2628,0.1782,267,1.9885,90.0,1.4981,1.2353,1.4752,0.8374,0.377,0,6.9193,1.0,0.0,0,0,0,0,0,0,0,0,0,0,0,0,0,0,0,0
Control_Point_Outer_18,21.19595,79.56137,Outer Region Control,,0,Negative (Outer Region Control Point),0.0558,0.0826,0.0747,0.2458,0.2352,0.1557,312,8.0948125,347.4883,1.3399,0.9565,1.5103,0.6333,0.5339,0,2.9151,-0.216639,0.976252,0,0,0,0,0,0,0,1,0,0,0,0,0,0,1,1
Control_Point_Outer_19,21.7039,79.67428,Outer Region Control,,0,Negative (Outer Region Control Point),0.0996,0.1304,0.1582,0.3036,0.3851,0.2866,335,4.2055,208.287,1.5886,1.2773,1.3529,0.9442,0.315,0,9.8296,-0.473888,-0.880585,0,0,0,0,0,0,0,0,0,0,0,0,0,0,0,0
Control_Point_Belt_7,21.45167,79.47236,Gondite Belt Control,,0,Negative (Intra-Belt Control Point),0.0459,0.0661,0.0559,0.2026,0.2188,0.1277,400,4.388,294.9555,1.2179,1.08,1.7141,0.6301,0.5675,1,11.2798,-0.906636,0.421914,0,0,0,0,0,0,0,0,0,0,0,0,0,0,0,0
Control_Point_Outer_22,21.25523,79.69329,Outer Region Control,,0,Negative (Outer Region Control Point),0.047,0.0782,0.0656,0.2436,0.171,0.1008,256,1.3601,132.9834,1.3953,0.7023,1.6961,0.4141,0.5754,0,15.2139,0.731551,-0.681786,0,0,0,0,0,0,0,0,0,0,0,0,0,0,0,0
Control_Point_Belt_10,21.3176,79.24173,Gondite Belt Control,,0,Negative (Intra-Belt Control Point),0.073,0.0958,0.105,0.2547,0.239,0.1778,295,0.9955,90.0,1.4384,0.9382,1.3438,0.6981,0.4163,1,4.3064,1.0,0.0,0,0,0,0,0,0,0,0,0,0,0,0,0,0,0,0
Control_Point_Belt_11,21.39968,79.54806,Gondite Belt Control,,0,Negative (Intra-Belt Control Point),0.0544,0.0884,0.0789,0.2576,0.274,0.1743,294,4.0764,312.9553,1.4504,1.0637,1.5723,0.6765,0.5311,1,17.4043,-0.731886,0.681428,0,0,0,0,0,0,0,0,0,0,0,0,0,0,0,0
Control_Point_Outer_26,21.93255,79.60908,Outer Region Control,,0,Negative (Outer Region Control Point),0.0815,0.1062,0.126,0.2524,0.2836,0.2138,494,0.9274,0.0,1.5454,1.1236,1.3265,0.8471,0.3342,0,25.856187500000004,0.0,1.0,0,0,0,0,0,0,1,0,0,0,0,0,0,1,2,1
Control_Point_Outer_27,21.72267,79.71432,Outer Region Control,,0,Negative (Outer Region Control Point),0.0737,0.1006,0.1286,0.2389,0.3635,0.268,344,1.3625,132.8916,1.7442,1.5216,1.3561,1.122,0.3003,0,8.8641,0.732643,-0.680613,0,0,0,0,0,0,0,0,0,0,0,0,0,0,0,0
Control_Point_Belt_12,21.35164,79.52062,Gondite Belt Control,,0,Negative (Intra-Belt Control Point),0.056,0.0763,0.078,0.262,0.2658,0.1596,293,0.0,0.0,1.395,1.0143,1.6649,0.6092,0.541,1,14.9221,0.0,1.0,0,0,0,0,0,0,0,0,0,0,0,0,0,0,0,0
Control_Point_Outer_29,21.6333,79.54156,Outer Region Control,,0,Negative (Outer Region Control Point),0.0606,0.078,0.0937,0.1928,0.301,0.2125,370,3.8361,344.9468,1.5449,1.5615,1.4167,1.1022,0.3459,0,10.1891,-0.259716,0.965685,0,0,0,0,0,0,0,0,0,0,0,0,0,0,0,0
Control_Point_Belt_13,21.47943,79.48512,Gondite Belt Control,,0,Negative (Intra-Belt Control Point),0.0598,0.0856,0.0942,0.2452,0.3375,0.2221,385,2.7803,0.0,1.5766,1.3767,1.5196,0.906,0.4448,1,7.9818,0.0,1.0,0,0,0,0,0,0,0,0,0,0,0,0,0,0,0,0
Control_Point_Belt_14,21.39214,79.2753,Gondite Belt Control,,0,Negative (Intra-Belt Control Point),0.0668,0.0922,0.101,0.2576,0.2772,0.1948,322,3.8356,164.9707,1.5124,1.0765,1.4229,0.7566,0.4368,1,4.0045,0.259313,-0.965793,0,0,0,0,0,0,0,0,0,0,0,0,0,0,0,0
Control_Point_Belt_17,21.50198,79.47534,Gondite Belt Control,,0,Negative (Intra-Belt Control Point),0.0433,0.0618,0.0566,0.1871,0.2444,0.1438,377,0.9274,0.0,1.3083,1.306,1.6998,0.7683,0.5352,1,5.9045,0.0,1.0,0,0,0,0,0,0,0,0,0,0,0,0,0,0,0,0
Control_Point_Belt_19,21.29109,79.60523,Gondite Belt Control,,0,Negative (Intra-Belt Control Point),0.1024,0.13201250000000003,0.1706,0.2532,0.3311,0.2682,269,4.0748,227.0235,1.6665,1.3074,1.2345,1.059,0.1949,1,9.7277,-0.731633,-0.681698,0,0,0,0,0,0,0,0,0,0,0,0,0,0,0,0
Control_Point_Belt_21,21.21495,79.49211,Gondite Belt Control,,0,Negative (Intra-Belt Control Point),0.0704,0.0962,0.1116,0.2488,0.2824,0.2387,269,0.9948,270.0,1.5864,1.1348,1.1829,0.9594,0.3807,1,5.989,-1.0,-0.0,0,0,0,0,0,0,0,0,0,0,0,0,0,0,0,0
Control_Point_Belt_22,21.31861,79.48628,Gondite Belt Control,,0,Negative (Intra-Belt Control Point),0.0775,0.1008,0.1149,0.2665,0.3178,0.2248,277,0.9274,180.0,1.4826,1.1925,1.414,0.8433,0.3975,1,12.7626,0.0,-1.0,0,0,0,0,0,0,0,0,0,0,0,0,0,0,0,0
Control_Point_Belt_23,21.30352,79.37201,Gondite Belt Control,,0,Negative (Intra-Belt Control Point),0.0873,0.1148,0.1589,0.2676,0.3444,0.2636,295,2.1954,245.0222,1.8202,1.2874,1.3065,0.9854,0.2548,1,14.9057,-0.906471,-0.422267,0,0,0,0,0,0,0,0,0,0,0,0,0,0,0,0
Control_Point_Belt_26,21.48249,79.64109,Gondite Belt Control,,0,Negative (Intra-Belt Control Point),0.0578,0.0861,0.0993,0.2138,0.2658,0.1844,315,3.8358,164.9618,1.7174,1.2432,1.441,0.8627,0.3655,1,16.3506,0.259463,-0.965753,0,0,0,0,0,0,0,0,0,0,0,0,0,0,0,0
Control_Point_Belt_27,21.50079,79.56211,Gondite Belt Control,,0,Negative (Intra-Belt Control Point),0.0445,0.0612,0.064,0.191,0.2626,0.1585,356,4.0779,227.0645,1.4398,1.3742,1.6565,0.8296,0.4981,1,8.4121,-0.732121,-0.681175,0,0,0,0,0,0,0,0,0,0,0,0,0,0,0,0
Control_Point_Belt_28,21.53226,79.74991,Gondite Belt Control,,0,Negative (Intra-Belt Control Point),0.0802,0.1042,0.122,0.2514,0.3084,0.2505,326,4.7326,167.8658,1.5218,1.2269,1.2313,0.9964,0.3464,1,13.0691,0.210202,-0.977658,0,0,0,0,0,0,0,0,0,0,0,0,0,0,0,0
Control_Point_Belt_30,21.24706,79.58572,Gondite Belt Control,,0,Negative (Intra-Belt Control Point),0.0716,0.0948,0.1157,0.2378,0.2806,0.1945,269,2.7803,0.0,1.6159,1.1798,1.4424,0.8179,0.3454,1,4.7495,0.0,1.0,0,0,0,0,0,0,0,0,0,0,0,0,0,0,0,0
