block,nuid,source,borehole,lat,lon,collar_rl_m,total_depth_m,toposheet,source_rl
Western Ukwa,CRO-23290-2016,gdb,UKH-7,21.971641986000066,80.44604842700005,601.668,220.45,64C05,workbook
Western Ukwa,CRO-23290-2016,gdb,UKBH-5,21.97206701600004,80.44703669500007,602.066,200.0,64C05,workbook
Western Ukwa,CRO-23290-2016,gdb,UKH-4,21.97232931600007,80.44825382600004,602.489,209.5,64C05,workbook
Western Ukwa,CRO-23290-2016,gdb,GSU-31,21.969454420000034,80.44810224200006,598.83,71.05,64C05,workbook
Western Ukwa,CRO-23290-2016,gdb,UKH-5,21.967660674000058,80.44646751200008,,,64C05,
Western Ukwa,CRO-23290-2016,gdb,GSU-30,21.968684610000025,80.44881558000003,599.68,43.0,64C05,workbook
Western Ukwa,CRO-23290-2016,gdb,UKBH-1,21.97038918800007,80.44851389800004,600.06,113.35,64C05,workbook
Western Ukwa,CRO-23290-2016,gdb,UKBH-2,21.972003113000028,80.45012039200003,603.066,116.0,64C05,workbook
Western Ukwa,CRO-23290-2016,gdb,GUG-2,21.97124816400003,80.44910983100004,600.81,105.9,64C05,workbook
Western Ukwa,CRO-23290-2016,gdb,GSu-29,21.96982557700005,80.45026603100007,,,64C05,
Western Ukwa,CRO-23290-2016,gdb,UKBH-4,21.97369877400007,80.44872901300005,599.313,254.0,64C05,workbook
Western Ukwa,CRO-23290-2016,gdb,UKH-14,21.97392392100005,80.45063607500003,598.709,243.65,64C05,workbook
Western Ukwa,CRO-23290-2016,gdb,UKH-3,21.97346471000003,80.45092029500006,599.484,205.25,64C05,workbook
Western Ukwa,CRO-23290-2016,gdb,GSU-27,21.972046953000074,80.45181642400007,602.19,101.0,64C05,workbook
Western Ukwa,CRO-23290-2016,gdb,GSU-26,21.97126451200006,80.45230907300004,602.99,54.0,64C05,workbook
Western Ukwa,CRO-23290-2016,gdb,UKBH-3,21.972839426000064,80.45278277300008,601.208,128.0,64C05,workbook
Western Ukwa,CRO-23290-2016,gdb,GSU-21,21.971946083000034,80.45475169400004,607.17,71.6,64C05,workbook
Western Ukwa,CRO-23290-2016,gdb,UKH-2,21.974533601000076,80.45636840500003,,,64C05,
Western Ukwa,CRO-23290-2016,gdb,GUG-1,21.97389382700004,80.45550125500006,,,64C05,
Western Ukwa,CRO-23290-2016,gdb,GSU-14,21.973419012000022,80.45679640700007,,,64C05,
Western Ukwa,CRO-23290-2016,gdb,GSU-12,21.972500591000028,80.45714750300004,,,64C05,
Western Ukwa,CRO-23290-2016,gdb,UKH-17,21.97655323600003,80.45561940200008,,,64C05,
Western Ukwa,CRO-23290-2016,gdb,UKBH-6,21.974904759000026,80.45149096400007,599.837,260.0,64C05,workbook
Western Ukwa,CRO-23290-2016,gdb,UKH-1,21.976943343000073,80.45807707000006,,,64C05,
Western Ukwa,CRO-23290-2016,gdb,UKH-13,21.976175391000027,80.45836463400008,,,64C05,
Western Ukwa,CRO-23290-2016,gdb,GSU-32,21.974923707000073,80.45884836500005,,,64C05,
Western Ukwa,CRO-23290-2016,gdb,GSU-18,21.974112287000025,80.45915933500004,,,64C05,
Western Ukwa,CRO-23290-2016,gdb,GSU-35,21.975469856000075,80.46069969800004,,,64C05,
Western Ukwa,CRO-23290-2016,gdb,GSU-33,21.97371660700003,80.46203386100007,,,64C05,
Western Ukwa,CRO-23290-2016,gdb,GSU-37,21.97555010700006,80.46290547000007,,,64C05,
Western Ukwa,CRO-23290-2016,gdb,UKH-16,21.974713050000048,80.45339914000004,601.176,245.2,64C05,workbook
Western Ukwa,CRO-23290-2016,gdb,UKH-6,21.968819104000033,80.44547664200007,,,64C05,
Western Ukwa,CRO-23290-2016,gdb,GSU-34,21.97351040800004,80.45399098700005,601.74,169.8,64C05,workbook
Western Ukwa,CRO-23290-2016,gdb,GSU-24,21.972873979000042,80.45429861400004,604.1,129.85,64C05,workbook
Western Ukwa,CRO-23290-2016,gdb,CF-1,21.97544645000005,80.46099617800007,,,64C05,
Western Ukwa,CRO-23290-2016,gdb,M-18,21.975026806000074,80.46201992800007,,,64C05,
Western Ukwa,CRO-23290-2016,gdb,CF-8,21.976732128000037,80.45944355600005,,,64C05,
Gudma,CRO-23394-2017,gdb,GDBH-1,21.967269876000046,80.44508913300007,597.0,,64C/05,
Gudma,CRO-23394-2017,gdb,GDBH-2,21.96652902200003,80.44425725200006,595.0,,64C/05,
Gudma,CRO-23394-2017,gdb,GDBH-3,21.96804107300005,80.44421173900008,597.0,,64C/05,
Gudma,CRO-23394-2017,gdb,GDBH-4,21.967242062000025,80.44351892600008,596.0,,64C/05,
Gudma,CRO-23394-2017,gdb,GDBH-5,21.96595757800003,80.44318010600006,594.0,,64C/05,
Gudma,CRO-23394-2017,gdb,GDBH-6,21.965209138000034,80.44226478400003,592.6,,64C/05,
Gudma,CRO-23394-2017,gdb,GDBH-7,21.96377547000003,80.44093478600007,589.7,,64C/05,
Gudma,CRO-23394-2017,gdb,UKBH-1,21.97031673500004,80.44850262600005,,,64C/05,
Gudma,CRO-23394-2017,gdb,UKH-5,21.967588469000077,80.44657084200009,,,64C/05,
Gudma,CRO-23394-2017,gdb,UKBH-5,21.972048767000047,80.44709171600005,,,64C/05,
Gudma,CRO-23394-2017,gdb,UKH-6,21.96871618600005,80.44557460800007,,,64C/05,
Gudma,CRO-23394-2017,gdb,UKH-7,21.971639147000076,80.44601456900006,,,64C/05,
Gudma,CRO-23394-2017,gdb,GSU-31,21.969440605000045,80.44821184700004,,,64C/05,
