block,nuid,borehole,from_m,to_m,true_width_m,sample_no,lithology,mn_pct,fe_pct,sio2_pct,p_pct,sg,lat,lon,source_sheet
Gudma,CRO-23394-2017,GDBH-1,99.57,99.82,,CS/01/ JBP/GDM/ 2017- 18/GDBH-1,Sericite Schist,0.05,,,,,,,Table-V
Gudma,CRO-23394-2017,GDBH-1,99.82,100.269,,CS/02/ JBP/GDM/ 2017- 18/GDBH-1,Mn Ore,32.64,,,,,,,Table-V
Gudma,CRO-23394-2017,GDBH-1,100.269,100.575,,CS/03/ JBP/GDM/ 2017- 18/GDBH-1,Mn Ore,41.18,,,,,,,Table-V
Gudma,CRO-23394-2017,GDBH-1,100.575,100.9,,CS/04/ JBP/GDM/ 2017- 18/GDBH-l,Mn Ore,44.95,,,,,,,Table-V
Gudma,CRO-23394-2017,GDBH-1,99.57,101.2,,CS/05/ JBP/GDM/ 2017- 18/GDBH-1,Manganiferous quartzite,5.65,,,,,,,Table-V
Gudma,CRO-23394-2017,GDBH-1,100.9,101.2,,CS/06/ JBP/GDM/ 2017- 18/GDBH-1,Mn Ore,34.04,,,,,,,Table-V
Gudma,CRO-23394-2017,GDBH-1,101.2,101.45,,CS/07/ JBP/GDM/ 2017- 18/GDBH-1,Phyllite,0.77,,,,,,,Table-V
Gudma,CRO-23394-2017,GDBH-2,97.2,97.45,,CS/01/ JBP/GDM/ 2017- 18/GDBH-2,Sericite Schist,0.08,,,,,,,Table-V
Gudma,CRO-23394-2017,GDBH-2,97.45,97.77,,CS/02/ JBP/GDM/ 2017- 18/GDBH-2,Mn Ore,35.09,,,,,,,Table-V
Gudma,CRO-23394-2017,GDBH-2,97.77,97.94,,CS/03/ JBP/GDM/ 2017- 18/GDBH-2,Mn Ore,41.13,,,,,,,Table-V
Gudma,CRO-23394-2017,GDBH-2,97.45,98.0,,CS/04/ JBP/GDM/ 2017- 18/GDBH-2,Manganiferous quartzite,14.66,,,,,,,Table-V
Gudma,CRO-23394-2017,GDBH-2,98.0,98.25,,CS/05/ JBP/GDM/ 2017- 18/GDBH-2,Phyllite,0.25,,,,,,,Table-V
Gudma,CRO-23394-2017,GDBH-3,146.65,146.91,,CS/01/ JBP/GDM/ 2017- 18/GDBH-3,Sericite Schist,0.31,,,,,,,Table-V
Gudma,CRO-23394-2017,GDBH-3,146.96,147.6,,CS/02/ JBP/GDM/ 2017- 18/GDBH-3,Manganiferous quartzite,5.77,,,,,,,Table-V
Gudma,CRO-23394-2017,GDBH-3,146.91,147.427,,CS/03/ JBP/GDM/ 2017- 18/GDBH-3,Mn Ore,31.26,,,,,,,Table-V
Gudma,CRO-23394-2017,GDBH-3,147.427,147.69,,CS/04/ JBP/GDM/ 2017- 18/GDBH-3,Mn Ore,28.82,,,,,,,Table-V
Gudma,CRO-23394-2017,GDBH-3,147.69,147.94,,CS/05/ JBP/GDM/ 2017- 18/GDBH-3,Phyllite,1.25,,,,,,,Table-V
Gudma,CRO-23394-2017,GDBH-4,128.11,128.36,,CS/01/ JBP/GDM/ 2017- 18/GDBH-4,Sericite Schist,0.07,,,,,,,Table-V
Gudma,CRO-23394-2017,GDBH-4,128.36,128.52,,CS/02/ JBP/GDM/ 2017- 18/GDBH-4,Manganiferous quartzite,8.08,,,,,,,Table-V
Gudma,CRO-23394-2017,GDBH-4,128.4,128.6,,CS/03/ JBP/GDM/ 2017- 18/GDBH-4,Mn Ore,30.07,,,,,,,Table-V
Gudma,CRO-23394-2017,GDBH-4,128.6,128.85,,CS/04/ JBP/GDM/ 2017- 18/GDBH-4,Phyllite,0.22,,,,,,,Table-V
Gudma,CRO-23394-2017,GDBH-5,122.56,122.81,,CS/01/ JBP/GDM/ 2017- 18/GDBH-5,Sericite Schist,0.3,,,,,,,Table-V
Gudma,CRO-23394-2017,GDBH-5,122.81,123.9,,CS/02/ JBP/GDM/ 2017- 18/GDBH-5,Manganiferous quartzite,5.14,,,,,,,Table-V
Gudma,CRO-23394-2017,GDBH-5,122.86,123.164,,CS/03/ JBP/GDM/ 2017- 18/GDBH-5,Mn Ore,20.23,,,,,,,Table-V
Gudma,CRO-23394-2017,GDBH-5,123.164,123.414,,CS/04/ JBP/GDM/ 2017- 18/GDBH-5,Mn Ore,21.88,,,,,,,Table-V
Gudma,CRO-23394-2017,GDBH-5,123.414,123.58,,CS/05/ JBP/GDM/ 2017- 18/GDBH-5,Mn Ore,34.43,,,,,,,Table-V
Gudma,CRO-23394-2017,GDBH-5,123.9,124.15,,CS/06/ JBP/GDM/ 2017- 18/GDBH-5,Phyllite,0.09,,,,,,,Table-V
Gudma,CRO-23394-2017,GDBH-6,141.5,141.75,,CS/01/ JBP/GDM/ 2017- 18/GDBH-6,Sericite Schist,0.09,,,,,,,Table-V
Gudma,CRO-23394-2017,GDBH-6,141.8,142.325,,CS/02/ JBP/GDM/ 2017- 18/GDBH-6,Manganiferous quartzite,2.32,,,,,,,Table-V
Gudma,CRO-23394-2017,GDBH-6,141.75,142.35,,CS/03/ JBP/GDM/ 2017- 18/GDBH-6,Mn Ore,28.25,,,,,,,Table-V
Gudma,CRO-23394-2017,GDBH-6,142.35,142.6,,CS/04/ JBP/GDM/ 2017- 18/GDBH-6,Phyllite,0.05,,,,,,,Table-V
Gudma,CRO-23394-2017,GDBH-7,139.62,139.87,,CS/01/ JBP/GDM/ 2017- 18/GDBH-7,Sericite Schist,0.03,,,,,,,Table-V
Gudma,CRO-23394-2017,GDBH-7,133.87,141.05,,CS/02/ JBP/GDM/ 2017- 18/GDBH-7,Manganiferous quartzite,4.85,,,,,,,Table-V
Gudma,CRO-23394-2017,GDBH-7,139.883,140.305,,CS/03/ JBP/GDM/ 2017- 18/GDBH-7,Mn Ore,40.01,,,,,,,Table-V
Gudma,CRO-23394-2017,GDBH-7,140.305,140.893,,CS/04/ JBP/GDM/ 2017- 18/GDBH-7,Mn Ore,30.06,,,,,,,Table-V
Gudma,CRO-23394-2017,GDBH-7,140.893,141.05,,CS/05/ JBP/GDM/ 2017- 18/GDBH-7,Mn Ore,36.5,,,,,,,Table-V
Gudma,CRO-23394-2017,GDBH-7,141.05,141.3,,CS/06/ JBP/GDM/ 2017- 18/GDBH-7,Phyllite,0.05,,,,,,,Table-V
Gudma,CRO-23394-2017,GDBH-1,,,,CS/01/JBP/GDM/2017-18/GDBH-1,,,,,,,21.9673,80.4491,Annexure-V
Gudma,CRO-23394-2017,GDBH-1,,,,CS/02/JBP/GDM/2017-18/GDBH-1,,,,,,,21.9673,80.4491,Annexure-V
Gudma,CRO-23394-2017,GDBH-1,,,,CS/03/JBP/GDM/2017-18/GDBH-1,,,,,,,21.9673,80.4491,Annexure-V
Gudma,CRO-23394-2017,GDBH-1,,,,CS/04/JBP/GDM/2017-18/GDBH-1,,,,,,,21.9673,80.4491,Annexure-V
Gudma,CRO-23394-2017,GDBH-1,,,,CS/05/JBP/GDM/2017-18/GDBH-1,,,,,,,21.9673,80.4491,Annexure-V
Gudma,CRO-23394-2017,GDBH-1,,,,CS/06/JBP/GDM/2017-18/GDBH-1,,,,,,,21.9673,80.4491,Annexure-V
Gudma,CRO-23394-2017,GDBH-1,,,,CS/07/JBP/GDM/2017-18/GDBH-1,,,,,,,21.9673,80.4491,Annexure-V
Gudma,CRO-23394-2017,GDBH-2,,,,CS/01/JBP/GDM/2017-18/GDBH-2,,,,,,,21.967,80.4454,Annexure-V
Gudma,CRO-23394-2017,GDBH-2,,,,CS/02/JBP/GDM/2017-18/GDBH-2,,,,,,,21.967,80.4454,Annexure-V
Gudma,CRO-23394-2017,GDBH-2,,,,CS/03/JBP/GDM/2017-18/GDBH-2,,,,,,,21.967,80.4454,Annexure-V
Gudma,CRO-23394-2017,GDBH-2,,,,CS/04/JBP/GDM/2017-18/GDBH-2,,,,,,,21.967,80.4454,Annexure-V
Gudma,CRO-23394-2017,GDBH-2,,,,CS/05/JBP/GDM/2017-18/GDBH-2,,,,,,,21.967,80.4454,Annexure-V
Gudma,CRO-23394-2017,GDBH-3,,,,CS/01/JBP/GDM/2017-18/GDBH-3,,,,,,,21.9663,80.4445,Annexure-V
Gudma,CRO-23394-2017,GDBH-3,,,,CS/02/JBP/GDM/2017-18/GDBH-3,,,,,,,21.9663,80.4445,Annexure-V
Gudma,CRO-23394-2017,GDBH-3,,,,CS/03/JBP/GDM/2017-18/GDBH-3,,,,,,,21.9663,80.4445,Annexure-V
Gudma,CRO-23394-2017,GDBH-3,,,,CS/04/JBP/GDM/2017-18/GDBH-3,,,,,,,21.9663,80.4445,Annexure-V
Gudma,CRO-23394-2017,GDBH-3,,,,CS/05/JBP/GDM/2017-18/GDBH-3,,,,,,,21.9663,80.4445,Annexure-V
Gudma,CRO-23394-2017,GDBH-4,,,,CS/01/JBP/GDM/2017-18/GDBH-4,,,,,,,21.9673,80.4435,Annexure-V
Gudma,CRO-23394-2017,GDBH-4,,,,CS/02/JBP/GDM/2017-18/GDBH-4,,,,,,,21.9673,80.4435,Annexure-V
Gudma,CRO-23394-2017,GDBH-4,,,,CS/03/JBP/GDM/2017-18/GDBH-4,,,,,,,21.9673,80.4435,Annexure-V
Gudma,CRO-23394-2017,GDBH-4,,,,CS/04/JBP/GDM/2017-18/GDBH-4,,,,,,,21.9673,80.4435,Annexure-V
Gudma,CRO-23394-2017,GDBH-5,,,,CS/01/JBP/GDM/2017-18/GDBH-5,,,,,,,21.9659,80.4433,Annexure-V
Gudma,CRO-23394-2017,GDBH-5,,,,CS/02/JBP/GDM/2017-18/GDBH-5,,,,,,,21.9659,80.4433,Annexure-V
Gudma,CRO-23394-2017,GDBH-5,,,,CS/03/JBP/GDM/2017-18/GDBH-5,,,,,,,21.9659,80.4433,Annexure-V
Gudma,CRO-23394-2017,GDBH-5,,,,CS/04/JBP/GDM/2017-18/GDBH-5,,,,,,,21.9659,80.4433,Annexure-V
Gudma,CRO-23394-2017,GDBH-5,,,,CS/05/JBP/GDM/2017-18/GDBH-5,,,,,,,21.9659,80.4433,Annexure-V
Gudma,CRO-23394-2017,GDBH-5,,,,CS/06/JBP/GDM/2017-18/GDBH-5,,,,,,,21.9659,80.4433,Annexure-V
Gudma,CRO-23394-2017,GDBH-6,,,,CS/01/JBP/GDM/2017-18/GDBH-6,,,,,,,21.9651,80.4421,Annexure-V
Gudma,CRO-23394-2017,GDBH-6,,,,CS/02/JBP/GDM/2017-18/GDBH-6,,,,,,,21.9651,80.4421,Annexure-V
Gudma,CRO-23394-2017,GDBH-6,,,,CS/03/JBP/GDM/2017-18/GDBH-6,,,,,,,21.9651,80.4421,Annexure-V
Gudma,CRO-23394-2017,GDBH-6,,,,CS/04/JBP/GDM/2017-18/GDBH-6,,,,,,,21.9651,80.4421,Annexure-V
Gudma,CRO-23394-2017,GDBH-7,,,,CS/01/JBP/GDM/2017-18/GDBH-7,,,,,,,21.9638,80.4408,Annexure-V
Gudma,CRO-23394-2017,GDBH-7,,,,CS/02/JBP/GDM/2017-18/GDBH-7,,,,,,,21.9638,80.4408,Annexure-V
Gudma,CRO-23394-2017,GDBH-7,,,,CS/03/JBP/GDM/2017-18/GDBH-7,,,,,,,21.9638,80.4408,Annexure-V
Gudma,CRO-23394-2017,GDBH-7,,,,CS/04/JBP/GDM/2017-18/GDBH-7,,,,,,,21.9638,80.4408,Annexure-V
Gudma,CRO-23394-2017,GDBH-7,,,,CS/05/JBP/GDM/2017-18/GDBH-7,,,,,,,21.9638,80.4408,Annexure-V
Gudma,CRO-23394-2017,GDBH-7,,,,CS/06/JBP/GDM/2017-18/GDBH-7,,,,,,,21.9638,80.4408,Annexure-V
Gudma,CRO-23394-2017,,,,,CHK/01/JBP/GDM/2017-18,,,,,,,21.9673,80.4491,Annexure-V
Gudma,CRO-23394-2017,,,,,CHK/02/JBP/GDM/2017-18,,,,,,,21.967,80.4454,Annexure-V
Gudma,CRO-23394-2017,,,,,CHK/03/JBP/GDM/2017-18,,,,,,,21.9663,80.4445,Annexure-V
Gudma,CRO-23394-2017,,,,,CHK/04/JBP/GDM/2017-18,,,,,,,21.9673,80.4435,Annexure-V
Gudma,CRO-23394-2017,,,,,CHK/05/JBP/GDM/2017-18,,,,,,,21.9659,80.4433,Annexure-V
Gudma,CRO-23394-2017,,,,,CHK/06/JBP/GDM/2017-18,,,,,,,21.9651,80.4421,Annexure-V
Gudma,CRO-23394-2017,,,,,CHK/07/JBP/GDM/2017-18,,,,,,,21.9638,80.4408,Annexure-V
Gudma,CRO-23394-2017,GDBH-1,,,,CS/01/JBP/GDM/2017-18/GDBH-1,,0.0542,3.35017,26.4929,0.37985,,21.9673,80.4491,Annexure-V
Gudma,CRO-23394-2017,GDBH-1,,,,CS/02/JBP/GDM/2017-18/GDBH-1,,32.636,5.82609,6.91138,1.85996,,21.9673,80.4491,Annexure-V
Gudma,CRO-23394-2017,GDBH-1,,,,CS/03/JBP/GDM/2017-18/GDBH-1,,41.18,5.25956,3.92469,1.2487,,21.9673,80.4491,Annexure-V
Gudma,CRO-23394-2017,GDBH-1,,,,CS/04/JBP/GDM/2017-18/GDBH-1,,44.945,2.36401,5.85671,0.49774,,21.9673,80.4491,Annexure-V
Gudma,CRO-23394-2017,GDBH-1,,,,CS/05/JBP/GDM/2017-18/GDBH-1,,5.6472,1.46876,39.5596,0.26633,,21.9673,80.4491,Annexure-V
Gudma,CRO-23394-2017,GDBH-1,,,,CS/06/JBP/GDM/2017-18/GDBH-1,,34.038,3.52503,6.03404,0.41478,,21.9673,80.4491,Annexure-V
Gudma,CRO-23394-2017,GDBH-1,,,,CS/07/JBP/GDM/2017-18/GDBH-1,,0.7746,5.28754,30.2309,0.09169,,21.9673,80.4491,Annexure-V
Gudma,CRO-23394-2017,GDBH-2,,,,CS/01/JBP/GDM/2017-18/GDBH-2,,0.0775,3.53202,28.8075,0.22704,,21.967,80.4454,Annexure-V
Gudma,CRO-23394-2017,GDBH-2,,,,CS/02/JBP/GDM/2017-18/GDBH-2,,35.092,6.69335,10.6167,0.76843,,21.967,80.4454,Annexure-V
Gudma,CRO-23394-2017,GDBH-2,,,,CS/03/JBP/GDM/2017-18/GDBH-2,,41.134,4.63009,8.80606,0.42351,,21.967,80.4454,Annexure-V
Gudma,CRO-23394-2017,GDBH-2,,,,CS/04/JBP/GDM/2017-18/GDBH-2,,14.656,7.14797,21.2428,0.70731,,21.967,80.4454,Annexure-V
Gudma,CRO-23394-2017,GDBH-2,,,,CS/05/JBP/GDM/2017-18/GDBH-2,,0.2479,4.48322,27.4215,0.05239,,21.967,80.4454,Annexure-V
Gudma,CRO-23394-2017,GDBH-3,,,,CS/01/JBP/GDM/2017-18/GDBH-3,,0.3099,3.05642,30.2542,0.17028,,21.9663,80.4445,Annexure-V
Gudma,CRO-23394-2017,GDBH-3,,,,CS/02/JBP/GDM/2017-18/GDBH-3,,5.7711,1.92338,39.6576,0.13972,,21.9663,80.4445,Annexure-V
Gudma,CRO-23394-2017,GDBH-3,,,,CS/03/JBP/GDM/2017-18/GDBH-3,,31.257,6.50451,9.46873,1.22251,,21.9663,80.4445,Annexure-V
Gudma,CRO-23394-2017,GDBH-3,,,,CS/04/JBP/GDM/2017-18/GDBH-3,,28.817,4.32935,12.6001,0.28816,,21.9663,80.4445,Annexure-V
Gudma,CRO-23394-2017,GDBH-3,,,,CS/05/JBP/GDM/2017-18/GDBH-3,,1.2472,4.39929,31.5189,0.10479,,21.9663,80.4445,Annexure-V
Gudma,CRO-23394-2017,GDBH-4,,,,CS/01/JBP/GDM/2017-18/GDBH-4,,0.0697,2.93752,32.5456,0.17464,,21.9673,80.4435,Annexure-V
Gudma,CRO-23394-2017,GDBH-4,,,,CS/02/JBP/GDM/2017-18/GDBH-4,,8.0796,2.16817,34.6456,0.34929,,21.9673,80.4435,Annexure-V
Gudma,CRO-23394-2017,GDBH-4,,,,CS/03/JBP/GDM/2017-18/GDBH-4,,30.072,5.16165,13.1274,0.42351,,21.9673,80.4435,Annexure-V
Gudma,CRO-23394-2017,GDBH-4,,,,CS/04/JBP/GDM/2017-18/GDBH-4,,0.2169,4.11952,26.9922,0.06986,,21.9673,80.4435,Annexure-V
Gudma,CRO-23394-2017,GDBH-5,,,,CS/01/JBP/GDM/2017-18/GDBH-5,,0.3021,12.5684,24.2528,0.66801,,21.9659,80.4433,Annexure-V
Gudma,CRO-23394-2017,GDBH-5,,,,CS/02/JBP/GDM/2017-18/GDBH-5,,5.1437,3.52503,38.8596,0.38858,,21.9659,80.4433,Annexure-V
Gudma,CRO-23394-2017,GDBH-5,,,,CS/03/JBP/GDM/2017-18/GDBH-5,,20.226,7.92432,17.4955,0.72041,,21.9659,80.4433,Annexure-V
Gudma,CRO-23394-2017,GDBH-5,,,,CS/04/JBP/GDM/2017-18/GDBH-5,,21.876,7.14797,16.3568,0.55449,,21.9659,80.4433,Annexure-V
Gudma,CRO-23394-2017,GDBH-5,,,,CS/05/JBP/GDM/2017-18/GDBH-5,,34.425,4.56715,12.2174,0.42351,,21.9659,80.4433,Annexure-V
Gudma,CRO-23394-2017,GDBH-5,,,,CS/06/JBP/GDM/2017-18/GDBH-5,,0.093,4.08455,28.2382,0.05676,,21.9659,80.4433,Annexure-V
Gudma,CRO-23394-2017,GDBH-6,,,,CS/01/JBP/GDM/2017-18/GDBH-6,,0.0852,2.99347,29.5869,0.28816,,21.9651,80.4421,Annexure-V
Gudma,CRO-23394-2017,GDBH-6,,,,CS/02/JBP/GDM/2017-18/GDBH-6,,2.3162,1.91638,41.0483,0.09169,,21.9651,80.4421,Annexure-V
Gudma,CRO-23394-2017,GDBH-6,,,,CS/03/JBP/GDM/2017-18/GDBH-6,,28.251,3.16133,8.52606,2.0608,,21.9651,80.4421,Annexure-V
Gudma,CRO-23394-2017,GDBH-6,,,,CS/04/JBP/GDM/2017-18/GDBH-6,,0.0542,3.93068,28.5975,0.09169,,21.9651,80.4421,Annexure-V
Gudma,CRO-23394-2017,GDBH-7,,,,CS/01/JBP/GDM/2017-18/GDBH-7,,0.031,2.9655,30.4876,0.10479,,21.9638,80.4408,Annexure-V
Gudma,CRO-23394-2017,GDBH-7,,,,CS/02/JBP/GDM/2017-18/GDBH-7,,4.8493,1.32888,41.1836,0.04803,,21.9638,80.4408,Annexure-V
Gudma,CRO-23394-2017,GDBH-7,,,,CS/03/JBP/GDM/2017-18/GDBH-7,,40.011,4.17548,6.65005,0.28816,,21.9638,80.4408,Annexure-V
Gudma,CRO-23394-2017,GDBH-7,,,,CS/04/JBP/GDM/2017-18/GDBH-7,,30.056,2.25909,8.6474,0.13535,,21.9638,80.4408,Annexure-V
Gudma,CRO-23394-2017,GDBH-7,,,,CS/05/JBP/GDM/2017-18/GDBH-7,,36.501,2.28707,4.78803,0.33619,,21.9638,80.4408,Annexure-V
Gudma,CRO-23394-2017,GDBH-7,,,,CS/06/JBP/GDM/2017-18/GDBH-7,,0.0465,3.66491,29.9415,0.06549,,21.9638,80.4408,Annexure-V
Gudma,CRO-23394-2017,,,,,CHK/01/JBP/GDM/2017-18,,33.225,6.70035,5.1567,1.82066,,21.9673,80.4491,Annexure-V
Gudma,CRO-23394-2017,,,,,CHK/02/JBP/GDM/2017-18,,41.901,4.37131,8.01272,0.4759,,21.967,80.4454,Annexure-V
Gudma,CRO-23394-2017,,,,,CHK/03/JBP/GDM/2017-18,,31.311,6.58844,7.54605,1.39279,,21.9663,80.4445,Annexure-V
Gudma,CRO-23394-2017,,,,,CHK/04/JBP/GDM/2017-18,,8.8232,2.34302,35.2243,0.32309,,21.9673,80.4435,Annexure-V
Gudma,CRO-23394-2017,,,,,CHK/05/JBP/GDM/2017-18,,2.5331,2.02129,41.3096,0.10042,,21.9659,80.4433,Annexure-V
Gudma,CRO-23394-2017,,,,,CHK/06/JBP/GDM/2017-18,,22.503,6.65838,14.9474,0.67238,,21.9651,80.4421,Annexure-V
Gudma,CRO-23394-2017,,,,,CHK/07/JBP/GDM/2017-18,,40.103,3.9097,5.34337,0.30563,,21.9638,80.4408,Annexure-V
Western Ukwa,CRO-23290-2016,UKH-3,183.62,183.88,0.13,UKH- 3/M1,Mn ore,40.32,6.14,14.48,0.73,4.08,,,ANNEXURE-VIII(B)
Western Ukwa,CRO-23290-2016,UKH-3,183.88,184.3,0.16,M2,Mnore,40.99,7.81,13.04,0.48,4.14,,,ANNEXURE-VIII(B)
Western Ukwa,CRO-23290-2016,UKH-3,184.3,184.56,0.13,M3,Mn ore,41.49,11.17,10.12,0.69,4.15,,,ANNEXURE-VIII(B)
Western Ukwa,CRO-23290-2016,UKH-3,184.56,184.79,0.15,M4,Mn ore,50.16,7.81,8.49,0.28,4.3,,,ANNEXURE-VIII(B)
Western Ukwa,CRO-23290-2016,UKH-3,184.56,184.79,0.15,M5,Mn ore,50.66,7.81,7.19,0.37,5.3,,,ANNEXURE-VIII(B)
Western Ukwa,CRO-23290-2016,UKH-3,184.79,185.25,0.16,M5,Mn ore,47.66,6.7,9.5,0.33,4.33,,,ANNEXURE-VIII(B)
Western Ukwa,CRO-23290-2016,UKH-3,185.25,185.43,0.16,M6,Mn ore,50.16,5.58,10.04,0.26,4.03,,,ANNEXURE-VIII(B)
Western Ukwa,CRO-23290-2016,UKH-3,185.43,186.0,0.12,M7,Mn ore,30.82,11.72,12.31,0.61,3.75,,,ANNEXURE-VIII(B)
Western Ukwa,CRO-23290-2016,UKH-3,183.4,186.3,1.9,Q1,Mn ore +Q,19.98,7.26,29.57,0.63,2.74,,,ANNEXURE-VIII(B)
Western Ukwa,CRO-23290-2016,UKH-4,189.7,190.05,0.15,UKH- 4/M1,Mnore+QV,35.8,7.54,14.7,0.92,4.11,,,ANNEXURE-VIII(B)
Western Ukwa,CRO-23290-2016,UKH-4,190.05,190.45,0.15,M2,Mn ore+CC3 vein,35.7,7.26,9.56,0.74,4.03,,,ANNEXURE-VIII(B)
Western Ukwa,CRO-23290-2016,UKH-4,190.45,190.68,0.14,M3,Mn ore+QCO3 vein,36.74,6.7,10.1,0.58,4.21,,,ANNEXURE-VIII(B)
Western Ukwa,CRO-23290-2016,UKH-4,190.68,190.83,0.13,M4,Mn ore+brecciatedCO3,45.85,5.86,10.72,0.45,4.27,,,ANNEXURE-VIII(B)
Western Ukwa,CRO-23290-2016,UKH-4,190.68,190.83,0.13,M7 Check Sample,Mn ore+brecciatedCO3,36.82,7.26,11.0,0.32,4.27,,,ANNEXURE-VIII(B)
Western Ukwa,CRO-23290-2016,UKH-4,190.83,191.08,0.13,M5,Mn ore+QCO3 vein,38.62,6.98,8.26,0.54,4.3,,,ANNEXURE-VIII(B)
Western Ukwa,CRO-23290-2016,UKH-4,191.08,191.48,0.15,M6,Mn ore+Q vein,30.14,6.0,27.84,0.65,4.21,,,ANNEXURE-VIII(B)
Western Ukwa,CRO-23290-2016,UKH-4,189.7,191.7,1.15,Q1,MnQ,15.07,4.32,36.36,0.96,2.76,,,ANNEXURE-VIII(B)
Western Ukwa,CRO-23290-2016,UKH-7,208.3,209.05,0.3,UKH- 7/M1,Mn ore+QCO3 vein,33.91,7.54,14.36,0.62,4.24,,,ANNEXURE-VIII(B)
Western Ukwa,CRO-23290-2016,UKH-7,208.3,209.05,0.3,M2,Mn ore+QCO3 vein,41.16,6.7,14.94,0.37,,,,ANNEXURE-VIII(B)
Western Ukwa,CRO-23290-2016,UKH-7,208.3,209.05,0.45,Q1,MnQ,13.5,3.91,42.92,0.87,2.81,,,ANNEXURE-VIII(B)
Western Ukwa,CRO-23290-2016,UKH-14,221.8,222.6,0.08,UKH- 14/M1,Mn ore & MnQ,37.82,,,,3.97,,,ANNEXURE-VIII(B)
Western Ukwa,CRO-23290-2016,UKH-14,222.7,222.9,0.15,M2,Mn Q+CQ3 vein,,,,,3.97,,,ANNEXURE-VIII(B)
Western Ukwa,CRO-23290-2016,UKH-14,223.4,224.15,0.15,M3,Banded Mn ore,,,,,4.39,,,ANNEXURE-VIII(B)
Western Ukwa,CRO-23290-2016,UKH-14,224.15,224.35,0.15,M4,Banded Mn ore,,,,,4.38,,,ANNEXURE-VIII(B)
Western Ukwa,CRO-23290-2016,UKH-14,224.35,224.45,0.09,M5,Banded Mn ore,,,,,4.48,,,ANNEXURE-VIII(B)
Western Ukwa,CRO-23290-2016,UKH-14,224.8,225.03,0.11,M6,Banded Mn ore CQ3,,,,,4.12,,,ANNEXURE-VIII(B)
Western Ukwa,CRO-23290-2016,UKH-14,225.03,225.4,0.11,M7,Banded Mn ore CO3,,,,,3.9,,,ANNEXURE-VIII(B)
Western Ukwa,CRO-23290-2016,UKH-14,225.4,225.55,0.15,M8,Banded Mn ore CO3,,,,,4.15,,,ANNEXURE-VIII(B)
Western Ukwa,CRO-23290-2016,UKH-14,225.55,226.35,0.15,M9,Banded Mn ore QCO3,,,,,3.8,,,ANNEXURE-VIII(B)
Western Ukwa,CRO-23290-2016,UKH-14,226.35,226.55,0.15,M10,Mn ore QCO3.,,,,,4.13,,,ANNEXURE-VIII(B)
Western Ukwa,CRO-23290-2016,UKH-14,226.55,227.0,0.15,M11,Mn ore CO3,,,,,4.03,,,ANNEXURE-VIII(B)
Western Ukwa,CRO-23290-2016,UKH-14,227.0,227.2,0.1,M12,Mn ore CO3,,,,,3.95,,,ANNEXURE-VIII(B)
Western Ukwa,CRO-23290-2016,UKH-14,221.8,227.2,3.86,Q1,MnQ with Mn ore & C03,,,,,2.95,,,ANNEXURE-VIII(B)
Western Ukwa,CRO-23290-2016,UKH-16,220.5,220.65,0.15,UKH-,Mn ore traverse by C03 veins,,,,,4.27,,,ANNEXURE-VIII(B)
Western Ukwa,CRO-23290-2016,UKH-16,220.65,220.8,0.15,M2,Mn ore traverse by CO3 veins,,,,,4.39,,,ANNEXURE-VIII(B)
Western Ukwa,CRO-23290-2016,UKH-16,219.7,220.9,0.9,Q1,MnQ + CO3 veins,,,,,2.79,,,ANNEXURE-VIII(B)
