block,nuid,method,section,borehole,angle_lode_deg,app_thickness_m,true_thickness_m,dip_length_m,strike_length_m,mn_pct,sg,volume_m3,tonnage_t,category
Western Ukwa,CRO-23290-2016,cross-section,W-1,GSU-30,70°,1.55,1.4565,123.0,52.5,37.7,3.55,9405.349,33388.98806,Indicated
Western Ukwa,CRO-23290-2016,cross-section,W-1,GSU-30,,,,44.0,52.5,37.7,3.55,3364.515,11944.02825,Inferred
Western Ukwa,CRO-23290-2016,cross-section,W-1,GSU-31,75°,1.45,1.4005,196.5,52.5,34.13,3.55,14447.9081,51290.07384,Indicated
Western Ukwa,CRO-23290-2016,cross-section,W-1,UKH-7,65°,0.75,0.67973,266.0,52.5,33.91,3.55,9492.42945,33698.12455,Indicated
Western Ukwa,CRO-23290-2016,cross-section,W-1,UKH-7,,,,20.0,52.5,33.91,3.55,713.7165,2533.693575,Inferred
Western Ukwa,CRO-23290-2016,cross-section,W-2,UKH-4,59°,2.0,1.71433,182.0,87.5,36.91,3.55,27300.7052,96917.50364,Indicated
Western Ukwa,CRO-23290-2016,cross-section,W-2,UKH-4,,,,20.0,87.5,36.91,3.55,3000.0775,10650.27513,Inferred
Western Ukwa,CRO-23290-2016,cross-section,W-2,GUG-2,70°,1.31,1.2309,182.0,87.5,40.63,3.55,19602.0825,69587.39288,Indicated
Western Ukwa,CRO-23290-2016,cross-section,W-2,GSU-29,72°,0.9,0.8559,142.0,87.5,39.1,3.55,10634.5575,37752.67913,Indicated
Western Ukwa,CRO-23290-2016,cross-section,C-D,UKBH-4,70°,1.8,1.6914,217.0,141.5,29.9035,3.55,51935.2827,184370.2536,Indicated
Western Ukwa,CRO-23290-2016,cross-section,C-D,UKBH-4,,,,20.0,141.5,29.9035,3.55,4786.662,16992.6501,Inferred
Western Ukwa,CRO-23290-2016,cross-section,C-D,UKBH-2,85°,2.05,2.04219,217.0,141.5,33.6151,3.55,62706.465,222607.9509,Indicated
Western Ukwa,CRO-23290-2016,cross-section,C-D,UKBH-2,,,,15.0,141.5,33.6151,3.55,4334.54827,15387.64638,Inferred
Western Ukwa,CRO-23290-2016,cross-section,W-3,UKH-14,54°,5.4,4.36869,60.0,108.5,37.82,3.55,28440.1719,100962.6102,Indicated
Western Ukwa,CRO-23290-2016,cross-section,W-3,UKH-14,,,,20.0,108.5,37.82,3.55,9480.0573,33654.20342,Inferred
Western Ukwa,CRO-23290-2016,cross-section,W-3,UKH-3,54°,2.9,2.346149,60.0,108.5,43.63,3.55,15273.4299,54220.67646,Indicated
Western Ukwa,CRO-23290-2016,cross-section,W-3,GSU-27,65°,3.05,2.76423,165.5,140.5,34.36,3.55,64275.9491,228179.6194,Indicated
Western Ukwa,CRO-23290-2016,cross-section,W-3,GSU-26,65°,1.25,1.132884,111.0,140.5,45.85,3.55,17667.8924,62721.0181,Indicated
Western Ukwa,CRO-23290-2016,cross-section,W-3,GSU-26,,,,32.0,140.5,45.85,3.55,5093.44646,18081.73495,Inferred
Western Ukwa,CRO-23290-2016,cross-section,E-F,UKBH-3,75°,3.645,3.520799,238.0,134.0,27.9785,3.55,112285.321,398612.8921,Indicated
Western Ukwa,CRO-23290-2016,cross-section,E-F,UKBH-3,,,,92.0,134.0,27.9785,3.55,43404.41,154085.6558,Inferred
Western Ukwa,CRO-23290-2016,cross-section,W-4,UKH-16,60°,1.2,1.03923,82.0,70.0,38.81,3.55,5965.1802,21176.38971,Indicated
Western Ukwa,CRO-23290-2016,cross-section,W-4,UKH-16,,,,20.0,70.0,38.81,3.55,1454.922,5164.9731,Inferred
Western Ukwa,CRO-23290-2016,cross-section,W-4,GSU-34,60°,2.42,2.09578,82.0,70.0,41.0,3.55,12029.7772,42705.70906,Indicated
Western Ukwa,CRO-23290-2016,cross-section,W-4,GSU-24,60°,1.85,1.602146,83.0,140.0,35.84,3.55,18616.9365,66090.12465,Indicated
Western Ukwa,CRO-23290-2016,cross-section,W-4,GSU-21,60°,2.6,2.251666,187.5,140.0,38.27,3.55,59106.2325,209827.1254,Indicated
Western Ukwa,CRO-23290-2016,probable-partial,W-l,UKH-7,25,0.75,0.75,73.47,142.5,,3.92,7852.106,30780.25552,Probable
Western Ukwa,CRO-23290-2016,probable-partial,W-2,UKH-4,31,1.7,1.7,48.0,230.0,,3.92,18768.0,73570.56,Probable
Western Ukwa,CRO-23290-2016,probable-partial,W-3,UKH-14,34,5.4,5.4,16.11,255.0,,3.92,22183.47,86959.20240000001,Probable
Western Ukwa,CRO-23290-2016,probable-partial,W-4,UKH-16,30,1.2,1.2,22.0,183.75,,3.92,4851.0,19015.92,Probable
Gudma,CRO-23394-2017,cross-section,AB,GDBH-1,85°,1.38,1.25,115.0,90.0,28.07,2.09,12937.5,27039.3,Inferred (UNFC 333)
Gudma,CRO-23394-2017,cross-section,CD,GDBH-2,80°,0.55,0.5,96.0,127.0,30.8,2.09,6096.0,12740.6,Inferred (UNFC 333)
Gudma,CRO-23394-2017,cross-section,AB,GDBH-3,75°,0.69,0.63,99.0,90.0,19.31,2.09,5613.3,11731.79,Inferred (UNFC 333)
Gudma,CRO-23394-2017,cross-section,CD,GDBH-4,75°,0.24,0.22,73.0,127.0,22.74,2.09,2039.6,4262.8,Inferred (UNFC 333)
Gudma,CRO-23394-2017,cross-section,EF,GDBH-5,80°,1.09,0.99,109.5,132.0,16.39,2.09,14309.4,29906.6,Inferred (UNFC 333)
Gudma,CRO-23394-2017,cross-section,GH,GDBH-6,85°,0.6,0.54,168.0,174.0,13.55,2.09,15785.28,32991.23,Inferred (UNFC 333)
Gudma,CRO-23394-2017,cross-section,IJ,GDBH-7,70°,1.18,1.07,138.0,163.0,20.72,2.09,24068.58,50303.33,Inferred (UNFC 333)
