block,kind,point_type,strike_deg,dip_deg,dip_direction_deg,plunge_direction_deg,plunge_deg,remarks,lat,lon
Western Ukwa,plane,Foliation (S1),238.17892456054688,30.0,328.17889404296875,,,,21.96798293100005,80.44950249600004
Western Ukwa,plane,Foliation (S1),234.09027099609375,30.0,324.0903015136719,,,,21.967539371000044,80.44896428900006
Western Ukwa,plane,Foliation (S1),239.9667205810547,25.0,329.9667053222656,,,,21.967302033000067,80.44867323000005
Western Ukwa,plane,Foliation (S1),246.51123046875,25.0,336.5111999511719,,,,21.967196793000028,80.44854135000008
Western Ukwa,plane,Bedding (S0),217.87498474121094,30.0,307.875,,,,21.966953070000045,80.44824952100004
Western Ukwa,plane,Joint,104.64737701416016,90.0,14.647379875183105,,,,21.966513839000072,80.44757295100004
Western Ukwa,plane,Joint,186.40744018554688,90.0,96.40744018554688,,,,21.966548956000054,80.44761940700005
Western Ukwa,plane,Joint,233.70408630371094,90.0,143.7041015625,,,,21.96653728700005,80.44765496300005
Western Ukwa,plane,Bedding,237.68751525878906,15.0,327.6875,,,,21.96668887100003,80.44787138600003
Western Ukwa,plane,Bedding,236.99334716796875,20.0,326.9932861328125,,,,21.966778368000064,80.44798378100006
Western Ukwa,plane,Bedding,239.98756408691406,35.0,329.98748779296875,,,,21.968641631000025,80.45027025600007
Western Ukwa,plane,Bedding,238.1204071044922,26.0,328.1203918457031,,,,21.968695296000078,80.45048772500007
Western Ukwa,plane,Bedding,222.59979248046875,27.0,312.59979248046875,,,,21.968872392000037,80.45076290500003
Western Ukwa,plane,Bedding,226.0416259765625,25.0,316.0415954589844,,,,21.96895016600007,80.45084365100007
Western Ukwa,plane,Bedding,260.4596252441406,20.0,350.4595947265625,,,,21.96902719600007,80.45096179700005
Western Ukwa,plane,Foliation (S1),249.94390869140625,20.0,339.94390869140625,,,,21.96904985900005,80.45105195500008
Western Ukwa,plane,Bedding,217.87498474121094,25.0,307.875,,,,21.969177913000067,80.45135512300004
Western Ukwa,plane,Bedding,251.56504821777344,25.0,341.5650939941406,,,,21.969421141000055,80.45135239900003
Western Ukwa,plane,Foliation (S1),263.16900634765625,35.0,353.16900634765625,,,,21.970462911000027,80.45242005100005
Western Ukwa,plane,Foliation (S1),106.5929946899414,45.0,16.59299087524414,,,,21.970498330000055,80.45294192600005
Western Ukwa,plane,Foliation (S1),264.7099304199219,35.0,354.70989990234375,,,,21.970594928000025,80.45332001900005
Western Ukwa,plane,Foliation (S1),261.7643737792969,43.0,351.764404296875,,,,21.970870932000025,80.45436459500007
Western Ukwa,plane,Joint,157.59458923339844,50.0,67.59458923339844,,,,21.970933350000053,80.45438259400004
Western Ukwa,plane,Foliation (S1),249.4891357421875,40.0,339.4891052246094,,,,21.970945733000065,80.45485699700004
Western Ukwa,plane,Joint,161.41307067871094,50.0,71.41307067871094,,,,21.97101277400003,80.45486938000005
Western Ukwa,plane,Bedding,258.8111877441406,60.0,348.8111877441406,,,,21.971050752000053,80.45574998800004
Western Ukwa,plane,Joint,257.8584899902344,90.0,347.8584899902344,,,,21.971132159000035,80.45608494300006
Western Ukwa,plane,Foliation (S1),264.14398193359375,25.0,354.1440124511719,,,,21.971520697000074,80.45706082800007
Western Ukwa,plane,Joint,259.4919738769531,90.0,349.49200439453125,,,,21.97159475500007,80.45743285300006
Western Ukwa,plane,Foliation (S1),263.7459716796875,55.0,353.7460021972656,,,,21.97161473400007,80.45757122700007
Western Ukwa,plane,Foliation (S1),263.1572265625,35.0,353.1571960449219,,,,21.97168722400005,80.45786564400004
Western Ukwa,plane,Foliation (S1),249.35301208496094,75.0,339.3529968261719,,,,21.97214148100005,80.45879760500003
Western Ukwa,plane,Joint,301.9580993652344,80.0,211.95809936523438,,,,21.97224550900006,80.45925566000005
Western Ukwa,plane,Bedding,205.78289794921875,35.0,115.78289794921875,,,,21.972257564000074,80.45921124200004
Western Ukwa,plane,Foliation (S1),91.49433135986328,50.0,1.4943339824676514,,,,21.97182020400004,80.45927877700007
Western Ukwa,plane,Bedding,266.7060241699219,45.0,356.70599365234375,,,,21.972240171000067,80.45951831700006
Western Ukwa,plane,Foliation (S1),264.109375,40.0,354.1094055175781,,,,21.972243693000053,80.45956807500005
Western Ukwa,plane,Bedding,263.7965393066406,80.0,353.7965087890625,,,,21.972288717000026,80.45988236200003
Western Ukwa,plane,Bedding,270.0,45.0,360.0,,,,21.97235014300003,80.46003647800006
Western Ukwa,plane,Bedding,261.68487548828125,40.0,351.6849060058594,,,,21.972400341000025,80.46026170600004
Western Ukwa,plane,Bedding,264.12261962890625,35.0,354.1225891113281,,,,21.972437109000055,80.46038433900003
Western Ukwa,plane,Foliation (S1),262.5799865722656,40.0,352.5799865722656,,,,21.972505801000068,80.46073396200006
Western Ukwa,plane,Bedding,265.9936218261719,50.0,355.99359130859375,,,,21.97258682200004,80.46109019100004
Western Ukwa,plane,Foliation (S1),249.38418579101562,45.0,339.3841857910156,,,,21.972772751000036,80.46123087600006
Western Ukwa,plane,Foliation (S1),261.6269836425781,35.0,351.62701416015625,,,,21.972732130000054,80.46068827800008
Western Ukwa,plane,Foliation (S1),251.79454040527344,45.0,341.79449462890625,,,,21.972628213000064,80.46174749500005
Western Ukwa,plane,Foliation (S1),267.8067626953125,43.0,357.8067932128906,,,,21.972969909000028,80.46236583000007
Western Ukwa,plane,Foliation (S1),126.69172668457031,46.0,36.69171905517578,,,,21.972741488000054,80.46232664100006
Western Ukwa,plane,Foliation (S1),256.67547607421875,45.0,346.6755065917969,,,,21.973043335000057,80.46306375600005
Western Ukwa,plane,Foliation (S1),259.4608154296875,45.0,169.46080017089844,,,,21.973168995000037,80.46355401000005
Western Ukwa,plane,Bedding,261.6070861816406,40.0,351.6070861816406,,,,21.973064471000043,80.46360751000003
Western Ukwa,plane,Foliation (S1),248.8812713623047,45.0,338.88128662109375,,,,21.97230176200003,80.46170317300005
Western Ukwa,plane,Foliation (S1),266.03533935546875,25.0,356.0353088378906,,,,21.970337980000068,80.45200947000006
Western Ukwa,plane,Foliation (S1),262.568603515625,15.0,352.568603515625,,,,21.970031344000063,80.45164760000006
Western Ukwa,plane,Bedding,223.9456024169922,30.0,313.9455871582031,,,,21.968096913000068,80.44969880300005
Western Ukwa,plane,Bedding,260.97686767578125,35.0,350.9768981933594,,,,21.97280413200008,80.46299931600004
Western Ukwa,plane,Foliation (S1),112.07528686523438,90.0,22.07529067993164,,,,21.96659833900003,80.44761813300005
Western Ukwa,plane,Foliation (S1),250.7100067138672,35.0,340.7099914550781,,,,21.97077339300006,80.45385678600007
Western Ukwa,plane,Foliation(S2),213.45330810546875,90.0,123.45330047607422,,,,21.969102443000054,80.45131996000003
Western Ukwa,line,Fold Axis of Antiform,208.73089599609375,,,298.73089599609375,15.0,,21.969842422000056,80.45158252000004
Western Ukwa,line,Fold Axis of Antiform,197.984130859375,,,287.984130859375,25.0,,21.970354534000023,80.45207922900005
Western Ukwa,line,Fold Axis of Antiform,359.45025634765625,,,269.45025634765625,5.0,,21.97005781400003,80.45172380200006
Western Ukwa,line,Fold Axis of Antiform,208.33261108398438,,,298.3326110839844,5.0,,21.968198896000047,80.44986503500007
Western Ukwa,line,Fold Axis of Antiform,301.6075134277344,,,211.6074981689453,30.0,,21.967433794000044,80.44885140600007
Western Ukwa,line,Fold Axis of Antiform,196.51780700683594,,,286.517822265625,90.0,,21.966085638000038,80.44689468300004
Western Ukwa,line,Fold Axis of Antiform,198.45718383789062,,,288.4571838378906,18.0,,21.967228463000026,80.44857882700006
Western Ukwa,line,Fold Axis of Antiform,228.156494140625,,,318.156494140625,26.0,,21.968015610000066,80.44953180100003
Western Ukwa,line,Fold Axis of Antiform,350.8059997558594,,,260.8059997558594,35.0,,21.97080019200007,80.45389708000005
Western Ukwa,line,Fold Axis of Antiform,180.50148010253906,,,270.5014953613281,30.0,,21.97208088700006,80.45864071600005
Western Ukwa,line,Axial Trace of Antiformal Fold (F4),208.1885223388672,,,298.18853759765625,15.0,,21.969534526000075,80.45154509800005
Western Ukwa,line,Axial Trace of Antiformal Fold (F4),228.1371612548828,,,318.1371765136719,20.0,,21.96904513800007,80.45111917800006
Western Ukwa,line,Axial Trace of Antiformal Fold (F4),237.70272827148438,,,327.7027282714844,50.0,,21.968107882000027,80.44973667300007
Western Ukwa,line,Axial Trace of Antiformal Fold (F4),217.9716033935547,,,307.97161865234375,30.0,,21.967686666000077,80.44918432900005
Western Ukwa,line,Axial Trace of Antiformal Fold (F4),259.177001953125,,,349.177001953125,16.0,,21.966905765000035,80.44820173300008
Western Ukwa,line,Axial Trace of Antiformal Fold (F4),248.72366333007812,,,338.7236633300781,90.0,,21.966553774000033,80.44768882400007
Western Ukwa,line,Axial Trace of Antiformal Fold (F4),227.99742126464844,,,317.9974365234375,12.0,,21.96611497600003,80.44697080200007
Western Ukwa,line,Axial Trace of Antiformal Fold (F4),218.19644165039062,,,308.1964416503906,15.0,,21.97262271900007,80.46183367500004
