feature,model_importance,permutation_importance_pr,perm_importance_no_proxy
dist_to_known_deposit_km,0.5285667515752565,0.17921026957834876,
ferrous_iron_idx,0.016401091902296917,8.881784197001253e-17,3.3306690738754695e-17
iron_oxide_idx,0.02711369802882862,6.661338147750939e-17,0.0
elevation,0.05350339367290539,5.551115123125783e-17,0.0034977003860774403
B12,0.012752917495930407,5.551115123125783e-17,9.992007221626409e-17
dist_to_sausar_km,0.027699935981073443,5.551115123125783e-17,0.001416318289663121
B2,0.01721648610263217,5.551115123125783e-17,3.3306690738754695e-17
B11,0.022623729066452478,4.4408920985006264e-17,6.661338147750939e-17
dist_to_borehole_km,0.09162357919571643,4.4408920985006264e-17,
BSI,0.009762462881045991,4.4408920985006264e-17,3.3306690738754695e-17
spectral_mean,0.01203153565877731,4.4408920985006264e-17,6.661338147750939e-17
NDMI,0.015036107898968998,4.4408920985006264e-17,9.992007221626409e-17
spectral_range,0.04062330709839798,4.4408920985006264e-17,0.00241918666013109
clay_mineral_ratio,0.014551210270498882,3.3306690738754695e-17,3.1057098765474576e-05
B3,0.02563619786462745,3.3306690738754695e-17,6.661338147750939e-17
aspect_cos,0.005929190491627508,2.2204460492503132e-17,1.1102230246251566e-17
aspect,0.008367823346532521,2.2204460492503132e-17,1.1102230246251566e-17
B4,0.006248493327861789,2.2204460492503132e-17,6.661338147750939e-17
aspect_sin,0.004224586508614483,2.2204460492503132e-17,1.1102230246251566e-17
slope,0.0069130995605557735,2.2204460492503132e-17,1.1102230246251566e-17
B8,0.0163166674998291,1.1102230246251566e-17,5.551115123125783e-17
ndvi,0.01873457728406509,0.0,2.2204460492503132e-17
geo_AMGAON GNEISSIC COMPLEX,0.00036444076085742877,0.0,0.0
geo_KHAIRAGARH,0.0,0.0,0.0
geo_NANDGAON,7.832720134721109e-05,0.0,0.0
geo_SAUSAR,0.0008057720728227398,0.0,0.0
geo_SAKOLI,0.0,0.0,0.0
geo_TIRODI GNEISSIC COMPLEX,0.01687465683368686,0.0,1.1102230246251566e-17
in_sausar,0.0,0.0,0.0
