equipment_availability,downtime_hours,blast_delay_flag,monthly_rain_mm,heavy_rain_days,rain_mm_roll3,heavy_rain_roll3,planned_lag1,month_num,mine_Balaghat,mine_Chikla,mine_Dongri Buzurg,mine_Gumgaon,mine_Kandri,mine_Mansar,mine_Sitapatore,mine_Tirodi,mine_Ukwa,type_opencast,type_underground,pred_shortfall_ratio,mine_profile
0.75,74.0,0.0,0.0,0.0,0.0,0.0,9600.0,6.0,1.0,0.0,0.0,0.0,0.0,0.0,0.0,0.0,0.0,0.0,1.0,0.18043204459237633,Balaghat (underground)
0.75,74.0,0.0,25.0,0.0,15.0,0.0,9600.0,6.0,1.0,0.0,0.0,0.0,0.0,0.0,0.0,0.0,0.0,0.0,1.0,0.16791849419390237,Balaghat (underground)
0.75,74.0,0.0,50.0,2.0,30.0,1.2,9600.0,6.0,1.0,0.0,0.0,0.0,0.0,0.0,0.0,0.0,0.0,0.0,1.0,0.17150120640631591,Balaghat (underground)
0.75,74.0,0.0,100.0,2.0,60.0,1.2,9600.0,6.0,1.0,0.0,0.0,0.0,0.0,0.0,0.0,0.0,0.0,0.0,1.0,0.17246885901058878,Balaghat (underground)
0.75,74.0,0.0,200.0,6.0,120.0,3.5999999999999996,9600.0,6.0,1.0,0.0,0.0,0.0,0.0,0.0,0.0,0.0,0.0,0.0,1.0,0.18303705018023628,Balaghat (underground)
0.75,74.0,0.0,300.0,12.0,180.0,7.199999999999999,9600.0,6.0,1.0,0.0,0.0,0.0,0.0,0.0,0.0,0.0,0.0,0.0,1.0,0.19150445522261725,Balaghat (underground)
0.75,74.0,0.0,400.0,12.0,240.0,7.199999999999999,9600.0,6.0,1.0,0.0,0.0,0.0,0.0,0.0,0.0,0.0,0.0,0.0,1.0,0.18665590899076198,Balaghat (underground)
0.775,74.0,0.0,0.0,0.0,0.0,0.0,9600.0,6.0,1.0,0.0,0.0,0.0,0.0,0.0,0.0,0.0,0.0,0.0,1.0,0.18043204459237633,Balaghat (underground)
0.775,74.0,0.0,25.0,0.0,15.0,0.0,9600.0,6.0,1.0,0.0,0.0,0.0,0.0,0.0,0.0,0.0,0.0,0.0,1.0,0.16791849419390237,Balaghat (underground)
0.775,74.0,0.0,50.0,2.0,30.0,1.2,9600.0,6.0,1.0,0.0,0.0,0.0,0.0,0.0,0.0,0.0,0.0,0.0,1.0,0.17150120640631591,Balaghat (underground)
0.775,74.0,0.0,100.0,2.0,60.0,1.2,9600.0,6.0,1.0,0.0,0.0,0.0,0.0,0.0,0.0,0.0,0.0,0.0,1.0,0.17246885901058878,Balaghat (underground)
0.775,74.0,0.0,200.0,6.0,120.0,3.5999999999999996,9600.0,6.0,1.0,0.0,0.0,0.0,0.0,0.0,0.0,0.0,0.0,0.0,1.0,0.18303705018023628,Balaghat (underground)
0.775,74.0,0.0,300.0,12.0,180.0,7.199999999999999,9600.0,6.0,1.0,0.0,0.0,0.0,0.0,0.0,0.0,0.0,0.0,0.0,1.0,0.19150445522261725,Balaghat (underground)
0.775,74.0,0.0,400.0,12.0,240.0,7.199999999999999,9600.0,6.0,1.0,0.0,0.0,0.0,0.0,0.0,0.0,0.0,0.0,0.0,1.0,0.18665590899076198,Balaghat (underground)
0.8,74.0,0.0,0.0,0.0,0.0,0.0,9600.0,6.0,1.0,0.0,0.0,0.0,0.0,0.0,0.0,0.0,0.0,0.0,1.0,0.1798092131409041,Balaghat (underground)
0.8,74.0,0.0,25.0,0.0,15.0,0.0,9600.0,6.0,1.0,0.0,0.0,0.0,0.0,0.0,0.0,0.0,0.0,0.0,1.0,0.16715211175414355,Balaghat (underground)
0.8,74.0,0.0,50.0,2.0,30.0,1.2,9600.0,6.0,1.0,0.0,0.0,0.0,0.0,0.0,0.0,0.0,0.0,0.0,1.0,0.17046475406075834,Balaghat (underground)
0.8,74.0,0.0,100.0,2.0,60.0,1.2,9600.0,6.0,1.0,0.0,0.0,0.0,0.0,0.0,0.0,0.0,0.0,0.0,1.0,0.17152103856514211,Balaghat (underground)
0.8,74.0,0.0,200.0,6.0,120.0,3.5999999999999996,9600.0,6.0,1.0,0.0,0.0,0.0,0.0,0.0,0.0,0.0,0.0,0.0,1.0,0.18241948299772806,Balaghat (underground)
0.8,74.0,0.0,300.0,12.0,180.0,7.199999999999999,9600.0,6.0,1.0,0.0,0.0,0.0,0.0,0.0,0.0,0.0,0.0,0.0,1.0,0.19150445522261725,Balaghat (underground)
0.8,74.0,0.0,400.0,12.0,240.0,7.199999999999999,9600.0,6.0,1.0,0.0,0.0,0.0,0.0,0.0,0.0,0.0,0.0,0.0,1.0,0.18665590899076198,Balaghat (underground)
0.8250000000000001,74.0,0.0,0.0,0.0,0.0,0.0,9600.0,6.0,1.0,0.0,0.0,0.0,0.0,0.0,0.0,0.0,0.0,0.0,1.0,0.17765866127839605,Balaghat (underground)
0.8250000000000001,74.0,0.0,25.0,0.0,15.0,0.0,9600.0,6.0,1.0,0.0,0.0,0.0,0.0,0.0,0.0,0.0,0.0,0.0,1.0,0.16433843841283607,Balaghat (underground)
0.8250000000000001,74.0,0.0,50.0,2.0,30.0,1.2,9600.0,6.0,1.0,0.0,0.0,0.0,0.0,0.0,0.0,0.0,0.0,0.0,1.0,0.16641423428253685,Balaghat (underground)
0.8250000000000001,74.0,0.0,100.0,2.0,60.0,1.2,9600.0,6.0,1.0,0.0,0.0,0.0,0.0,0.0,0.0,0.0,0.0,0.0,1.0,0.16805848011483804,Balaghat (underground)
0.8250000000000001,74.0,0.0,200.0,6.0,120.0,3.5999999999999996,9600.0,6.0,1.0,0.0,0.0,0.0,0.0,0.0,0.0,0.0,0.0,0.0,1.0,0.17909236885458343,Balaghat (underground)
0.8250000000000001,74.0,0.0,300.0,12.0,180.0,7.199999999999999,9600.0,6.0,1.0,0.0,0.0,0.0,0.0,0.0,0.0,0.0,0.0,0.0,1.0,0.19054303714654272,Balaghat (underground)
0.8250000000000001,74.0,0.0,400.0,12.0,240.0,7.199999999999999,9600.0,6.0,1.0,0.0,0.0,0.0,0.0,0.0,0.0,0.0,0.0,0.0,1.0,0.18569449091468745,Balaghat (underground)
0.8500000000000001,74.0,0.0,0.0,0.0,0.0,0.0,9600.0,6.0,1.0,0.0,0.0,0.0,0.0,0.0,0.0,0.0,0.0,0.0,1.0,0.150211935777971,Balaghat (underground)
0.8500000000000001,74.0,0.0,25.0,0.0,15.0,0.0,9600.0,6.0,1.0,0.0,0.0,0.0,0.0,0.0,0.0,0.0,0.0,0.0,1.0,0.14714677142078947,Balaghat (underground)
0.8500000000000001,74.0,0.0,50.0,2.0,30.0,1.2,9600.0,6.0,1.0,0.0,0.0,0.0,0.0,0.0,0.0,0.0,0.0,0.0,1.0,0.15814079018393268,Balaghat (underground)
0.8500000000000001,74.0,0.0,100.0,2.0,60.0,1.2,9600.0,6.0,1.0,0.0,0.0,0.0,0.0,0.0,0.0,0.0,0.0,0.0,1.0,0.1598907162101589,Balaghat (underground)
0.8500000000000001,74.0,0.0,200.0,6.0,120.0,3.5999999999999996,9600.0,6.0,1.0,0.0,0.0,0.0,0.0,0.0,0.0,0.0,0.0,0.0,1.0,0.17866199082460973,Balaghat (underground)
0.8500000000000001,74.0,0.0,300.0,12.0,180.0,7.199999999999999,9600.0,6.0,1.0,0.0,0.0,0.0,0.0,0.0,0.0,0.0,0.0,0.0,1.0,0.18561333528567348,Balaghat (underground)
0.8500000000000001,74.0,0.0,400.0,12.0,240.0,7.199999999999999,9600.0,6.0,1.0,0.0,0.0,0.0,0.0,0.0,0.0,0.0,0.0,0.0,1.0,0.17804900821748362,Balaghat (underground)
0.8750000000000001,74.0,0.0,0.0,0.0,0.0,0.0,9600.0,6.0,1.0,0.0,0.0,0.0,0.0,0.0,0.0,0.0,0.0,0.0,1.0,0.12102619059916514,Balaghat (underground)
0.8750000000000001,74.0,0.0,25.0,0.0,15.0,0.0,9600.0,6.0,1.0,0.0,0.0,0.0,0.0,0.0,0.0,0.0,0.0,0.0,1.0,0.1136789284522562,Balaghat (underground)
0.8750000000000001,74.0,0.0,50.0,2.0,30.0,1.2,9600.0,6.0,1.0,0.0,0.0,0.0,0.0,0.0,0.0,0.0,0.0,0.0,1.0,0.11404450447346251,Balaghat (underground)
0.8750000000000001,74.0,0.0,100.0,2.0,60.0,1.2,9600.0,6.0,1.0,0.0,0.0,0.0,0.0,0.0,0.0,0.0,0.0,0.0,1.0,0.11839430907636432,Balaghat (underground)
0.8750000000000001,74.0,0.0,200.0,6.0,120.0,3.5999999999999996,9600.0,6.0,1.0,0.0,0.0,0.0,0.0,0.0,0.0,0.0,0.0,0.0,1.0,0.12459789047697556,Balaghat (underground)
0.8750000000000001,74.0,0.0,300.0,12.0,180.0,7.199999999999999,9600.0,6.0,1.0,0.0,0.0,0.0,0.0,0.0,0.0,0.0,0.0,0.0,1.0,0.17029579076024054,Balaghat (underground)
0.8750000000000001,74.0,0.0,400.0,12.0,240.0,7.199999999999999,9600.0,6.0,1.0,0.0,0.0,0.0,0.0,0.0,0.0,0.0,0.0,0.0,1.0,0.16887115719932155,Balaghat (underground)
0.9000000000000001,74.0,0.0,0.0,0.0,0.0,0.0,9600.0,6.0,1.0,0.0,0.0,0.0,0.0,0.0,0.0,0.0,0.0,0.0,1.0,0.1142159082773883,Balaghat (underground)
0.9000000000000001,74.0,0.0,25.0,0.0,15.0,0.0,9600.0,6.0,1.0,0.0,0.0,0.0,0.0,0.0,0.0,0.0,0.0,0.0,1.0,0.10523123537106299,Balaghat (underground)
0.9000000000000001,74.0,0.0,50.0,2.0,30.0,1.2,9600.0,6.0,1.0,0.0,0.0,0.0,0.0,0.0,0.0,0.0,0.0,0.0,1.0,0.10547946783809864,Balaghat (underground)
0.9000000000000001,74.0,0.0,100.0,2.0,60.0,1.2,9600.0,6.0,1.0,0.0,0.0,0.0,0.0,0.0,0.0,0.0,0.0,0.0,1.0,0.11138798026603267,Balaghat (underground)
0.9000000000000001,74.0,0.0,200.0,6.0,120.0,3.5999999999999996,9600.0,6.0,1.0,0.0,0.0,0.0,0.0,0.0,0.0,0.0,0.0,0.0,1.0,0.12068107886439779,Balaghat (underground)
0.9000000000000001,74.0,0.0,300.0,12.0,180.0,7.199999999999999,9600.0,6.0,1.0,0.0,0.0,0.0,0.0,0.0,0.0,0.0,0.0,0.0,1.0,0.16748183377847728,Balaghat (underground)
0.9000000000000001,74.0,0.0,400.0,12.0,240.0,7.199999999999999,9600.0,6.0,1.0,0.0,0.0,0.0,0.0,0.0,0.0,0.0,0.0,0.0,1.0,0.1658570556279507,Balaghat (underground)
0.9250000000000002,74.0,0.0,0.0,0.0,0.0,0.0,9600.0,6.0,1.0,0.0,0.0,0.0,0.0,0.0,0.0,0.0,0.0,0.0,1.0,0.0775476531398418,Balaghat (underground)
0.9250000000000002,74.0,0.0,25.0,0.0,15.0,0.0,9600.0,6.0,1.0,0.0,0.0,0.0,0.0,0.0,0.0,0.0,0.0,0.0,1.0,0.07500612195957315,Balaghat (underground)
0.9250000000000002,74.0,0.0,50.0,2.0,30.0,1.2,9600.0,6.0,1.0,0.0,0.0,0.0,0.0,0.0,0.0,0.0,0.0,0.0,1.0,0.07880624430936665,Balaghat (underground)
0.9250000000000002,74.0,0.0,100.0,2.0,60.0,1.2,9600.0,6.0,1.0,0.0,0.0,0.0,0.0,0.0,0.0,0.0,0.0,0.0,1.0,0.08672964190312284,Balaghat (underground)
0.9250000000000002,74.0,0.0,200.0,6.0,120.0,3.5999999999999996,9600.0,6.0,1.0,0.0,0.0,0.0,0.0,0.0,0.0,0.0,0.0,0.0,1.0,0.10103532900818853,Balaghat (underground)
0.9250000000000002,74.0,0.0,300.0,12.0,180.0,7.199999999999999,9600.0,6.0,1.0,0.0,0.0,0.0,0.0,0.0,0.0,0.0,0.0,0.0,1.0,0.15713269663292223,Balaghat (underground)
0.9250000000000002,74.0,0.0,400.0,12.0,240.0,7.199999999999999,9600.0,6.0,1.0,0.0,0.0,0.0,0.0,0.0,0.0,0.0,0.0,0.0,1.0,0.15681826443713495,Balaghat (underground)
0.9500000000000002,74.0,0.0,0.0,0.0,0.0,0.0,9600.0,6.0,1.0,0.0,0.0,0.0,0.0,0.0,0.0,0.0,0.0,0.0,1.0,0.07753747241469666,Balaghat (underground)
0.9500000000000002,74.0,0.0,25.0,0.0,15.0,0.0,9600.0,6.0,1.0,0.0,0.0,0.0,0.0,0.0,0.0,0.0,0.0,0.0,1.0,0.07505165968884653,Balaghat (underground)
0.9500000000000002,74.0,0.0,50.0,2.0,30.0,1.2,9600.0,6.0,1.0,0.0,0.0,0.0,0.0,0.0,0.0,0.0,0.0,0.0,1.0,0.07872679466598426,Balaghat (underground)
0.9500000000000002,74.0,0.0,100.0,2.0,60.0,1.2,9600.0,6.0,1.0,0.0,0.0,0.0,0.0,0.0,0.0,0.0,0.0,0.0,1.0,0.08677341261685698,Balaghat (underground)
0.9500000000000002,74.0,0.0,200.0,6.0,120.0,3.5999999999999996,9600.0,6.0,1.0,0.0,0.0,0.0,0.0,0.0,0.0,0.0,0.0,0.0,1.0,0.1006870699240533,Balaghat (underground)
0.9500000000000002,74.0,0.0,300.0,12.0,180.0,7.199999999999999,9600.0,6.0,1.0,0.0,0.0,0.0,0.0,0.0,0.0,0.0,0.0,0.0,1.0,0.15604089650135355,Balaghat (underground)
0.9500000000000002,74.0,0.0,400.0,12.0,240.0,7.199999999999999,9600.0,6.0,1.0,0.0,0.0,0.0,0.0,0.0,0.0,0.0,0.0,0.0,1.0,0.15555690859017127,Balaghat (underground)
0.9750000000000002,74.0,0.0,0.0,0.0,0.0,0.0,9600.0,6.0,1.0,0.0,0.0,0.0,0.0,0.0,0.0,0.0,0.0,0.0,1.0,0.07753747241469666,Balaghat (underground)
0.9750000000000002,74.0,0.0,25.0,0.0,15.0,0.0,9600.0,6.0,1.0,0.0,0.0,0.0,0.0,0.0,0.0,0.0,0.0,0.0,1.0,0.07505165968884653,Balaghat (underground)
0.9750000000000002,74.0,0.0,50.0,2.0,30.0,1.2,9600.0,6.0,1.0,0.0,0.0,0.0,0.0,0.0,0.0,0.0,0.0,0.0,1.0,0.07872679466598426,Balaghat (underground)
0.9750000000000002,74.0,0.0,100.0,2.0,60.0,1.2,9600.0,6.0,1.0,0.0,0.0,0.0,0.0,0.0,0.0,0.0,0.0,0.0,1.0,0.08677341261685698,Balaghat (underground)
0.9750000000000002,74.0,0.0,200.0,6.0,120.0,3.5999999999999996,9600.0,6.0,1.0,0.0,0.0,0.0,0.0,0.0,0.0,0.0,0.0,0.0,1.0,0.1006870699240533,Balaghat (underground)
0.9750000000000002,74.0,0.0,300.0,12.0,180.0,7.199999999999999,9600.0,6.0,1.0,0.0,0.0,0.0,0.0,0.0,0.0,0.0,0.0,0.0,1.0,0.15604089650135355,Balaghat (underground)
0.9750000000000002,74.0,0.0,400.0,12.0,240.0,7.199999999999999,9600.0,6.0,1.0,0.0,0.0,0.0,0.0,0.0,0.0,0.0,0.0,0.0,1.0,0.15555690859017127,Balaghat (underground)
1.0000000000000002,74.0,0.0,0.0,0.0,0.0,0.0,9600.0,6.0,1.0,0.0,0.0,0.0,0.0,0.0,0.0,0.0,0.0,0.0,1.0,0.07753747241469666,Balaghat (underground)
1.0000000000000002,74.0,0.0,25.0,0.0,15.0,0.0,9600.0,6.0,1.0,0.0,0.0,0.0,0.0,0.0,0.0,0.0,0.0,0.0,1.0,0.07505165968884653,Balaghat (underground)
1.0000000000000002,74.0,0.0,50.0,2.0,30.0,1.2,9600.0,6.0,1.0,0.0,0.0,0.0,0.0,0.0,0.0,0.0,0.0,0.0,1.0,0.07872679466598426,Balaghat (underground)
1.0000000000000002,74.0,0.0,100.0,2.0,60.0,1.2,9600.0,6.0,1.0,0.0,0.0,0.0,0.0,0.0,0.0,0.0,0.0,0.0,1.0,0.08677341261685698,Balaghat (underground)
1.0000000000000002,74.0,0.0,200.0,6.0,120.0,3.5999999999999996,9600.0,6.0,1.0,0.0,0.0,0.0,0.0,0.0,0.0,0.0,0.0,0.0,1.0,0.1006870699240533,Balaghat (underground)
1.0000000000000002,74.0,0.0,300.0,12.0,180.0,7.199999999999999,9600.0,6.0,1.0,0.0,0.0,0.0,0.0,0.0,0.0,0.0,0.0,0.0,1.0,0.15604089650135355,Balaghat (underground)
1.0000000000000002,74.0,0.0,400.0,12.0,240.0,7.199999999999999,9600.0,6.0,1.0,0.0,0.0,0.0,0.0,0.0,0.0,0.0,0.0,0.0,1.0,0.15555690859017127,Balaghat (underground)
