dataset,feature,n,lower_bound,upper_bound,n_capped_lower,n_capped_upper,n_total_capped,pct_capped,min_before,max_before,min_after,max_after,mean_before,mean_after,std_before,std_after,skew_before,skew_after,kurt_before,kurt_after
A. Labeled Samples Dataset,B2,90,0.020575000000000003,0.105575,0,2,2,2.2222222222222223,0.0334,0.1107,0.0334,0.105575,0.06345333333333333,0.06339388888888889,0.017048221100649453,0.01689018992212619,0.6219217128211729,0.574176011320788,0.07009751972529754,-0.08209267170943102
A. Labeled Samples Dataset,B3,90,0.03600000000000002,0.1392,0,1,1,1.1111111111111112,0.037,0.1409,0.037,0.1392,0.0875,0.08748111111111112,0.021081383235004376,0.02103370700119774,0.3558319357710406,0.3436193368526354,0.16081793446690673,0.13119057958600466
A. Labeled Samples Dataset,B4,90,0.0,0.194825,0,0,0,0.0,0.0276,0.1706,0.0276,0.1706,0.09762333333333334,0.09762333333333334,0.032906046198297574,0.032906046198297574,0.2045891565067088,0.2045891565067088,-0.5549216615152877,-0.5549216615152877
A. Labeled Samples Dataset,B8,90,0.14450000000000002,0.3268999999999999,3,1,4,4.444444444444445,0.0135,0.3476,0.14450000000000002,0.3268999999999999,0.23005666666666663,0.23376444444444447,0.050501086983518025,0.03644475366788214,-1.9922286812521175,-0.12742499303451768,7.553722222951844,0.4183937659141166
A. Labeled Samples Dataset,B11,90,0.09574999999999997,0.4517500000000001,3,0,3,3.3333333333333335,0.0115,0.4165,0.09574999999999997,0.4165,0.26668000000000003,0.26915833333333333,0.07738399828783234,0.07024961203859445,-1.1281870360881874,-0.6369767645631444,1.9379585112198843,0.24885348418861053
A. Labeled Samples Dataset,B12,90,0.019350000000000006,0.35634999999999994,2,0,2,2.2222222222222223,0.008,0.3226,0.019350000000000006,0.3226,0.1860266666666667,0.18620333333333336,0.06504267363245785,0.06456999024662649,-0.5887864028496993,-0.5503840073581174,0.1438062023516542,0.024607975485182454
A. Labeled Samples Dataset,elevation,90,217.125,420.125,0,11,11,12.222222222222221,248.0,714.0,248.0,420.125,345.84444444444443,326.1486111111111,96.5755117158125,47.884303942529534,2.092282675282477,0.740039115431667,3.7898711666655265,-0.3901578673351982
A. Labeled Samples Dataset,slope,90,0.0,7.548975,0,4,4,4.444444444444445,0.0,25.6813,0.0,7.548975,3.1053422222222222,2.7980677777777783,3.253992039657182,1.8247554143293343,4.508172495269723,0.9485139032055678,27.46394990288048,0.6455066954406594
A. Labeled Samples Dataset,aspect,90,0.0,360.0,0,0,0,0.0,0.0,347.8587,0.0,347.8587,164.83552000000003,164.83552000000003,104.08361609591837,104.08361609591837,-0.021017944025473398,-0.021017944025473398,-1.0464386702760353,-1.0464386702760353
A. Labeled Samples Dataset,iron_oxide_index,90,1.0095750000000003,2.037575,2,0,2,2.2222222222222223,0.7269,1.8593,1.0095750000000003,1.8593,1.5131055555555557,1.5188983333333335,0.2061704042455331,0.18717691808265607,-1.2009828420304505,-0.5793294515647736,2.7147928863504545,0.07592774881369513
A. Labeled Samples Dataset,swir_nir_ratio,90,0.43467500000000003,1.8968749999999999,0,0,0,0.0,0.4819,1.689,0.4819,1.689,1.1639833333333334,1.1639833333333334,0.28057052479193617,0.28057052479193617,-0.6198611923947329,-0.6198611923947329,-0.18307645140361917,-0.18307645140361917
A. Labeled Samples Dataset,clay_alteration_idx,90,1.0248499999999998,1.9030500000000004,0,3,3,3.3333333333333335,1.098,2.0751,1.098,1.9030500000000004,1.471621111111111,1.4692772222222221,0.17490165615166214,0.16792488190886834,0.9371675319560431,0.7081254032660056,1.2858522101496934,0.41901048810888675
A. Labeled Samples Dataset,ferrous_iron_idx,90,0.1086999999999998,1.5083000000000002,0,0,0,0.0,0.2322,1.2262,0.2322,1.2262,0.8126388888888889,0.8126388888888889,0.23926719946604588,0.23926719946604588,-0.5647791421557913,-0.5647791421557913,-0.4780379776906205,-0.4780379776906205
A. Labeled Samples Dataset,ndvi,90,0.06866250000000002,0.7551625,3,0,3,3.3333333333333335,-0.3431,0.7428,0.06866250000000002,0.7428,0.39580444444444435,0.40453875,0.16330833724501892,0.13338372473187918,-1.5283996980048387,-0.024389775633985266,6.026746776770702,0.27719500894807725
A. Labeled Samples Dataset,dist_to_gondite_km,90,0.0,27.449775,0,10,10,11.11111111111111,1.8659,48.1496,1.8659,27.449775,14.396838888888887,13.295299444444446,9.544732667361197,6.762156788105688,1.7188594394408827,0.6995353085813977,3.0813903647085006,0.11041684236445892
B. Region Grid Predictions,B2,5568,0.0133,0.1013,0,102,102,1.8318965517241377,0.0281,0.2886,0.0281,0.1013,0.05876368534482758,0.05842408405172413,0.016809379183094685,0.015376209700059202,1.668504867274153,0.6713219247832131,9.457579853802002,0.01731192829141115
B. Region Grid Predictions,B3,5568,0.025037499999999997,0.1363375,0,88,88,1.5804597701149428,0.0343,0.3156,0.0343,0.1363375,0.08198460847701149,0.08157376077586206,0.021457461901808313,0.019769671701935942,1.3554804805790932,0.5057954467502933,6.086041286376587,-0.03294459214810397
B. Region Grid Predictions,B4,5568,0.0,0.18015,0,67,67,1.2033045977011494,0.0242,0.337,0.0242,0.18015,0.09036589439655172,0.08994963182471263,0.03287640750099848,0.031195007994152008,1.1052665534753663,0.6008595430402779,3.102010037109837,-0.058891475919014
B. Region Grid Predictions,B8,5568,0.13885000000000003,0.31765,121,53,174,3.125,0.0075,0.4108,0.13885000000000003,0.31765,0.22685786637931035,0.2285862607758621,0.04113284361291686,0.033243090866295406,-1.5733602018726784,-0.06309543913975205,7.511762003050497,0.2617030974446801
B. Region Grid Predictions,B11,5568,0.09513749999999997,0.42003750000000006,95,31,126,2.2629310344827585,0.0112,0.5504,0.09513749999999997,0.42003750000000006,0.255966558908046,0.2568347925646552,0.06687594588627292,0.06276848511791716,-0.3717242983945327,-0.08650056803835099,1.4678639206966135,-0.02763932733519958
B. Region Grid Predictions,B12,5568,0.017112500000000003,0.3336125,44,41,85,1.526580459770115,0.0088,0.5218,0.017112500000000003,0.3336125,0.1759732219827586,0.17562731007543103,0.06023533456650735,0.05874670319005298,0.32341651536048827,0.1102453103671619,1.0262164800765285,-0.03173675862913683
B. Region Grid Predictions,elevation,5568,113.125,590.125,0,429,429,7.704741379310345,241.0,848.0,241.0,590.125,371.8345905172414,368.65797862787355,114.2324049086495,106.70250248890308,1.242493413419969,1.0677270363832008,0.38485004713395465,-0.3177399505425389
B. Region Grid Predictions,slope,5568,0.0,7.547549999999999,0,438,438,7.866379310344827,0.0,40.7214,0.0,7.547549999999999,3.4046443067528736,2.929048114224138,3.7813833880792056,2.013978737059922,3.8884766202351875,0.9468570737425187,21.04064991579668,0.15828538340046538
B. Region Grid Predictions,aspect,5568,0.0,360.0,0,0,0,0.0,0.0,354.4001,0.0,354.4001,157.5699681393678,157.5699681393678,106.18621954237892,106.18621954237892,0.04629925859657477,0.04629925859657477,-1.208685182008705,-1.208685182008705
B. Region Grid Predictions,iron_oxide_index,5568,0.9781375000000002,2.0526375,63,39,102,1.8318965517241377,0.6552,2.4639,0.9781375000000002,2.0526375,1.512330154454023,1.513246161099138,0.20959012917273562,0.20082735002693175,-0.2077881841473562,-0.1141708775911823,1.1958105635383474,0.07701769000635483
B. Region Grid Predictions,swir_nir_ratio,5568,0.4122,1.8754,1,4,5,0.08979885057471264,0.4005,2.0679,0.4122,1.8754,1.1366064655172412,1.136540499281609,0.2592069165023272,0.2589883235802866,-0.17923920225165965,-0.18647192366953025,-0.4633225073108105,-0.488195716026814
B. Region Grid Predictions,clay_alteration_idx,5568,1.010475,1.9758749999999998,1,9,10,0.17959770114942528,1.0087,2.036,1.010475,1.9758749999999998,1.4972129849137932,1.4971723509339079,0.17262736720845026,0.17250841819686144,0.28772670574151493,0.2831462335646215,-0.31001487348847023,-0.32532318475843747
B. Region Grid Predictions,ferrous_iron_idx,5568,0.09952500000000009,1.4553249999999998,0,8,8,0.14367816091954022,0.2049,1.7812,0.2049,1.4553249999999998,0.7805784123563217,0.7804291487068966,0.2343674213768456,0.23386845153876973,0.09371011069327675,0.07450927932745799,-0.46183723278052957,-0.539403291507361
B. Region Grid Predictions,ndvi,5568,0.07343750000000004,0.8097375,88,0,88,1.5804597701149428,-0.564,0.7869,0.07343750000000004,0.7869,0.43308829022988504,0.43751397270114945,0.1475499879347967,0.13052330769126605,-1.363793890289683,-0.2891419624689654,5.36687620938294,-0.054810455651914225
B. Region Grid Predictions,dist_to_gondite_km,5568,0.0,49.882262499999996,0,164,164,2.9454022988505746,0.0,63.0378,0.0,49.882262499999996,19.387460560344827,19.258293651221265,12.725479453474614,12.377277333135295,1.068913540999306,0.958558492995039,0.42006856902464085,-0.0024287715818460676
B. Region Grid Predictions,deposit_probability,5568,0.0,0.6530125,0,31,31,0.5567528735632185,0.118,0.7224,0.118,0.6530125,0.2888069863505747,0.28867488999640806,0.12939556199370372,0.12900419162258828,0.8648152188112299,0.8486988995746094,-0.1804665288991787,-0.2501330397379502
C. Sentinel-2 + DEM Grid,B2,5568,0.011150002479553188,0.09874999523162842,0,104,104,1.8678160919540232,0.0198999997228384,0.270900011062622,0.0198999997228384,0.09874999523162842,0.05644784489313361,0.05613494070143777,0.017067060083497676,0.015808012913673498,1.3654044485274301,0.5326057025681591,6.952928117968203,-0.09509787250367863
C. Sentinel-2 + DEM Grid,B3,5568,0.019949994981288792,0.13315000385046,0,73,73,1.3110632183908046,0.034400001168251,0.2913500070571899,0.034400001168251,0.13315000385046,0.07837305140103498,0.07802937329002792,0.021274826298622478,0.019866856608311584,1.1833928534513478,0.4673172335244454,4.802975699813662,-0.130413875996787
C. Sentinel-2 + DEM Grid,B4,5568,0.0,0.16927500814199442,0,69,69,1.2392241379310345,0.0236000008881092,0.3009999990463257,0.0236000008881092,0.16927500814199442,0.08425797419134128,0.08386569249881266,0.031879931665079325,0.030334638731695514,1.0155221865497106,0.5446096217713827,2.690724752341679,-0.14687136690240354
C. Sentinel-2 + DEM Grid,B8,5568,0.1288187447935344,0.3132687602192161,124,105,229,4.112787356321839,0.0088499998673796,0.4695999920368194,0.1288187447935344,0.3132687602192161,0.22084318436886285,0.22225543187333047,0.043648548654508484,0.0356884905036919,-1.0356012172771294,0.0967091717124198,5.789189989231368,0.38411869643273633
C. Sentinel-2 + DEM Grid,B11,5568,0.059749998152256095,0.40495000034570683,93,29,122,2.1910919540229887,0.0091000003740191,0.5584999918937683,0.059749998152256095,0.40495000034570683,0.23258433905721176,0.23293337818695467,0.06744141706880047,0.0648161594481182,-0.0006999664688059072,0.10082829842087591,1.0565893526826091,0.1233352748289982
C. Sentinel-2 + DEM Grid,B12,5568,0.0,0.31933123990893364,0,38,38,0.6824712643678161,0.0076000001281499,0.5253999829292297,0.0076000001281499,0.31933123990893364,0.15584040958241652,0.15543690510763214,0.06016028147401405,0.05863911050245579,0.6153152428297471,0.3708514355415627,1.1880052892339572,-0.09892435834357238
C. Sentinel-2 + DEM Grid,ndvi,5568,0.07038492256060463,0.8421791946001203,94,0,94,1.6882183908045978,-0.4684684803106243,0.8370598810304465,0.07038492256060463,0.8370598810304465,0.4491273233079902,0.4534046119698128,0.1555087304176005,0.14016412949569745,-1.0492407501521666,-0.1763731580073446,3.7535543820518678,-0.03782363095774688
C. Sentinel-2 + DEM Grid,elevation,5568,108.80984497070312,593.3196105957031,0,394,394,7.0761494252873565,237.0,846.2395629882812,237.0,593.3196105957031,370.47465840427355,367.6287169264651,114.62354332433644,107.80581737411966,1.2340825166739535,1.0709698992213883,0.3574804393822646,-0.3083694681668976
C. Sentinel-2 + DEM Grid,slope,5568,0.0,0.18002774938940985,0,0,0,0.0,0.0349587798118591,0.0929863676428794,0.0349587798118591,0.0929863676428794,0.07110902984979846,0.07110902984979846,0.02733393596016854,0.02733393596016854,-0.5228324438408376,-0.5228324438408376,-1.672433571204899,-1.672433571204899
C. Sentinel-2 + DEM Grid,aspect,5568,118.48839569091797,186.31548309326172,216,132,348,6.25,103.6310577392578,216.0644378662109,118.48839569091797,186.31548309326172,153.93780606368492,153.80891291848545,15.919554241465756,11.718295700633371,0.1446700706161503,-0.6421883106503108,6.454163508744663,1.8674169203574387
D. Monthly Ops Synthetic,planned_tonnes,1188,0.0,22537.5,0,132,132,11.11111111111111,4375.0,42070.0,4375.0,22537.5,12287.876767676767,11351.436363636363,7716.446702180867,5256.957813914631,1.9666528654109423,0.9501373031915331,3.8083361740696717,-0.06758465208419384
D. Monthly Ops Synthetic,actual_tonnes,1188,0.0,20185.637499999997,0,131,131,11.026936026936026,2785.3,40578.3,2785.3,20185.637499999997,10664.125505050506,9880.243781565658,6845.075227275261,4755.955053932151,1.9860279493169817,0.9995481340169189,3.9651723209197063,0.05473158657085353
D. Monthly Ops Synthetic,shortfall_tonnes,1188,0.0,3713.075,0,82,82,6.902356902356903,0.0,8723.0,0.0,3713.075,1624.8119528619525,1519.5419612794612,1275.1658804263184,962.314153179636,2.0062175836085236,0.8816917235973816,5.024836750924035,0.0281177085065365
D. Monthly Ops Synthetic,equipment_availability,1188,0.815,0.9750000000000001,14,0,14,1.1784511784511784,0.755,0.93,0.815,0.93,0.8913888888888889,0.8915993265993268,0.028491390581451344,0.027803033288380203,-0.896717970595297,-0.7333917771663248,0.6626233339832681,-0.11788760022084643
D. Monthly Ops Synthetic,downtime_hours,1188,17.5,133.5,0,21,21,1.7676767676767675,32.0,178.0,32.0,133.5,77.73989898989899,77.5290404040404,22.13016994724053,21.483497087267214,0.8396299680755127,0.6558289994756981,0.7143896779205519,-0.06378545527998192
D. Monthly Ops Synthetic,monthly_rain_mm,1188,0.0,619.4125,0,36,36,3.0303030303030303,0.0,726.2,0.0,619.4125,136.40378787878788,134.10946969696968,193.03056903968988,186.68708446368908,1.3930900950104075,1.2857157200657023,0.8068035018698385,0.31719556759793566
D. Monthly Ops Synthetic,heavy_rain_days,1188,0.0,10.0,0,72,72,6.0606060606060606,0.0,14.0,0.0,10.0,2.196969696969697,2.037878787878788,3.5848023649444207,3.1405298806694715,1.7520958419780952,1.405265240176936,2.271229685261791,0.7320831523050142
E. Production Scenario,planned_tonnes,1452,0.0,21057.03125,0,126,126,8.677685950413224,4009.19,41247.28,4009.19,21057.03125,10704.006535812672,10045.452250344353,6727.531780630401,4754.106478515294,2.2712628137880473,1.1060278710174232,5.840255553399194,0.3484106572051733
E. Production Scenario,actual_tonnes,1452,0.0,19870.1175,0,122,122,8.402203856749312,2389.3,45196.11,2389.3,19870.1175,10194.291728650138,9518.764879476583,6608.5751386784295,4582.089135032028,2.2966442646632337,1.0009972381974817,6.2297860874996225,0.11106312513457262
E. Production Scenario,shortfall_tonnes,1452,0.0,2630.01875,0,81,81,5.578512396694215,0.0,12348.69,0.0,2630.01875,745.3809435261708,648.8379054752065,1176.4488248194923,799.6582287384501,3.614036204876755,1.223807051018047,21.850071421331936,0.3965421207203206
E. Production Scenario,equipment_availability,1452,0.8643500000000001,0.9623499999999999,22,0,22,1.5151515151515151,0.8309,0.94,0.8643500000000001,0.94,0.9123079889807164,0.9124856060606061,0.016896323239887323,0.016278522424567,-0.7989931812027933,-0.508379410696466,1.4107567202028575,0.0893658007753384
E. Production Scenario,monthly_rain_mm,1452,0.0,507.5,0,81,81,5.578512396694215,0.0,867.8,0.0,507.5,124.20495867768595,116.99455922865012,181.90865920130716,161.47298132765349,1.6520506972469924,1.26538697574396,2.0957415969196687,0.23418232741864298
E. Production Scenario,heavy_rain_days,1452,0.0,7.5,0,102,102,7.024793388429752,0.0,16.0,0.0,7.5,1.8650137741046833,1.6301652892561984,3.1815654724948765,2.5080021840961657,1.9875579774522552,1.3027846224932507,3.6320521885542902,0.24268378468784624
F. Weather Daily (Balaghat),precipitation_sum (mm),4284,0.0,8.25,0,710,710,16.57329598506069,0.0,222.2,0.0,8.25,4.478571428571428,2.0090569561157796,11.38812449910364,3.196914867803472,5.78945252927903,1.232628802069258,59.717107535403706,-0.26053501893871633
F. Weather Daily (Balaghat),temperature_2m_mean (°C),4284,15.049999999999999,36.25,13,43,56,1.3071895424836601,13.1,37.9,15.049999999999999,36.25,26.030298786181138,26.02763772175537,4.57378982915153,4.556069034420245,0.1012551341743428,0.09632890491062682,-0.2769335834250959,-0.32471099781921087
F. Weather Daily (Balaghat),temperature_2m_max (°C),4284,20.0625,43.3625,1,38,39,0.9103641456582634,18.4,45.0,20.0625,43.3625,31.98412698412699,31.980167483660132,4.753961461372303,4.742130197996619,0.6357684686672352,0.6278313653890613,-0.2803947430699538,-0.31386626246756677
F. Weather Daily (Balaghat),temperature_2m_min (°C),4284,5.15,35.949999999999996,0,0,0,0.0,6.6,32.9,6.6,32.9,20.83965919701214,20.83965919701214,5.075347565182882,5.075347565182882,-0.5072072448909659,-0.5072072448909659,-0.6271385267283667,-0.6271385267283667
F. Weather Daily (Balaghat),et0_fao_evapotranspiration (mm),4284,0.0374999999999992,8.8975,0,23,23,0.5368814192343604,0.65,10.21,0.65,8.8975,4.45406862745098,4.4515015172735755,1.6602716165509233,1.6528250061253464,0.509277859721134,0.48133792385459145,-0.2158181457358488,-0.31668600529677926
F. Weather Daily (Balaghat),wind_speed_10m_max (km/h),4284,1.8999999999999977,22.700000000000003,0,81,81,1.8907563025210083,4.6,38.1,4.6,22.700000000000003,12.639309056956117,12.590102707749766,3.9819086663708534,3.819496672885533,0.9579679348297858,0.6636420616618222,1.4703856733204557,-0.0022138802766233923
F. Weather Daily (Ukwa),precipitation_sum (mm),4284,0.0,7.75,0,722,722,16.85340802987862,0.0,150.6,0.0,7.75,4.356652661064426,1.9003267973856208,11.08987418575128,3.0188579427750493,5.248998657436502,1.2290954745842326,41.49567764640897,-0.2808905401109847
F. Weather Daily (Ukwa),temperature_2m_mean (°C),4284,14.400000000000004,36.8,8,25,33,0.7703081232492998,13.1,37.9,14.400000000000004,36.8,25.999416433239965,25.99829598506069,4.674728471355025,4.66603760935444,0.06950446261959238,0.0673361735613121,-0.2896991560348199,-0.3145368600620486
F. Weather Daily (Ukwa),temperature_2m_max (°C),4284,20.150000000000002,43.75,3,23,26,0.6069094304388423,18.0,45.0,20.150000000000002,43.75,32.1795985060691,32.178618113912236,4.811974249007373,4.804808676303849,0.6236240817732239,0.6239169374119997,-0.2853543494768096,-0.30742268227232383
F. Weather Daily (Ukwa),temperature_2m_min (°C),4284,4.900000000000006,36.099999999999994,0,0,0,0.0,6.8,33.0,6.8,33.0,20.75214752567694,20.75214752567694,5.151748380940125,5.151748380940125,-0.48268188135696066,-0.48268188135696066,-0.6821524439636497,-0.6821524439636497
F. Weather Daily (Ukwa),et0_fao_evapotranspiration (mm),4284,0.17999999999999972,8.82,0,36,36,0.8403361344537815,0.73,10.1,0.73,8.82,4.494626517273576,4.490954715219421,1.6610547399280693,1.6507623519353316,0.5491520466699341,0.513271412094483,-0.12765073844674868,-0.2503788949584691
F. Weather Daily (Ukwa),wind_speed_10m_max (km/h),4284,3.1499999999999995,22.75,0,85,85,1.984126984126984,4.6,35.4,4.6,22.75,13.17544351073763,13.118055555555555,3.883449579233054,3.6982313011304067,0.93734132802339,0.604881888953852,1.4755980205256458,-0.04113755123350593
F. Weather Daily (Bhandara),precipitation_sum (mm),4284,0.0,6.0,0,732,732,17.086834733893557,0.0,152.6,0.0,6.0,4.06076097105509,1.4737394957983194,10.845939318517567,2.3441561107180133,5.158309956703533,1.2265133659623901,37.86243188930561,-0.2944996548876331
F. Weather Daily (Bhandara),temperature_2m_mean (°C),4284,16.0,36.8,8,81,89,2.0774976657329596,14.5,38.8,16.0,36.8,26.823202614379085,26.810107376283845,4.559093246521338,4.521878026849585,0.24644263610400682,0.2148996978465854,-0.22335834808226007,-0.31090728422551983
F. Weather Daily (Bhandara),temperature_2m_max (°C),4284,20.300000000000004,44.29999999999999,1,16,17,0.3968253968253968,18.7,45.1,20.300000000000004,44.29999999999999,32.48522408963586,32.48454715219421,4.805223116599004,4.801572263256113,0.6971704764082984,0.6967414684106693,-0.27858673369460707,-0.29003416089423695
F. Weather Daily (Bhandara),temperature_2m_min (°C),4284,7.999999999999998,35.2,0,0,0,0.0,8.4,33.7,8.4,33.7,21.94628851540616,21.94628851540616,4.8325340876197895,4.8325340876197895,-0.3744617240835671,-0.3744617240835671,-0.528735672084272,-0.528735672084272
F. Weather Daily (Bhandara),et0_fao_evapotranspiration (mm),4284,0.2749999999999999,9.035,0,39,39,0.9103641456582634,0.86,10.71,0.86,9.035,4.670182072829132,4.665201914098972,1.7143482514209125,1.700215547880974,0.6187237769918581,0.571288452455395,-0.00881886516902286,-0.17802443615322083
F. Weather Daily (Bhandara),wind_speed_10m_max (km/h),4284,1.0499999999999972,25.450000000000003,0,68,68,1.5873015873015872,5.4,41.7,5.4,25.450000000000003,13.636251167133521,13.601657329598506,4.444700564549768,4.3315443007287575,0.9103647193216301,0.7339315325114562,0.8505041540526475,-0.03814207943552361
F. Weather Daily (Nagpur),precipitation_sum (mm),4284,0.0,4.75,0,802,802,18.720821661998134,0.0,224.6,0.0,4.75,3.765826330532213,1.2122782446311857,10.596101875922521,1.8971604156874466,6.587196695476182,1.171775346336299,74.60352902170305,-0.4540771002432682
F. Weather Daily (Nagpur),temperature_2m_mean (°C),4284,16.200000000000003,37.0,13,91,104,2.427637721755369,14.4,39.5,16.200000000000003,37.0,26.980859010270773,26.965569561157796,4.645156707826122,4.599110439682102,0.3396074792607798,0.3074546932694705,-0.2226792841450238,-0.32671929956040735
F. Weather Daily (Nagpur),temperature_2m_max (°C),4284,20.0,44.8,1,9,10,0.2334267040149393,18.6,45.5,20.0,44.8,32.60546218487395,32.604901960784304,4.922432941372595,4.919301544046365,0.7130030731213239,0.7126909581797098,-0.33651235064512397,-0.3464378466790201
F. Weather Daily (Nagpur),temperature_2m_min (°C),4284,7.999999999999998,35.2,1,0,1,0.02334267040149393,7.7,34.5,7.999999999999998,34.5,22.00420168067227,22.004271708683476,4.930966926306893,4.930765861343537,-0.32607178031011136,-0.3258029469872201,-0.44328305430718684,-0.44419326980216045
F. Weather Daily (Nagpur),et0_fao_evapotranspiration (mm),4284,0.21500000000000075,9.294999999999998,0,71,71,1.6573295985060692,0.81,11.4,0.81,9.294999999999998,4.783190943043884,4.772608543417367,1.7973040281885648,1.7676705622259465,0.7352182450554766,0.6470069321168278,0.23892729491404108,-0.07070354192414907
F. Weather Daily (Nagpur),wind_speed_10m_max (km/h),4284,0.7999999999999989,25.6,0,52,52,1.2138188608776845,5.4,34.1,5.4,25.6,13.589542483660132,13.563795518207284,4.44391283813346,4.3619332318097,0.8905417241156083,0.7737631604541692,0.44183390004605716,-0.09713447737965897
G. Soil Moisture (Balaghat),soil_moisture_0_to_7cm (m³/m³),102816,0.0,0.65,0,0,0,0.0,0.129,0.544,0.129,0.544,0.319650958994709,0.319650958994709,0.11627343127331143,0.11627343127331143,0.5866050696215759,0.5866050696215759,-1.3654237394658821,-1.3654237394658821
G. Soil Moisture (Balaghat),soil_moisture_7_to_28cm (m³/m³),102816,0.021500000000000075,0.65,0,0,0,0.0,0.257,0.521,0.257,0.521,0.35531916238717703,0.35531916238717703,0.08897515846007428,0.08897515846007428,0.7159968278887293,0.7159968278887293,-1.1870329557966925,-1.1870329557966925
G. Soil Moisture (Ukwa),soil_moisture_0_to_7cm (m³/m³),102816,0.0,0.65,0,0,0,0.0,0.196,0.533,0.196,0.533,0.32878825280112045,0.32878825280112045,0.10794585310589586,0.10794585310589586,0.6017799420521726,0.6017799420521726,-1.3104495173362805,-1.3104495173362805
G. Soil Moisture (Ukwa),soil_moisture_7_to_28cm (m³/m³),102816,0.02950000000000008,0.65,0,0,0,0.0,0.245,0.522,0.245,0.522,0.35070887799564265,0.35070887799564265,0.08905512959916237,0.08905512959916237,0.7642393775359413,0.7642393775359413,-1.09863545099716,-1.09863545099716
G. Soil Moisture (Bhandara),soil_moisture_0_to_7cm (m³/m³),102816,0.0,0.65,0,0,0,0.0,0.209,0.541,0.209,0.541,0.3398889375194522,0.3398889375194522,0.09823368979333028,0.09823368979333028,0.6410072915981792,0.6410072915981792,-1.2688997723808675,-1.2688997723808675
G. Soil Moisture (Bhandara),soil_moisture_7_to_28cm (m³/m³),102816,0.040499999999999925,0.65,0,0,0,0.0,0.243,0.521,0.243,0.521,0.352468487394958,0.352468487394958,0.08647004709935449,0.08647004709935449,0.7554605610700899,0.7554605610700899,-1.096081493785179,-1.096081493785179
G. Soil Moisture (Nagpur),soil_moisture_0_to_7cm (m³/m³),102816,0.0,0.65,0,0,0,0.0,0.016,0.522,0.016,0.522,0.31009106559290384,0.31009106559290384,0.11217208230118328,0.11217208230118328,0.4733104442758295,0.4733104442758295,-1.0112211434800922,-1.0112211434800922
G. Soil Moisture (Nagpur),soil_moisture_7_to_28cm (m³/m³),102816,0.0880000000000001,0.5999999999999999,0,0,0,0.0,0.235,0.521,0.235,0.521,0.3437272408963586,0.3437272408963586,0.08173302441786398,0.08173302441786398,0.8885011431050972,0.8885011431050972,-0.7435190365892743,-0.7435190365892743
H. Processed Engineered Grid,B2,5568,0.011150002479553188,0.09874999523162842,0,104,104,1.8678160919540232,0.0198999997228384,0.270900011062622,0.0198999997228384,0.09874999523162842,0.05644784489313361,0.05613494070143777,0.017067060083497676,0.015808012913673498,1.3654044485274301,0.5326057025681591,6.952928117968203,-0.09509787250367863
H. Processed Engineered Grid,B3,5568,0.019949994981288792,0.13315000385046,0,73,73,1.3110632183908046,0.034400001168251,0.2913500070571899,0.034400001168251,0.13315000385046,0.07837305140103498,0.07802937329002792,0.021274826298622478,0.019866856608311584,1.1833928534513478,0.4673172335244454,4.802975699813662,-0.130413875996787
H. Processed Engineered Grid,B4,5568,0.0,0.16927500814199442,0,69,69,1.2392241379310345,0.0236000008881092,0.3009999990463257,0.0236000008881092,0.16927500814199442,0.08425797419134128,0.08386569249881266,0.031879931665079325,0.030334638731695514,1.0155221865497106,0.5446096217713827,2.690724752341679,-0.14687136690240354
H. Processed Engineered Grid,B8,5568,0.1288187447935344,0.3132687602192161,124,105,229,4.112787356321839,0.0088499998673796,0.4695999920368194,0.1288187447935344,0.3132687602192161,0.22084318436886285,0.22225543187333047,0.043648548654508484,0.0356884905036919,-1.0356012172771294,0.0967091717124198,5.789189989231368,0.38411869643273633
H. Processed Engineered Grid,B11,5568,0.059749998152256095,0.40495000034570683,93,29,122,2.1910919540229887,0.0091000003740191,0.5584999918937683,0.059749998152256095,0.40495000034570683,0.23258433905721176,0.23293337818695467,0.06744141706880047,0.0648161594481182,-0.0006999664688059072,0.10082829842087591,1.0565893526826091,0.1233352748289982
H. Processed Engineered Grid,B12,5568,0.0,0.31933123990893364,0,38,38,0.6824712643678161,0.0076000001281499,0.5253999829292297,0.0076000001281499,0.31933123990893364,0.15584040958241652,0.15543690510763214,0.06016028147401405,0.05863911050245579,0.6153152428297471,0.3708514355415627,1.1880052892339572,-0.09892435834357238
H. Processed Engineered Grid,ndvi,5568,0.07038492256060463,0.8421791946001203,94,0,94,1.6882183908045978,-0.4684684803106243,0.8370598810304465,0.07038492256060463,0.8370598810304465,0.4491273233079902,0.4534046119698128,0.1555087304176005,0.14016412949569745,-1.0492407501521666,-0.1763731580073446,3.7535543820518678,-0.03782363095774688
H. Processed Engineered Grid,elevation,5568,108.80984497070312,593.3196105957031,0,394,394,7.0761494252873565,237.0,846.2395629882812,237.0,593.3196105957031,370.47465840427355,367.6287169264651,114.62354332433644,107.80581737411966,1.2340825166739535,1.0709698992213883,0.3574804393822646,-0.3083694681668976
H. Processed Engineered Grid,slope,5568,0.0,0.18002774938940985,0,0,0,0.0,0.0349587798118591,0.0929863676428794,0.0349587798118591,0.0929863676428794,0.07110902984979846,0.07110902984979846,0.02733393596016854,0.02733393596016854,-0.5228324438408376,-0.5228324438408376,-1.672433571204899,-1.672433571204899
H. Processed Engineered Grid,aspect,5568,118.48839569091797,186.31548309326172,216,132,348,6.25,103.6310577392578,216.0644378662109,118.48839569091797,186.31548309326172,153.93780606368492,153.80891291848545,15.919554241465756,11.718295700633371,0.1446700706161503,-0.6421883106503108,6.454163508744663,1.8674169203574387
H. Processed Engineered Grid,iron_oxide_idx,5568,0.949644109666458,1.9934421099609527,65,25,90,1.6163793103448276,0.6261319726304387,2.1966291899678696,0.949644109666458,1.9934421099609527,1.4667306435440663,1.468049533707827,0.20082640115502756,0.19466063903224795,-0.3157787793049723,-0.15740644307916113,0.7834451889369669,-0.00722054073791778
H. Processed Engineered Grid,clay_mineral_ratio,5568,1.0060352694921524,2.074332860507298,0,30,30,0.5387931034482759,1.0344904578014558,2.351819768778917,1.0344904578014558,2.074332860507298,1.5478207833953765,1.5474327388961406,0.19320124753941295,0.1919821524001687,0.43600449362645294,0.38954533988027135,0.03430949403336214,-0.14658020465381405
H. Processed Engineered Grid,ferrous_iron_idx,5568,0.0,1.4327551630071238,0,10,10,0.17959770114942528,0.1720136507246011,1.699938366302113,0.1720136507246011,1.4327551630071238,0.7097055573036634,0.7095988628958618,0.2398998781233927,0.23954254971489977,0.3400699665428694,0.32779128401495755,-0.4590695137628291,-0.5121733590937709
H. Processed Engineered Grid,BSI,5568,-0.26507544240079167,0.3826071378778109,45,0,45,0.8081896551724138,-0.3881596046848846,0.3135250431946818,-0.26507544240079167,0.3135250431946818,0.051988495709420275,0.05234133022222455,0.11246236102090207,0.11134796766384014,-0.5552703391018514,-0.48529644275131534,0.03826891740107863,-0.24520168368349315
H. Processed Engineered Grid,NDMI,5568,-0.39164030558854135,0.35249671817324246,0,31,31,0.5567528735632185,-0.3313133260542786,0.4424970425098601,-0.3313133260542786,0.35249671817324246,-0.01278091482707694,-0.012970544922918732,0.12850667410471386,0.12792550062253397,0.496175159883385,0.46534725221425566,-0.14212860327333088,-0.26043773895961086
H. Processed Engineered Grid,spectral_mean,5568,0.04642499905700477,0.22745833592489356,79,44,123,2.209051724137931,0.0213916663390894,0.3539499988158543,0.04642499905700477,0.22745833592489356,0.13805780058233347,0.13797264882999305,0.034771853773550486,0.03303322520064153,0.38573564863503695,0.2062880834152836,2.2508353435772213,0.24684535686914755
H. Processed Engineered Grid,spectral_range,5568,0.08645001659169799,0.30444998526945694,129,76,205,3.681752873563218,0.0101500004529953,0.4203999936580658,0.08645001659169799,0.30444998526945694,0.1955812679390937,0.1962678701257709,0.04721425319873313,0.043614436711988905,-0.1894285228746391,0.16151054673711418,1.7780270363477753,0.20045780149914938
H. Processed Engineered Grid,aspect_sin,5568,-0.06444032245045994,0.980846840855373,132,0,132,2.3706896551724137,-0.5886947437041208,0.9718333967009616,-0.06444032245045994,0.9718333967009616,0.42374220408308505,0.43617064941452965,0.22592862635867,0.17954256582648145,-1.486402284057836,0.6065072195053398,8.036556967943486,1.7748783777924748
H. Processed Engineered Grid,aspect_cos,5568,-1.1497431957884496,-0.6033253236881346,0,216,216,3.8793103448275863,-0.9448364937508316,-0.2356689395246468,-0.9448364937508316,-0.6033253236881346,-0.8655131210820589,-0.8797756532263321,0.14247333236560206,0.08585029954508128,3.27758728164144,1.2621957033384748,11.899667255145214,1.550050123967285
H. Processed Engineered Grid,dist_to_sausar_km,5568,-26.77306316632346,52.279120413259754,0,114,114,2.0474137931034484,1.3142458834636611e-06,63.97268818458464,1.3142458834636611e-06,52.279120413259754,14.229001527269824,14.135691155962201,14.199714276931411,13.925505174707395,1.1561508688924738,1.068638517458815,0.5930965566093418,0.20715175101169114
H. Processed Engineered Grid,deposit_probability,5568,0.0,0.6530125,0,31,31,0.5567528735632185,0.118,0.7224,0.118,0.6530125,0.2888069863505747,0.28867488999640806,0.12939556199370372,0.12900419162258828,0.8648152188112299,0.8486988995746094,-0.1804665288991787,-0.2501330397379502
H. Processed Engineered Grid,in_sausar,5568,0.0,0.0,0,0,0,0.0,0.0,0.0,0.0,0.0,0.0,0.0,0.0,0.0,0.0,0.0,0.0,0.0
H. Processed Engineered Grid,geology_encoded,5568,-7.5,12.5,0,0,0,0.0,0.0,6.0,0.0,6.0,3.4622844827586206,3.4622844827586206,2.1882025953772057,2.1882025953772057,-0.7370891404514982,-0.7370891404514982,-1.119354314486879,-1.119354314486879
I. Processed Engineered Monthly Ops,planned_tonnes,1188,0.0,22537.5,0,132,132,11.11111111111111,4375.0,42070.0,4375.0,22537.5,12287.876767676767,11351.436363636363,7716.446702180867,5256.957813914631,1.966652865410942,0.9501373031915331,3.8083361740696744,-0.06758465208419384
I. Processed Engineered Monthly Ops,actual_tonnes,1188,0.0,20185.637499999997,0,131,131,11.026936026936026,2785.3,40578.3,2785.3,20185.637499999997,10664.125505050504,9880.243781565656,6845.07522727526,4755.955053932151,1.986027949316983,0.9995481340169201,3.965172320919709,0.054731586570855306
I. Processed Engineered Monthly Ops,shortfall_tonnes,1188,0.0,3713.075,0,82,82,6.902356902356903,0.0,8723.0,0.0,3713.075,1624.811952861953,1519.5419612794612,1275.1658804263186,962.314153179636,2.0062175836085228,0.8816917235973819,5.024836750924033,0.0281177085065365
I. Processed Engineered Monthly Ops,equipment_availability,1188,0.815,0.9750000000000001,14,0,14,1.1784511784511784,0.755,0.93,0.815,0.93,0.8913888888888889,0.8915993265993268,0.028491390581451344,0.027803033288380203,-0.896717970595297,-0.7333917771663248,0.6626233339832681,-0.11788760022084643
I. Processed Engineered Monthly Ops,downtime_hours,1188,17.5,133.5,0,21,21,1.7676767676767675,32.0,178.0,32.0,133.5,77.73989898989899,77.5290404040404,22.13016994724053,21.483497087267217,0.8396299680755127,0.6558289994756978,0.7143896779205519,-0.0637854552799837
I. Processed Engineered Monthly Ops,blast_delay_flag,1188,0.0,0.0,0,90,90,7.575757575757576,0.0,1.0,0.0,0.0,0.07575757575757576,0.0,0.2647212744452313,0.0,3.210605890097437,0.0,8.321997461565672,0.0
I. Processed Engineered Monthly Ops,monthly_rain_mm,1188,0.0,619.4125,0,36,36,3.0303030303030303,0.0,726.2,0.0,619.4125,136.40378787878788,134.10946969696968,193.03056903968988,186.68708446368908,1.3930900950104075,1.2857157200657023,0.8068035018698385,0.31719556759793566
I. Processed Engineered Monthly Ops,heavy_rain_days,1188,0.0,10.0,0,72,72,6.0606060606060606,0.0,14.0,0.0,10.0,2.196969696969697,2.037878787878788,3.5848023649444207,3.1405298806694715,1.7520958419780952,1.405265240176936,2.271229685261791,0.7320831523050142
I. Processed Engineered Monthly Ops,quarter,1188,-0.5,5.5,0,0,0,0.0,1.0,4.0,1.0,4.0,2.5,2.5,1.1185048390503005,1.1185048390503005,0.0,0.0,-1.3606737393358521,-1.3606737393358521
I. Processed Engineered Monthly Ops,shortfall_pct,1188,0.0,29.325538111538897,0,26,26,2.1885521885521886,0.0,44.51530488808028,0.0,29.325538111538897,13.513074542257895,13.3951450652596,6.607521524925575,6.235301400716323,0.7337070058726494,0.3157771386732367,1.5499105096141625,-0.06355550542881838
I. Processed Engineered Monthly Ops,production_efficiency,1188,70.67446188846104,103.02300506726878,26,2,28,2.356902356902357,55.48566285697696,105.20714285714286,70.67446188846104,103.02300506726878,86.49960057832075,86.61422871335887,6.63704354116987,6.257173138031392,-0.6983202687607705,-0.29240041839815323,1.5740916178600206,-0.025521142879836756
I. Processed Engineered Monthly Ops,monsoon_flag,1188,-1.5,2.5,0,0,0,0.0,0.0,1.0,0.0,1.0,0.3333333333333333,0.3333333333333333,0.4716030487091992,0.4716030487091992,0.7080010356043247,0.7080010356043247,-1.5012647554806071,-1.5012647554806071
I. Processed Engineered Monthly Ops,rain_intensity,1188,-65.30535714285716,115.10892857142859,0,0,0,0.0,0.0,99.2,0.0,99.2,27.513591368648182,27.513591368648182,25.424677607787192,25.424677607787192,0.636524583273084,0.636524583273084,-0.4980666673853591,-0.4980666673853591
I. Processed Engineered Monthly Ops,downtime_rate,1188,0.024305555555555497,0.1854166666666667,0,21,21,1.7676767676767675,0.0444444444444444,0.2472222222222222,0.0444444444444444,0.1854166666666667,0.1079720819304152,0.10767922278338941,0.03073634714894518,0.02983819039898225,0.839629968075515,0.6558289994756977,0.7143896779205541,-0.06378545527998236
I. Processed Engineered Monthly Ops,log_rain,1188,-5.268861187559909,11.996768407585536,0,0,0,0.0,0.0,6.589201542863269,0.0,6.589201542863269,3.2685447339167126,3.2685447339167126,2.19284706795166,2.19284706795166,-0.0684406246166046,-0.0684406246166046,-1.3797336356219563,-1.3797336356219563
I. Processed Engineered Monthly Ops,actual_tonnes_ma3,1188,-1562.5999999999995,19928.13333333333,0,132,132,11.11111111111111,3224.4,39717.96666666667,3224.4,19928.13333333333,10625.354208754208,9822.819262065095,6786.922654777571,4665.0301103534775,1.9831233657128866,0.996439436756162,3.8963891649949294,0.04577976233662229
I. Processed Engineered Monthly Ops,shortfall_ma3,1188,2.516983960760534,23.832325027360746,0,37,37,3.1144781144781146,2.867510241108006,33.811122405687904,2.867510241108006,23.832325027360746,13.52129516211791,13.42049627628276,4.41462923847535,4.1075324534217135,1.0149593146804068,0.5826943924627618,1.8246740091463498,0.14248189852354987
I. Processed Engineered Monthly Ops,actual_tonnes_ma6,1188,-1428.9749999999958,19691.65833333333,0,132,132,11.11111111111111,3410.5166666666664,38516.1,3410.5166666666664,19691.65833333333,10567.181172839508,9753.16622194164,6732.466382343812,4590.250612139842,1.985050062517316,0.9939752639058893,3.8843350655808018,0.04164925212680792
I. Processed Engineered Monthly Ops,shortfall_ma6,1188,5.466772192799888,21.080054678285876,0,35,35,2.9461279461279464,6.352753826775488,26.63645604653745,6.352753826775488,21.080054678285876,13.520646764154758,13.479359970330506,3.185845729332116,3.0702335397287404,0.7225902570107324,0.515559511290979,0.7088481852379984,0.02119554255492284
I. Processed Engineered Monthly Ops,actual_lag1,1179,-1654.75,20073.25,0,130,130,11.02629346904156,2785.3,40578.3,2785.3,20073.25,10636.285581000848,9846.314927905005,6829.502673338665,4727.537927451697,1.9895258208885134,0.9970004361859268,3.984267235862017,0.048912970604761075
I. Processed Engineered Monthly Ops,actual_lag3,1161,-1668.8499999999985,20052.35,0,128,128,11.024978466838933,2785.3,40578.3,2785.3,20052.35,10577.502842377262,9801.124117140396,6785.892617968839,4718.935373744064,1.9889137845455325,1.0129863668841297,3.9805348689076983,0.08503393152154448
J. Processed Engineered Monthly Weather,total_precip,564,-311.75,524.65,0,27,27,4.787234042553192,0.0,867.8,0.0,524.65,126.55886524822695,120.6038120567376,182.49301281387704,165.80930196126252,1.5747320155454347,1.2668171481450614,1.6971323853005194,0.23732231319955632
J. Processed Engineered Monthly Weather,mean_temp,564,14.679931835637488,37.346621543778795,0,0,0,0.0,17.335483870967742,36.79354838709677,17.335483870967742,36.79354838709677,26.453775470441233,26.453775470441233,4.288191998054153,4.288191998054153,0.16233590613654297,0.16233590613654297,-0.5146705950010437,-0.5146705950010437
J. Processed Engineered Monthly Weather,max_temp,564,19.15,53.15,0,0,0,0.0,27.4,45.5,27.4,45.5,35.52836879432624,35.52836879432624,4.892261279309193,4.892261279309193,0.6174544201688018,0.6174544201688018,-1.0347056746529648,-1.0347056746529648
J. Processed Engineered Monthly Weather,min_temp,564,-1.650000000000004,37.95,0,0,0,0.0,6.6,27.2,6.6,27.2,18.22978723404255,18.22978723404255,5.484138208570885,5.484138208570885,-0.46212567892533846,-0.46212567892533846,-1.1653292925703755,-1.1653292925703755
J. Processed Engineered Monthly Weather,temp_range,564,-1.4000000000000021,13.000000000000004,0,0,0,0.0,1.6999999999999993,12.5,1.6999999999999993,12.5,5.912411347517732,5.912411347517732,2.3169286341743014,2.3169286341743014,0.46140592049358775,0.46140592049358775,-0.49752908116334726,-0.49752908116334726
J. Processed Engineered Monthly Weather,total_et0,564,9.951249999999959,274.60125000000005,0,0,0,0.0,69.73,268.13,69.73,268.13,139.77741134751776,139.77741134751776,44.59577293249701,44.59577293249701,0.8870596244182359,0.8870596244182359,-0.2751717649894192,-0.2751717649894192
J. Processed Engineered Monthly Weather,max_wind,564,5.662500000000001,36.1625,0,3,3,0.5319148936170213,10.2,41.7,10.2,36.1625,21.11063829787234,21.096431737588652,5.118981527916348,5.070867151928534,0.4140069618827791,0.3360424661530769,-0.09499752432571462,-0.4352090729141964
J. Processed Engineered Monthly Weather,rain_days,564,-26.0,46.0,0,0,0,0.0,0.0,31.0,0.0,31.0,9.320921985815604,9.320921985815604,10.350081140273444,10.350081140273444,0.8198994360008395,0.8198994360008395,-0.8668560350774852,-0.8668560350774852
J. Processed Engineered Monthly Weather,heavy_rain_days,564,0.0,7.5,0,46,46,8.156028368794328,0.0,16.0,0.0,7.5,1.9326241134751774,1.6914893617021276,3.237063258103918,2.5742332831999177,1.8869277375367437,1.2706245436005514,3.0804065173134774,0.1136793637800384
