site,year,month,total_precip_mm,mean_temp_c,max_temp_c,min_temp_c,temp_range_c,total_et0_mm,max_wind_kmh,rain_days,heavy_rain_days,had_extreme_rain_day
balaghat,2015,1,5.0,19.25,28.4,8.5,19.9,110.69,14.3,1,0,0
balaghat,2015,2,3.2,23.9,34.8,9.9,24.9,133.58,15.9,1,0,0
balaghat,2015,3,40.9,25.86,37.9,12.9,25.0,163.84,19.1,9,0,0
balaghat,2015,4,26.9,29.79,41.0,18.9,22.1,191.51,18.0,8,0,0
balaghat,2015,5,13.1,34.41,44.9,24.8,20.1,225.8,18.8,5,0,0
balaghat,2015,6,324.5,29.42,40.7,24.2,16.5,131.79,26.4,26,4,0
balaghat,2015,7,357.1,26.45,33.1,22.8,10.3,94.06,19.3,24,3,1
balaghat,2015,8,416.0,26.12,32.0,21.8,10.2,91.27,25.5,25,1,1
balaghat,2015,9,160.2,26.87,33.0,19.9,13.1,112.61,23.9,18,1,0
balaghat,2015,10,6.6,26.49,34.2,19.1,15.1,124.54,12.0,10,0,0
balaghat,2015,11,0.3,24.02,31.5,14.6,16.9,109.4,10.2,1,0,0
balaghat,2015,12,3.2,20.95,31.0,8.4,22.6,107.85,13.7,4,0,0
balaghat,2016,1,1.1,20.15,31.9,6.9,25.0,113.45,19.4,2,0,0
balaghat,2016,2,6.6,24.94,34.5,11.7,22.8,132.4,14.6,5,0,0
balaghat,2016,3,23.5,28.07,39.6,17.3,22.3,175.84,20.9,6,0,0
balaghat,2016,4,6.8,33.41,42.7,21.9,20.8,217.59,18.7,7,0,0
balaghat,2016,5,7.2,34.34,45.0,25.4,19.6,230.54,25.9,8,0,0
balaghat,2016,6,155.9,31.81,42.9,24.2,18.7,166.94,18.0,17,0,0
balaghat,2016,7,685.4,25.86,31.8,23.0,8.8,69.73,17.8,30,7,1
balaghat,2016,8,333.3,25.5,32.2,21.1,11.1,72.17,18.7,30,1,0
balaghat,2016,9,250.3,26.0,31.1,22.5,8.6,81.78,14.8,29,0,0
balaghat,2016,10,44.2,24.48,31.5,15.2,16.3,121.65,15.5,9,0,0
balaghat,2016,11,0.3,21.58,30.4,11.7,18.7,118.94,12.3,1,0,0
balaghat,2016,12,0.0,19.5,30.0,9.4,20.6,111.63,12.1,0,0,0
balaghat,2017,1,1.4,20.05,30.2,9.8,20.4,121.74,19.7,4,0,0
balaghat,2017,2,1.9,23.86,35.1,14.1,21.0,150.07,20.5,2,0,0
balaghat,2017,3,0.2,27.94,41.4,16.7,24.7,202.52,23.3,0,0,0
balaghat,2017,4,0.3,33.11,43.5,21.3,22.2,245.34,26.0,1,0,0
balaghat,2017,5,14.8,34.19,43.7,25.5,18.2,230.5,26.0,7,0,0
balaghat,2017,6,211.9,30.57,41.6,24.0,17.6,146.03,24.2,25,1,0
balaghat,2017,7,460.2,26.2,33.1,23.2,9.9,80.36,19.9,31,3,0
balaghat,2017,8,477.1,26.56,32.0,22.8,9.2,96.3,18.7,31,3,1
balaghat,2017,9,181.8,26.78,33.2,21.8,11.4,109.08,15.0,24,1,0
balaghat,2017,10,77.4,25.77,33.5,15.8,17.7,116.41,14.5,15,0,0
balaghat,2017,11,1.1,22.4,31.1,12.7,18.4,109.15,14.4,2,0,0
balaghat,2017,12,0.0,20.11,30.0,11.0,19.0,109.94,17.7,0,0,0
balaghat,2018,1,0.0,19.25,31.1,9.4,21.7,126.6,17.1,0,0,0
balaghat,2018,2,21.5,22.97,34.9,12.7,22.2,125.03,17.8,3,0,0
balaghat,2018,3,2.8,28.12,40.2,17.6,22.6,183.14,21.3,6,0,0
balaghat,2018,4,16.8,31.27,41.7,21.6,20.1,200.47,24.1,12,0,0
balaghat,2018,5,12.6,34.08,42.6,26.0,16.6,224.35,20.6,10,0,0
balaghat,2018,6,197.0,29.82,39.5,23.8,15.7,147.74,22.1,22,0,0
balaghat,2018,7,534.8,26.4,31.4,22.9,8.5,86.08,24.9,31,5,0
balaghat,2018,8,517.1,25.95,32.5,22.9,9.6,79.6,22.2,31,1,1
balaghat,2018,9,131.2,26.17,33.3,20.4,12.9,113.22,23.4,18,1,0
balaghat,2018,10,0.7,26.19,35.1,17.0,18.1,136.54,20.0,3,0,0
balaghat,2018,11,0.4,23.0,31.8,13.2,18.6,117.02,15.6,1,0,0
balaghat,2018,12,29.7,18.42,28.0,6.9,21.1,96.49,17.1,5,0,0
balaghat,2019,1,32.6,18.62,30.1,7.4,22.7,113.99,20.7,3,0,0
balaghat,2019,2,4.6,22.21,34.8,9.8,25.0,126.21,20.6,4,0,0
balaghat,2019,3,28.7,26.83,40.7,15.2,25.5,177.15,25.8,5,0,0
balaghat,2019,4,0.9,31.97,43.6,21.5,22.1,201.4,18.4,4,0,0
balaghat,2019,5,0.1,35.34,43.8,24.6,19.2,238.82,27.0,0,0,0
balaghat,2019,6,142.3,33.33,44.4,24.8,19.6,176.77,29.2,15,1,0
balaghat,2019,7,487.7,27.24,34.2,23.5,10.7,100.25,19.1,28,3,0
balaghat,2019,8,523.5,26.08,32.0,22.9,9.1,82.57,27.5,31,3,0
balaghat,2019,9,566.1,25.85,31.4,22.2,9.2,78.83,20.3,30,5,0
balaghat,2019,10,52.4,24.99,32.2,18.2,14.0,103.87,14.8,20,0,0
balaghat,2019,11,0.3,23.15,30.9,15.0,15.9,105.89,12.2,1,0,0
balaghat,2019,12,21.7,19.39,28.8,6.6,22.2,91.27,14.7,6,0,0
balaghat,2020,1,37.5,18.15,29.0,7.2,21.8,94.81,18.0,10,0,0
balaghat,2020,2,27.0,20.42,31.3,9.4,21.9,117.71,19.4,7,0,0
balaghat,2020,3,48.3,24.83,36.3,16.7,19.6,140.96,24.7,11,0,0
balaghat,2020,4,6.4,29.69,38.8,19.7,19.1,182.54,31.1,2,0,0
balaghat,2020,5,0.7,32.03,42.4,21.6,20.8,204.44,29.2,2,0,0
balaghat,2020,6,351.4,28.12,36.6,23.6,13.0,109.15,26.8,29,2,0
balaghat,2020,7,322.6,26.99,32.8,23.4,9.4,103.88,14.5,31,0,0
balaghat,2020,8,726.2,26.05,31.6,23.2,8.4,78.2,27.2,31,6,1
balaghat,2020,9,218.8,27.02,33.2,23.1,10.1,105.77,20.1,29,0,0
balaghat,2020,10,67.8,26.07,33.5,18.4,15.1,116.28,16.6,13,0,0
balaghat,2020,11,4.4,23.08,32.3,12.7,19.6,120.99,15.5,3,0,0
balaghat,2020,12,0.4,20.61,30.1,10.0,20.1,108.34,13.7,2,0,0
balaghat,2021,1,5.3,21.7,31.0,10.1,20.9,122.74,14.9,2,0,0
balaghat,2021,2,9.2,21.68,33.7,10.3,23.4,126.9,20.6,2,0,0
balaghat,2021,3,0.7,26.91,40.0,14.3,25.7,175.97,22.7,1,0,0
balaghat,2021,4,0.4,30.26,39.8,19.9,19.9,191.3,19.9,1,0,0
balaghat,2021,5,32.0,31.36,40.7,22.1,18.6,201.62,29.4,7,0,0
balaghat,2021,6,315.2,27.94,38.9,23.6,15.3,112.17,19.2,26,1,0
balaghat,2021,7,341.1,26.95,33.1,23.3,9.8,102.37,22.7,30,1,0
balaghat,2021,8,258.4,26.62,32.2,22.6,9.6,111.83,24.3,30,1,0
balaghat,2021,9,369.1,26.08,31.5,22.5,9.0,91.81,21.0,30,2,0
balaghat,2021,10,46.4,25.88,33.8,16.9,16.9,134.61,15.0,11,0,0
balaghat,2021,11,22.5,23.42,31.8,12.9,18.9,108.82,15.6,6,0,0
balaghat,2021,12,33.1,19.48,29.5,7.9,21.6,100.18,16.4,2,0,0
balaghat,2022,1,13.6,17.34,27.4,7.4,20.0,94.37,15.9,6,0,0
balaghat,2022,2,4.7,20.78,31.9,9.3,22.6,118.71,20.0,5,0,0
balaghat,2022,3,0.4,27.77,40.2,16.4,23.8,184.7,21.5,1,0,0
balaghat,2022,4,0.0,33.17,43.2,21.9,21.3,206.87,25.0,0,0,0
balaghat,2022,5,7.8,34.14,43.7,23.9,19.8,218.95,26.5,2,0,0
balaghat,2022,6,183.6,30.92,43.9,23.2,20.7,158.89,27.9,20,0,0
balaghat,2022,7,602.1,25.99,31.8,23.0,8.8,94.74,18.5,31,5,0
balaghat,2022,8,497.3,26.11,32.0,22.0,10.0,102.53,28.5,31,5,0
balaghat,2022,9,305.1,25.98,33.2,21.3,11.9,100.74,21.1,27,1,0
balaghat,2022,10,139.2,24.1,31.8,13.9,17.9,120.46,16.8,14,0,0
balaghat,2022,11,0.0,21.12,31.1,11.9,19.2,121.58,14.3,0,0,0
balaghat,2022,12,4.6,21.24,30.6,11.8,18.8,112.68,18.7,1,0,0
balaghat,2023,1,1.5,20.47,30.9,8.9,22.0,116.9,20.9,1,0,0
balaghat,2023,2,0.0,23.17,34.9,12.3,22.6,148.87,20.9,0,0,0
balaghat,2023,3,18.1,26.13,36.5,16.9,19.6,165.68,18.7,9,0,0
balaghat,2023,4,49.5,28.44,40.4,18.7,21.7,173.43,29.6,11,0,0
balaghat,2023,5,25.8,30.52,41.2,19.5,21.7,204.62,23.5,7,0,0
balaghat,2023,6,284.4,32.08,41.6,23.5,18.1,186.11,24.3,13,3,0
balaghat,2023,7,544.3,27.14,33.9,23.6,10.3,110.83,17.0,31,2,0
balaghat,2023,8,375.8,26.85,32.7,21.8,10.9,121.77,21.5,29,2,1
balaghat,2023,9,332.6,26.47,34.5,22.4,12.1,101.14,36.7,30,1,0
balaghat,2023,10,1.2,25.57,34.5,16.1,18.4,146.92,23.1,3,0,0
balaghat,2023,11,21.9,22.75,32.4,15.3,17.1,108.59,12.8,4,0,0
balaghat,2023,12,16.2,19.7,30.4,11.0,19.4,95.71,15.5,6,0,0
balaghat,2024,1,21.2,20.18,29.7,8.6,21.1,103.6,20.5,9,0,0
balaghat,2024,2,37.5,22.84,33.3,12.0,21.3,127.11,23.7,6,0,0
balaghat,2024,3,39.2,26.76,39.8,15.8,24.0,178.1,22.5,7,0,0
balaghat,2024,4,49.8,29.74,40.9,19.5,21.4,187.54,25.7,11,0,0
balaghat,2024,5,46.3,31.97,44.2,19.2,25.0,198.52,23.7,9,0,0
balaghat,2024,6,225.7,30.58,42.7,23.6,19.1,151.83,23.7,20,0,0
balaghat,2024,7,674.1,26.66,32.1,23.4,8.7,93.22,19.1,31,7,0
balaghat,2024,8,485.3,25.93,32.1,22.9,9.2,85.56,21.8,31,4,0
balaghat,2024,9,357.9,26.41,33.0,21.7,11.3,99.45,23.8,28,2,1
balaghat,2024,10,37.5,26.29,34.0,18.5,15.5,122.97,18.1,14,0,0
balaghat,2024,11,0.0,22.09,32.7,12.7,20.0,111.74,11.8,0,0,0
balaghat,2024,12,4.7,20.6,30.0,8.2,21.8,104.05,18.0,6,0,0
balaghat,2025,1,0.5,19.66,31.6,8.4,23.2,115.54,16.8,1,0,0
balaghat,2025,2,0.0,24.71,34.8,13.8,21.0,144.79,17.8,0,0,0
balaghat,2025,3,0.1,28.59,40.2,15.2,25.0,203.92,23.5,0,0,0
balaghat,2025,4,2.5,31.77,43.3,20.3,23.0,204.23,25.9,2,0,0
balaghat,2025,5,32.2,31.03,40.1,22.2,17.9,180.26,24.3,15,0,0
balaghat,2025,6,248.8,29.38,42.0,23.4,18.6,141.3,22.1,18,2,0
balaghat,2025,7,694.8,26.24,33.1,22.8,10.3,86.51,21.3,30,10,0
balaghat,2025,8,355.4,26.6,32.9,23.1,9.8,113.6,19.5,31,1,0
balaghat,2025,9,296.4,26.44,32.8,22.6,10.2,109.15,19.9,28,2,0
balaghat,2025,10,99.2,25.43,32.1,18.0,14.1,109.39,19.2,20,0,0
balaghat,2025,11,1.4,20.93,30.3,11.4,18.9,113.41,14.3,3,0,0
balaghat,2025,12,0.0,18.22,28.6,8.9,19.7,114.14,15.9,0,0,0
balaghat,2026,1,0.0,19.8,30.6,8.5,22.1,117.24,15.9,0,0,0
balaghat,2026,2,0.0,23.47,33.8,13.4,20.4,135.4,23.9,0,0,0
balaghat,2026,3,2.3,28.57,39.1,17.3,21.8,200.6,20.4,3,0,0
balaghat,2026,4,0.0,31.22,42.6,19.0,23.6,202.68,27.8,0,0,0
balaghat,2026,5,7.4,33.54,43.8,22.1,21.7,224.17,38.1,5,0,0
balaghat,2026,6,81.9,31.68,40.3,23.7,16.6,181.32,28.9,22,0,0
balaghat,2026,7,465.3,27.02,34.0,23.5,10.5,106.17,30.4,30,3,0
balaghat,2026,8,441.4,26.26,32.0,23.5,8.5,90.28,20.3,31,2,0
balaghat,2026,9,177.6,26.35,32.1,22.6,9.5,83.92,19.8,21,0,0
ukwa,2015,1,10.8,19.05,28.6,8.8,19.8,109.51,15.5,3,0,0
ukwa,2015,2,4.3,24.22,35.2,10.4,24.8,136.87,18.3,2,0,0
ukwa,2015,3,81.5,25.57,37.8,13.0,24.8,162.65,17.2,14,0,0
ukwa,2015,4,38.4,29.58,41.4,18.7,22.7,188.51,18.2,10,0,0
ukwa,2015,5,10.1,34.37,44.8,24.4,20.4,233.23,21.2,5,0,0
ukwa,2015,6,249.6,29.63,40.8,24.3,16.5,137.04,26.6,24,1,0
ukwa,2015,7,303.9,26.57,32.9,22.7,10.2,93.51,19.1,25,2,1
ukwa,2015,8,376.0,26.21,32.2,21.7,10.5,91.5,22.7,26,1,0
ukwa,2015,9,142.3,26.92,33.2,20.3,12.9,114.66,30.6,23,1,0
ukwa,2015,10,9.1,26.73,34.1,18.4,15.7,128.85,14.8,8,0,0
ukwa,2015,11,0.7,24.28,31.5,15.5,16.0,111.12,11.2,1,0,0
ukwa,2015,12,2.5,20.9,31.2,8.6,22.6,112.8,15.3,2,0,0
ukwa,2016,1,6.5,20.21,32.3,7.0,25.3,113.34,20.6,4,0,0
ukwa,2016,2,13.1,24.9,35.0,11.8,23.2,135.78,16.3,4,0,0
ukwa,2016,3,20.7,28.13,40.3,17.5,22.8,177.38,18.4,7,0,0
ukwa,2016,4,9.2,33.73,42.9,22.2,20.7,218.56,18.1,9,0,0
ukwa,2016,5,8.4,34.46,45.0,25.2,19.8,231.55,26.7,6,0,0
ukwa,2016,6,158.5,32.02,42.9,24.6,18.3,171.24,20.2,18,0,0
ukwa,2016,7,679.7,26.01,32.1,23.4,8.7,71.85,19.9,30,6,1
ukwa,2016,8,310.7,25.53,32.4,21.1,11.3,70.54,20.2,30,0,0
ukwa,2016,9,234.9,26.11,31.4,22.9,8.5,85.77,17.1,28,0,0
ukwa,2016,10,41.0,24.72,31.6,15.5,16.1,125.92,15.9,9,0,0
ukwa,2016,11,0.0,21.83,30.6,12.1,18.5,125.46,14.3,0,0,0
ukwa,2016,12,0.0,19.7,30.0,9.8,20.2,117.35,13.9,0,0,0
ukwa,2017,1,1.9,19.61,30.2,9.1,21.1,118.86,18.0,3,0,0
ukwa,2017,2,2.0,23.18,35.1,14.0,21.1,146.78,21.1,2,0,0
ukwa,2017,3,1.0,27.59,42.0,16.1,25.9,201.79,21.2,3,0,0
ukwa,2017,4,0.5,32.88,43.5,20.6,22.9,245.9,25.8,1,0,0
ukwa,2017,5,13.4,34.3,43.9,25.4,18.5,234.27,30.7,10,0,0
ukwa,2017,6,181.4,30.82,41.8,24.4,17.4,150.97,24.4,26,0,0
ukwa,2017,7,435.5,26.35,33.0,23.1,9.9,82.88,20.7,30,4,0
ukwa,2017,8,512.5,26.64,32.2,22.7,9.5,96.09,20.1,30,3,1
ukwa,2017,9,183.1,26.78,33.1,21.9,11.2,110.4,16.3,25,1,0
ukwa,2017,10,88.0,25.7,33.8,16.4,17.4,120.26,16.3,14,0,0
ukwa,2017,11,0.7,22.41,30.8,12.5,18.3,112.52,12.5,3,0,0
ukwa,2017,12,0.0,19.86,30.4,10.9,19.5,111.22,18.8,0,0,0
ukwa,2018,1,0.0,18.85,31.2,9.7,21.5,125.71,17.7,0,0,0
ukwa,2018,2,23.7,22.81,35.1,12.1,23.0,124.86,18.1,4,0,0
ukwa,2018,3,2.1,27.97,40.4,18.1,22.3,185.2,22.3,3,0,0
ukwa,2018,4,16.6,31.28,42.3,21.4,20.9,203.82,27.1,11,0,0
ukwa,2018,5,4.6,34.25,42.8,25.8,17.0,233.09,23.9,3,0,0
ukwa,2018,6,193.3,30.02,40.3,23.7,16.6,150.97,20.1,20,0,0
ukwa,2018,7,548.9,26.62,32.4,23.1,9.3,89.43,19.8,31,4,0
ukwa,2018,8,430.2,26.2,31.8,23.1,8.7,82.02,21.3,31,1,1
ukwa,2018,9,117.2,26.25,33.8,20.3,13.5,114.78,25.8,22,1,0
ukwa,2018,10,0.7,26.19,35.0,17.3,17.7,142.27,20.9,2,0,0
ukwa,2018,11,0.1,22.84,32.1,13.5,18.6,118.89,15.2,0,0,0
ukwa,2018,12,24.6,18.09,27.9,7.3,20.6,98.11,17.1,5,0,0
ukwa,2019,1,19.8,18.06,30.0,7.0,23.0,113.61,22.7,3,0,0
ukwa,2019,2,7.6,21.91,35.1,9.5,25.6,126.3,22.7,4,0,0
ukwa,2019,3,13.0,26.33,41.1,14.9,26.2,176.22,26.5,6,0,0
ukwa,2019,4,0.9,32.05,44.1,21.4,22.7,204.08,22.1,3,0,0
ukwa,2019,5,0.0,35.22,44.1,23.9,20.2,235.25,25.2,0,0,0
ukwa,2019,6,159.5,33.56,44.3,24.8,19.5,182.79,25.4,14,1,0
ukwa,2019,7,438.0,27.53,34.4,23.5,10.9,105.56,19.1,29,3,0
ukwa,2019,8,626.3,26.22,32.3,23.0,9.3,82.26,28.9,31,4,1
ukwa,2019,9,539.1,25.9,31.1,22.5,8.6,79.52,20.6,30,3,0
ukwa,2019,10,43.1,25.07,32.1,18.5,13.6,108.7,16.2,15,0,0
ukwa,2019,11,0.1,23.14,31.4,15.5,15.9,105.62,14.3,0,0,0
ukwa,2019,12,24.6,19.25,29.1,6.8,22.3,92.2,17.0,7,0,0
ukwa,2020,1,29.5,18.01,29.7,7.5,22.2,95.4,18.4,9,0,0
ukwa,2020,2,23.8,20.28,31.4,10.1,21.3,119.55,18.6,5,0,0
ukwa,2020,3,52.1,24.58,37.2,16.1,21.1,142.79,23.4,13,0,0
ukwa,2020,4,9.5,29.41,38.8,19.8,19.0,180.04,22.0,2,0,0
ukwa,2020,5,3.0,32.38,43.3,22.3,21.0,210.96,22.0,3,0,0
ukwa,2020,6,407.8,28.2,37.1,23.5,13.6,108.56,29.7,28,3,1
ukwa,2020,7,308.4,27.11,33.0,23.6,9.4,103.97,16.0,31,0,0
ukwa,2020,8,681.5,26.34,31.7,23.0,8.7,80.37,27.0,31,5,1
ukwa,2020,9,203.3,27.06,33.5,22.8,10.7,107.28,19.0,28,0,0
ukwa,2020,10,76.0,26.01,33.0,17.5,15.5,117.92,18.5,15,0,0
ukwa,2020,11,3.2,22.4,32.2,12.7,19.5,118.91,17.5,3,0,0
ukwa,2020,12,3.5,20.22,30.5,9.6,20.9,107.57,15.8,3,0,0
ukwa,2021,1,3.5,21.42,31.3,9.9,21.4,123.57,18.0,2,0,0
ukwa,2021,2,9.3,21.6,34.1,10.5,23.6,125.69,18.0,3,0,0
ukwa,2021,3,2.0,26.81,40.3,14.9,25.4,175.8,21.7,3,0,0
ukwa,2021,4,1.7,30.48,40.3,19.9,20.4,199.79,34.0,2,0,0
ukwa,2021,5,31.7,31.53,40.8,22.8,18.0,204.44,28.8,7,0,0
ukwa,2021,6,296.5,28.19,39.1,23.6,15.5,114.39,19.7,27,1,0
ukwa,2021,7,346.8,27.16,33.7,23.6,10.1,104.19,23.7,30,1,0
ukwa,2021,8,220.6,26.71,32.2,22.7,9.5,111.57,24.5,31,2,0
ukwa,2021,9,343.7,26.13,31.5,22.6,8.9,93.21,20.2,30,1,0
ukwa,2021,10,37.2,25.55,33.8,16.2,17.6,134.27,17.7,13,0,0
ukwa,2021,11,16.9,23.23,32.0,13.3,18.7,113.21,14.8,5,0,0
ukwa,2021,12,25.4,19.65,29.7,7.9,21.8,104.62,17.0,2,0,0
ukwa,2022,1,23.1,17.49,28.9,8.4,20.5,96.79,16.5,5,0,0
ukwa,2022,2,3.0,21.3,32.8,9.4,23.4,123.88,22.0,2,0,0
ukwa,2022,3,1.1,28.01,41.0,17.2,23.8,188.26,21.3,1,0,0
ukwa,2022,4,0.1,33.54,44.1,22.0,22.1,214.68,24.5,0,0,0
ukwa,2022,5,6.6,34.56,44.2,24.2,20.0,226.95,29.3,4,0,0
ukwa,2022,6,210.7,31.17,44.0,23.2,20.8,160.95,27.7,21,1,0
ukwa,2022,7,624.1,26.15,32.4,23.1,9.3,95.67,18.3,31,4,0
ukwa,2022,8,459.7,26.27,32.7,22.1,10.6,104.79,24.5,31,4,0
ukwa,2022,9,349.9,26.02,33.1,21.1,12.0,101.99,22.0,27,2,0
ukwa,2022,10,95.9,23.99,31.7,14.7,17.0,122.41,19.5,14,0,0
ukwa,2022,11,0.0,20.76,31.4,11.5,19.9,122.16,15.2,0,0,0
ukwa,2022,12,11.2,20.83,29.9,11.7,18.2,114.05,19.9,2,0,0
ukwa,2023,1,0.2,20.21,31.3,8.7,22.6,118.71,21.3,0,0,0
ukwa,2023,2,0.0,22.8,35.7,11.7,24.0,147.89,22.7,0,0,0
ukwa,2023,3,39.7,26.19,37.0,16.0,21.0,167.08,21.6,9,0,0
ukwa,2023,4,66.4,28.65,40.5,19.1,21.4,174.81,26.8,10,0,0
ukwa,2023,5,22.5,30.83,41.9,19.6,22.3,206.38,25.9,7,0,0
ukwa,2023,6,226.8,32.33,42.2,23.9,18.3,188.23,35.4,12,3,0
ukwa,2023,7,493.8,27.35,33.9,23.8,10.1,112.93,18.8,31,5,0
ukwa,2023,8,336.2,27.04,33.1,21.3,11.8,121.72,19.5,27,2,1
ukwa,2023,9,304.7,26.72,34.5,22.1,12.4,106.72,28.6,28,1,0
ukwa,2023,10,2.7,25.52,34.9,15.5,19.4,146.13,25.6,2,0,0
ukwa,2023,11,54.0,22.78,32.7,14.9,17.8,109.7,13.8,5,0,0
ukwa,2023,12,9.8,19.78,30.4,10.2,20.2,98.32,17.7,5,0,0
ukwa,2024,1,20.9,20.34,30.3,9.9,20.4,108.24,20.5,6,0,0
ukwa,2024,2,19.7,23.17,34.5,12.2,22.3,132.05,26.0,7,0,0
ukwa,2024,3,26.4,26.93,40.8,14.8,26.0,177.58,20.0,4,0,0
ukwa,2024,4,53.3,29.79,41.4,19.7,21.7,184.8,25.5,9,0,0
ukwa,2024,5,32.4,31.84,43.6,20.8,22.8,198.9,27.4,9,0,0
ukwa,2024,6,181.9,30.64,42.3,23.8,18.5,153.43,21.7,23,0,0
ukwa,2024,7,681.0,26.93,32.9,23.6,9.3,96.3,18.9,31,7,0
ukwa,2024,8,498.8,26.11,32.2,23.3,8.9,86.76,21.3,31,3,0
ukwa,2024,9,333.1,26.57,33.2,22.3,10.9,101.67,23.2,28,1,1
ukwa,2024,10,28.4,26.38,34.2,18.5,15.7,127.04,21.4,16,0,0
ukwa,2024,11,0.0,21.64,32.8,12.1,20.7,112.77,14.8,0,0,0
ukwa,2024,12,3.1,20.02,30.0,8.1,21.9,102.69,15.8,5,0,0
ukwa,2025,1,0.4,19.23,33.0,8.5,24.5,114.56,16.8,1,0,0
ukwa,2025,2,0.0,24.31,35.3,13.7,21.6,143.18,19.6,0,0,0
ukwa,2025,3,0.0,28.08,40.1,13.6,26.5,199.57,22.3,0,0,0
ukwa,2025,4,1.4,31.41,43.7,19.4,24.3,199.57,24.1,2,0,0
ukwa,2025,5,41.5,30.95,40.9,22.0,18.9,179.88,32.5,13,0,0
ukwa,2025,6,277.7,29.28,41.8,23.2,18.6,137.4,22.5,19,1,0
ukwa,2025,7,673.9,26.28,33.4,23.0,10.4,87.8,21.1,31,8,0
ukwa,2025,8,354.3,26.53,33.4,23.0,10.4,111.35,19.1,29,2,0
ukwa,2025,9,306.8,26.22,32.6,22.0,10.6,108.28,22.7,27,1,0
ukwa,2025,10,111.3,25.17,32.0,18.4,13.6,107.62,16.3,22,0,0
ukwa,2025,11,1.6,20.39,30.8,11.0,19.8,109.14,14.9,2,0,0
ukwa,2025,12,0.0,17.59,28.1,8.9,19.2,109.69,16.7,0,0,0
ukwa,2026,1,0.1,19.32,29.5,8.9,20.6,113.41,17.1,0,0,0
ukwa,2026,2,0.0,23.03,33.5,12.6,20.9,129.99,19.7,0,0,0
ukwa,2026,3,1.4,27.99,39.6,17.1,22.5,193.06,23.6,3,0,0
ukwa,2026,4,0.4,31.11,43.1,18.7,24.4,202.98,25.3,1,0,0
ukwa,2026,5,10.4,33.04,44.0,21.9,22.1,218.86,28.0,7,0,0
ukwa,2026,6,115.8,31.18,40.1,24.3,15.8,172.66,27.4,21,0,0
ukwa,2026,7,425.5,27.21,34.4,23.5,10.9,110.28,31.7,31,2,0
ukwa,2026,8,441.2,26.4,32.2,23.4,8.8,91.98,20.3,31,2,0
ukwa,2026,9,176.2,26.26,32.5,22.5,10.0,84.03,23.2,21,0,0
bhandara,2015,1,8.2,20.55,29.2,10.4,18.8,116.61,15.6,2,0,0
bhandara,2015,2,1.3,24.74,34.5,13.8,20.7,136.08,16.3,1,0,0
bhandara,2015,3,43.0,26.87,37.9,15.4,22.5,168.0,16.2,9,0,0
bhandara,2015,4,61.2,29.98,40.7,19.3,21.4,194.95,24.9,9,0,0
bhandara,2015,5,20.6,34.48,44.9,24.6,20.3,229.26,16.6,12,0,0
bhandara,2015,6,265.1,29.98,40.4,24.2,16.2,140.6,26.9,21,1,0
bhandara,2015,7,272.7,27.2,33.2,23.7,9.5,106.16,21.3,21,2,0
bhandara,2015,8,458.2,26.56,32.1,22.6,9.5,95.28,28.5,25,4,1
bhandara,2015,9,163.3,27.34,33.2,20.5,12.7,118.54,27.9,16,1,0
bhandara,2015,10,12.4,27.6,34.3,21.0,13.3,134.92,13.4,11,0,0
bhandara,2015,11,0.4,25.43,31.8,17.6,14.2,121.32,14.2,2,0,0
bhandara,2015,12,2.4,22.58,30.7,12.4,18.3,116.26,15.9,4,0,0
bhandara,2016,1,1.0,21.53,32.3,9.1,23.2,119.1,19.2,2,0,0
bhandara,2016,2,4.7,25.92,35.0,15.6,19.4,137.76,16.6,4,0,0
bhandara,2016,3,29.5,28.48,38.3,20.0,18.3,177.52,17.8,9,0,0
bhandara,2016,4,7.7,33.99,42.7,22.8,19.9,221.26,17.8,8,0,0
bhandara,2016,5,7.9,35.25,45.0,25.5,19.5,243.87,22.7,7,0,0
bhandara,2016,6,178.6,32.32,42.4,25.0,17.4,172.98,19.8,18,1,0
bhandara,2016,7,656.1,26.23,32.2,23.8,8.4,75.69,23.0,31,3,1
bhandara,2016,8,311.0,26.24,32.4,22.3,10.1,84.27,21.9,30,1,0
bhandara,2016,9,289.3,26.5,31.2,23.0,8.2,86.78,16.3,27,1,0
bhandara,2016,10,58.9,25.38,32.0,17.0,15.0,125.52,13.7,9,0,0
bhandara,2016,11,0.0,22.69,30.9,13.7,17.2,123.27,12.9,0,0,0
bhandara,2016,12,0.0,20.75,29.8,11.9,17.9,117.86,14.6,0,0,0
bhandara,2017,1,0.7,20.62,30.3,11.2,19.1,120.12,17.6,1,0,0
bhandara,2017,2,2.0,24.35,34.6,14.8,19.8,145.29,18.0,1,0,0
bhandara,2017,3,15.3,27.9,40.8,17.0,23.8,199.65,24.0,2,0,0
bhandara,2017,4,0.2,33.45,43.8,22.5,21.3,244.04,26.3,0,0,0
bhandara,2017,5,21.2,35.42,44.3,25.1,19.2,248.21,24.5,12,0,0
bhandara,2017,6,127.5,31.4,41.6,25.2,16.4,161.18,21.6,25,1,0
bhandara,2017,7,268.3,27.01,34.1,23.8,10.3,100.36,24.7,28,2,0
bhandara,2017,8,289.5,27.01,32.0,23.2,8.8,106.72,20.4,30,2,0
bhandara,2017,9,218.2,27.32,33.5,22.5,11.0,111.31,15.2,23,1,0
bhandara,2017,10,71.8,26.35,34.5,17.8,16.7,118.47,13.8,16,0,0
bhandara,2017,11,0.4,23.45,31.2,14.7,16.5,114.23,13.1,1,0,0
bhandara,2017,12,0.0,21.26,30.6,12.6,18.0,117.23,15.9,0,0,0
bhandara,2018,1,0.0,20.57,32.7,12.1,20.6,125.91,13.4,0,0,0
bhandara,2018,2,15.9,24.15,35.8,13.8,22.0,127.61,17.6,5,0,0
bhandara,2018,3,2.4,28.91,40.6,18.3,22.3,182.09,21.3,4,0,0
bhandara,2018,4,24.8,32.37,43.1,21.7,21.4,213.94,24.3,10,0,0
bhandara,2018,5,7.8,35.84,44.5,26.2,18.3,256.02,30.6,6,0,0
bhandara,2018,6,207.4,30.38,41.3,23.7,17.6,160.37,24.3,22,2,0
bhandara,2018,7,484.8,26.77,32.2,23.6,8.6,98.99,23.0,31,3,1
bhandara,2018,8,438.1,26.45,31.4,23.3,8.1,96.77,24.4,27,2,1
bhandara,2018,9,110.0,26.69,33.7,21.6,12.1,120.29,28.9,21,1,0
bhandara,2018,10,0.6,26.63,34.8,18.0,16.8,139.73,18.9,1,0,0
bhandara,2018,11,1.0,23.8,32.1,14.3,17.8,116.08,13.7,3,0,0
bhandara,2018,12,23.6,19.4,28.7,9.0,19.7,99.62,17.2,6,0,0
bhandara,2019,1,32.8,19.22,30.0,8.4,21.6,112.23,20.0,3,0,0
bhandara,2019,2,0.9,22.75,34.4,11.6,22.8,127.51,22.2,1,0,0
bhandara,2019,3,13.2,27.59,39.7,16.8,22.9,180.63,22.3,4,0,0
bhandara,2019,4,3.6,32.74,43.8,23.0,20.8,209.86,25.0,1,0,0
bhandara,2019,5,0.0,36.65,44.8,25.9,18.9,252.15,24.4,0,0,0
bhandara,2019,6,126.6,34.44,44.3,25.3,19.0,203.86,25.6,15,1,0
bhandara,2019,7,475.6,28.12,36.4,23.6,12.8,120.1,27.8,28,3,1
bhandara,2019,8,418.2,26.55,32.2,23.5,8.7,97.69,29.5,31,1,1
bhandara,2019,9,378.6,26.36,31.1,23.5,7.6,88.13,24.5,30,1,0
bhandara,2019,10,54.1,25.86,32.1,20.6,11.5,109.85,16.2,18,0,0
bhandara,2019,11,1.9,24.17,31.7,16.8,14.9,109.63,14.1,3,0,0
bhandara,2019,12,19.6,20.75,29.7,8.5,21.2,98.27,16.3,7,0,0
bhandara,2020,1,52.1,19.51,30.3,9.3,21.0,98.13,17.5,11,0,0
bhandara,2020,2,16.9,21.54,32.0,11.8,20.2,118.06,15.5,6,0,0
bhandara,2020,3,64.8,26.12,37.5,17.2,20.3,147.13,28.6,15,1,0
bhandara,2020,4,1.0,31.2,40.4,21.1,19.3,195.0,21.7,2,0,0
bhandara,2020,5,1.5,34.12,44.5,24.8,19.7,222.62,28.8,2,0,0
bhandara,2020,6,184.4,29.06,38.0,23.9,14.1,129.84,31.3,26,1,0
bhandara,2020,7,287.5,27.67,33.4,24.0,9.4,115.41,16.6,30,1,0
bhandara,2020,8,689.4,26.38,32.6,23.6,9.0,85.02,29.2,31,6,1
bhandara,2020,9,229.1,27.42,33.1,23.4,9.7,108.31,21.4,29,1,0
bhandara,2020,10,79.9,26.45,33.9,19.0,14.9,114.94,22.4,15,0,0
bhandara,2020,11,2.7,23.14,32.2,14.1,18.1,121.2,16.9,4,0,0
bhandara,2020,12,0.0,21.06,30.1,11.4,18.7,109.47,15.0,0,0,0
bhandara,2021,1,0.7,22.37,31.6,12.5,19.1,120.62,17.1,2,0,0
bhandara,2021,2,4.1,22.81,35.2,12.7,22.5,128.49,17.8,2,0,0
bhandara,2021,3,0.6,27.82,40.1,15.9,24.2,182.28,22.9,1,0,0
bhandara,2021,4,0.3,31.37,40.9,20.9,20.0,196.0,22.7,1,0,0
bhandara,2021,5,12.3,32.69,41.3,24.3,17.0,213.97,24.5,8,0,0
bhandara,2021,6,218.8,28.51,39.0,24.1,14.9,124.45,22.0,27,0,0
bhandara,2021,7,356.8,27.45,34.3,23.9,10.4,112.79,28.9,26,2,0
bhandara,2021,8,269.8,27.22,32.9,23.8,9.1,124.68,27.6,30,2,0
bhandara,2021,9,343.3,26.41,31.5,23.2,8.3,93.08,24.1,30,2,0
bhandara,2021,10,55.5,25.98,33.5,17.4,16.1,130.83,15.5,13,0,0
bhandara,2021,11,18.6,24.26,31.5,15.3,16.2,115.36,15.8,8,0,0
bhandara,2021,12,29.4,20.59,29.7,9.7,20.0,106.62,15.2,2,0,0
bhandara,2022,1,23.3,18.83,28.9,9.7,19.2,99.92,20.0,8,0,0
bhandara,2022,2,6.8,22.04,32.9,10.7,22.2,124.35,20.1,4,0,0
bhandara,2022,3,0.0,28.82,40.8,17.7,23.1,188.03,25.0,0,0,0
bhandara,2022,4,0.1,34.2,44.7,22.8,21.9,222.37,24.0,0,0,0
bhandara,2022,5,4.5,35.05,44.0,26.2,17.8,240.26,28.8,3,0,0
bhandara,2022,6,141.9,31.74,44.7,23.4,21.3,169.23,22.4,18,0,0
bhandara,2022,7,792.6,26.21,32.7,23.3,9.4,90.16,21.7,31,6,1
bhandara,2022,8,479.4,26.68,32.3,23.2,9.1,112.9,30.1,30,4,0
bhandara,2022,9,277.9,26.63,32.5,22.4,10.1,110.19,24.2,28,3,0
bhandara,2022,10,138.4,24.78,32.9,15.8,17.1,120.67,17.9,16,0,0
bhandara,2022,11,0.0,21.6,31.0,12.8,18.2,119.4,13.8,0,0,0
bhandara,2022,12,10.1,22.15,30.8,13.7,17.1,114.03,17.4,2,0,0
bhandara,2023,1,1.8,21.26,30.9,11.2,19.7,115.77,16.6,2,0,0
bhandara,2023,2,0.0,23.74,35.5,12.4,23.1,143.33,17.5,0,0,0
bhandara,2023,3,10.9,26.77,37.4,17.1,20.3,170.42,27.7,8,0,0
bhandara,2023,4,68.3,29.14,40.8,20.7,20.1,172.6,28.1,10,0,0
bhandara,2023,5,44.6,31.84,42.6,20.3,22.3,212.34,23.6,7,0,0
bhandara,2023,6,139.3,32.87,44.2,24.7,19.5,201.92,28.7,14,1,0
bhandara,2023,7,620.0,27.54,34.2,23.8,10.4,111.73,22.3,31,5,0
bhandara,2023,8,240.6,27.35,33.0,22.2,10.8,135.64,26.1,26,2,0
bhandara,2023,9,385.7,26.8,34.3,23.1,11.2,101.28,34.7,28,2,0
bhandara,2023,10,6.4,26.32,35.0,16.5,18.5,148.51,18.8,4,0,0
bhandara,2023,11,14.6,23.92,32.4,16.6,15.8,118.22,12.4,5,0,0
bhandara,2023,12,11.7,20.89,31.2,12.6,18.6,102.84,19.2,4,0,0
bhandara,2024,1,13.5,21.42,29.9,11.5,18.4,109.15,16.8,8,0,0
bhandara,2024,2,44.9,23.59,33.2,14.9,18.3,129.89,20.8,6,0,0
bhandara,2024,3,17.2,27.53,39.3,15.3,24.0,179.17,25.8,5,0,0
bhandara,2024,4,12.3,30.58,41.5,21.5,20.0,190.31,30.6,9,0,0
bhandara,2024,5,10.3,33.11,45.1,21.8,23.3,216.4,29.0,9,0,0
bhandara,2024,6,223.1,31.13,43.5,24.7,18.8,161.5,31.6,26,0,0
bhandara,2024,7,605.4,27.01,32.7,23.9,8.8,98.72,25.6,31,6,0
bhandara,2024,8,386.4,26.47,32.0,23.3,8.7,92.8,23.3,30,2,0
bhandara,2024,9,354.0,26.89,32.5,22.4,10.1,107.05,23.7,27,2,0
bhandara,2024,10,52.2,27.32,34.7,20.7,14.0,130.72,18.3,12,0,0
bhandara,2024,11,0.0,22.86,34.1,13.5,20.6,118.47,14.3,0,0,0
bhandara,2024,12,5.8,21.65,30.5,9.9,20.6,107.31,20.7,6,0,0
bhandara,2025,1,0.2,20.82,32.2,10.6,21.6,117.86,15.5,1,0,0
bhandara,2025,2,0.0,25.57,35.3,15.2,20.1,146.25,19.5,0,0,0
bhandara,2025,3,0.2,29.4,40.8,16.1,24.7,201.61,23.7,1,0,0
bhandara,2025,4,2.5,32.59,43.9,22.2,21.7,214.29,24.2,3,0,0
bhandara,2025,5,74.8,31.46,40.2,22.5,17.7,185.54,25.7,16,0,0
bhandara,2025,6,157.9,30.24,42.1,23.8,18.3,165.35,25.7,19,0,0
bhandara,2025,7,624.9,26.89,33.4,23.0,10.4,101.55,26.1,30,6,1
bhandara,2025,8,316.4,27.11,32.7,23.5,9.2,118.02,24.1,27,1,0
bhandara,2025,9,297.4,26.75,33.1,22.7,10.4,109.21,20.8,29,2,0
bhandara,2025,10,124.0,26.03,32.1,19.7,12.4,115.33,26.1,18,0,0
bhandara,2025,11,1.5,21.57,30.9,12.8,18.1,112.35,15.6,3,0,0
bhandara,2025,12,0.0,18.66,28.1,10.2,17.9,110.96,16.9,0,0,0
bhandara,2026,1,0.0,20.45,30.2,10.8,19.4,116.13,16.2,0,0,0
bhandara,2026,2,1.0,24.03,33.8,14.7,19.1,129.54,16.4,1,0,0
bhandara,2026,3,7.5,29.09,39.6,18.6,21.0,194.35,25.8,2,0,0
bhandara,2026,4,1.4,32.67,43.8,21.7,22.1,216.08,26.4,2,0,0
bhandara,2026,5,2.5,34.85,44.4,23.9,20.5,242.36,41.7,5,0,0
bhandara,2026,6,110.6,32.39,41.7,24.9,16.8,189.2,23.5,20,0,0
bhandara,2026,7,458.0,27.61,34.3,23.5,10.8,115.07,26.7,27,4,0
bhandara,2026,8,313.2,27.02,32.6,23.1,9.5,113.51,25.0,30,2,0
bhandara,2026,9,128.7,26.92,32.2,22.8,9.4,92.6,25.9,20,0,0
nagpur,2015,1,20.3,19.99,29.1,9.8,19.3,111.07,14.8,4,0,0
nagpur,2015,2,6.9,24.39,34.4,13.2,21.2,136.99,13.9,5,0,0
nagpur,2015,3,75.9,26.16,37.4,14.1,23.3,162.19,14.4,11,1,0
nagpur,2015,4,53.3,30.05,42.2,18.8,23.4,196.67,18.2,9,0,0
nagpur,2015,5,14.8,34.86,44.7,24.7,20.0,243.6,22.6,7,0,0
nagpur,2015,6,224.0,30.04,41.8,24.1,17.7,144.63,27.8,17,0,0
nagpur,2015,7,183.1,27.28,33.4,23.6,9.8,114.35,25.6,19,1,1
nagpur,2015,8,358.6,26.35,31.9,22.3,9.6,94.08,27.4,25,3,1
nagpur,2015,9,108.7,27.07,32.8,20.0,12.8,121.01,28.6,13,1,0
nagpur,2015,10,4.1,27.41,34.5,20.5,14.0,134.99,13.6,9,0,0
nagpur,2015,11,0.2,25.34,32.0,17.1,14.9,123.34,15.2,1,0,0
nagpur,2015,12,1.1,22.44,31.0,12.0,19.0,118.3,14.3,3,0,0
nagpur,2016,1,0.5,21.35,32.7,9.0,23.7,120.95,19.1,1,0,0
nagpur,2016,2,5.3,25.49,34.8,15.1,19.7,139.57,13.4,4,0,0
nagpur,2016,3,14.5,28.71,38.8,19.9,18.9,181.08,18.7,11,0,0
nagpur,2016,4,2.4,34.36,43.5,21.9,21.6,221.79,20.5,5,0,0
nagpur,2016,5,6.1,34.96,43.8,24.6,19.2,243.28,23.8,5,0,0
nagpur,2016,6,186.5,32.18,42.5,24.7,17.8,175.13,20.6,18,1,0
nagpur,2016,7,720.9,26.0,31.7,23.5,8.2,75.25,24.2,29,5,1
nagpur,2016,8,265.4,26.05,31.7,21.9,9.8,87.28,23.6,28,1,0
nagpur,2016,9,193.4,26.44,30.8,22.5,8.3,95.36,19.0,23,0,0
nagpur,2016,10,38.0,25.24,32.4,17.1,15.3,125.57,14.8,9,0,0
nagpur,2016,11,0.0,22.34,31.0,13.2,17.8,122.91,12.9,0,0,0
nagpur,2016,12,0.0,20.4,29.4,11.0,18.4,115.66,13.0,0,0,0
nagpur,2017,1,1.8,20.62,31.1,10.5,20.6,123.18,16.5,1,0,0
nagpur,2017,2,0.1,24.81,35.8,15.3,20.5,148.35,17.1,0,0,0
nagpur,2017,3,1.9,28.73,41.8,17.3,24.5,208.05,23.1,2,0,0
nagpur,2017,4,0.4,34.1,44.1,22.4,21.7,260.75,25.2,1,0,0
nagpur,2017,5,12.6,35.68,44.6,25.7,18.9,258.89,28.0,9,0,0
nagpur,2017,6,127.0,31.39,41.5,25.1,16.4,169.74,22.7,26,0,0
nagpur,2017,7,261.8,27.02,34.3,23.7,10.6,105.52,26.0,29,3,0
nagpur,2017,8,279.5,26.86,31.9,23.8,8.1,106.41,19.7,30,2,0
nagpur,2017,9,173.0,27.08,33.0,22.3,10.7,113.94,14.3,24,0,0
nagpur,2017,10,76.3,25.99,33.9,17.5,16.4,121.96,14.6,16,0,0
nagpur,2017,11,0.6,23.12,30.6,13.2,17.4,114.01,12.6,3,0,0
nagpur,2017,12,0.0,21.01,30.2,11.2,19.0,113.48,14.4,0,0,0
nagpur,2018,1,0.0,20.23,31.9,11.1,20.8,121.67,15.8,0,0,0
nagpur,2018,2,23.7,23.23,34.6,13.0,21.6,121.35,18.2,4,0,0
nagpur,2018,3,5.0,28.46,40.1,17.6,22.5,178.24,20.0,5,0,0
nagpur,2018,4,11.6,32.17,42.8,22.3,20.5,210.86,29.1,7,0,0
nagpur,2018,5,2.0,35.97,44.1,26.2,17.9,254.77,25.9,4,0,0
nagpur,2018,6,164.3,30.33,41.7,23.7,18.0,162.91,22.1,23,0,0
nagpur,2018,7,404.9,26.72,32.1,23.6,8.5,102.02,25.1,31,2,0
nagpur,2018,8,389.6,26.31,31.9,22.9,9.0,99.88,26.9,31,3,0
nagpur,2018,9,132.2,26.42,32.9,21.2,11.7,124.61,32.1,17,1,0
nagpur,2018,10,0.3,26.45,34.5,17.8,16.7,144.2,19.5,1,0,0
nagpur,2018,11,1.3,23.82,32.4,13.9,18.5,119.28,15.0,2,0,0
nagpur,2018,12,19.1,19.41,28.8,8.6,20.2,102.27,15.3,4,0,0
nagpur,2019,1,23.9,19.23,30.2,8.2,22.0,114.54,17.9,3,0,0
nagpur,2019,2,1.4,23.32,35.7,10.8,24.9,137.3,24.9,2,0,0
nagpur,2019,3,6.2,28.23,40.5,17.0,23.5,188.56,24.3,3,0,0
nagpur,2019,4,1.4,33.47,44.4,22.9,21.5,213.0,31.7,3,0,0
nagpur,2019,5,0.0,36.79,45.4,27.2,18.2,268.13,26.3,0,0,0
nagpur,2019,6,73.7,34.64,45.3,24.6,20.7,210.59,25.3,13,0,0
nagpur,2019,7,512.1,28.06,35.6,23.5,12.1,125.35,28.1,27,5,1
nagpur,2019,8,418.9,26.33,31.9,23.2,8.7,98.37,27.2,30,2,1
nagpur,2019,9,356.5,26.06,30.6,22.9,7.7,84.81,22.9,30,0,0
nagpur,2019,10,45.6,25.73,31.9,19.8,12.1,112.4,13.8,19,0,0
nagpur,2019,11,3.8,24.0,31.8,16.3,15.5,111.08,12.5,3,0,0
nagpur,2019,12,28.5,20.48,29.6,7.7,21.9,96.1,15.2,7,0,0
nagpur,2020,1,50.8,19.3,30.1,8.9,21.2,95.0,16.4,11,0,0
nagpur,2020,2,11.6,21.69,32.7,11.7,21.0,120.54,18.0,6,0,0
nagpur,2020,3,14.1,26.69,37.7,17.8,19.9,159.09,21.0,10,0,0
nagpur,2020,4,0.5,32.13,41.0,22.5,18.5,205.36,27.6,1,0,0
nagpur,2020,5,0.3,35.01,44.8,25.3,19.5,241.02,26.3,1,0,0
nagpur,2020,6,238.8,28.83,37.4,23.4,14.0,129.09,31.3,27,2,0
nagpur,2020,7,294.0,27.51,33.0,23.7,9.3,116.82,18.1,29,0,0
nagpur,2020,8,691.6,26.21,32.3,23.0,9.3,87.94,28.7,29,6,1
nagpur,2020,9,278.6,27.19,32.4,23.3,9.1,112.01,21.7,29,0,0
nagpur,2020,10,82.6,26.31,33.4,18.7,14.7,120.96,23.0,13,0,0
nagpur,2020,11,1.4,23.22,32.3,13.8,18.5,122.78,17.7,2,0,0
nagpur,2020,12,0.3,21.24,30.3,10.7,19.6,112.44,14.2,1,0,0
nagpur,2021,1,1.1,22.65,31.9,12.1,19.8,119.97,15.5,2,0,0
nagpur,2021,2,2.7,23.14,35.8,11.8,24.0,134.33,17.4,2,0,0
nagpur,2021,3,0.3,28.22,40.5,17.1,23.4,185.24,21.5,1,0,0
nagpur,2021,4,0.9,31.85,41.8,21.5,20.3,206.18,19.4,1,0,0
nagpur,2021,5,12.1,32.76,41.0,23.8,17.2,217.11,26.8,7,0,0
nagpur,2021,6,175.3,28.58,38.1,24.0,14.1,129.1,21.9,28,0,0
nagpur,2021,7,431.3,27.28,34.6,23.7,10.9,115.15,28.8,28,4,0
nagpur,2021,8,203.9,26.94,32.2,23.4,8.8,124.1,26.6,30,2,0
nagpur,2021,9,312.2,26.18,31.2,22.4,8.8,96.05,29.7,30,1,0
nagpur,2021,10,55.4,25.65,32.8,16.1,16.7,131.55,16.7,11,0,0
nagpur,2021,11,16.2,24.18,32.0,14.5,17.5,117.74,15.1,10,0,0
nagpur,2021,12,11.6,20.74,29.7,9.0,20.7,108.48,18.6,2,0,0
nagpur,2022,1,28.3,18.9,29.2,9.1,20.1,102.62,21.6,7,0,0
nagpur,2022,2,1.7,22.46,33.4,9.8,23.6,129.59,18.6,4,0,0
nagpur,2022,3,0.5,29.29,41.0,18.3,22.7,200.07,23.7,1,0,0
nagpur,2022,4,0.0,34.4,45.5,23.5,22.0,225.78,26.7,0,0,0
nagpur,2022,5,0.0,35.38,44.1,26.1,18.0,244.21,27.1,0,0,0
nagpur,2022,6,213.4,31.61,44.9,23.2,21.7,177.3,25.3,21,1,0
nagpur,2022,7,867.8,26.02,31.4,23.0,8.4,86.22,22.9,31,9,1
nagpur,2022,8,445.9,26.55,32.1,22.8,9.3,118.17,31.7,27,3,0
nagpur,2022,9,260.6,26.48,32.1,22.1,10.0,112.87,25.7,27,0,0
nagpur,2022,10,178.2,24.52,32.4,15.5,16.9,122.04,18.7,14,0,0
nagpur,2022,11,0.0,21.55,31.4,12.0,19.4,117.69,11.8,0,0,0
nagpur,2022,12,1.3,22.16,31.0,13.2,17.8,113.4,20.2,3,0,0
nagpur,2023,1,0.7,21.41,30.7,10.3,20.4,118.29,13.5,2,0,0
nagpur,2023,2,0.0,23.92,35.6,11.8,23.8,147.43,16.3,0,0,0
nagpur,2023,3,31.2,26.93,38.1,16.9,21.2,175.21,23.5,8,0,0
nagpur,2023,4,111.8,29.65,41.7,20.3,21.4,184.05,25.1,11,1,0
nagpur,2023,5,51.2,32.12,43.8,19.0,24.8,225.9,26.5,8,0,0
nagpur,2023,6,91.2,32.93,42.7,24.6,18.1,205.97,25.7,14,0,0
nagpur,2023,7,559.7,27.35,34.5,23.6,10.9,110.76,21.3,31,3,0
nagpur,2023,8,193.0,27.23,33.1,22.1,11.0,137.38,25.3,27,1,0
nagpur,2023,9,319.8,26.76,34.3,22.7,11.6,107.3,32.5,27,3,0
nagpur,2023,10,6.5,26.41,34.6,17.2,17.4,152.31,19.1,5,0,0
nagpur,2023,11,19.9,24.1,33.0,16.8,16.2,123.45,13.8,4,0,0
nagpur,2023,12,6.2,20.91,30.2,11.7,18.5,103.36,20.2,4,0,0
nagpur,2024,1,12.1,21.34,29.9,10.7,19.2,110.5,15.6,8,0,0
nagpur,2024,2,17.5,23.64,33.6,14.6,19.0,129.62,26.6,5,0,0
nagpur,2024,3,12.2,28.05,40.1,16.0,24.1,187.16,27.6,6,0,0
nagpur,2024,4,26.6,31.37,42.1,20.5,21.6,200.8,25.5,13,0,0
nagpur,2024,5,47.9,34.11,45.5,23.4,22.1,234.41,29.5,13,0,0
nagpur,2024,6,178.1,31.22,44.0,24.2,19.8,168.62,27.5,27,0,0
nagpur,2024,7,613.5,26.92,32.9,23.5,9.4,100.7,23.5,31,3,0
nagpur,2024,8,398.9,26.32,31.5,22.7,8.8,95.82,23.3,31,2,0
nagpur,2024,9,308.3,26.72,32.3,22.4,9.9,112.08,23.8,28,2,0
nagpur,2024,10,64.8,26.98,34.4,20.4,14.0,132.2,17.3,16,0,0
nagpur,2024,11,0.0,23.94,33.8,15.5,18.3,122.55,13.1,0,0,0
nagpur,2024,12,7.2,22.89,32.2,12.3,19.9,113.02,13.9,7,0,0
nagpur,2025,1,0.0,22.62,33.4,12.5,20.9,122.03,14.1,0,0,0
nagpur,2025,2,0.0,27.16,35.9,17.5,18.4,150.15,17.1,0,0,0
nagpur,2025,3,0.0,31.03,41.2,18.1,23.1,207.45,21.2,0,0,0
nagpur,2025,4,11.2,33.87,44.0,23.2,20.8,211.91,24.4,3,0,0
nagpur,2025,5,56.1,31.51,41.9,24.5,17.4,180.87,22.5,17,0,0
nagpur,2025,6,177.9,30.34,42.9,23.8,19.1,161.62,24.0,20,0,0
nagpur,2025,7,474.8,26.65,33.2,22.9,10.3,100.12,24.7,30,5,0
nagpur,2025,8,297.9,27.12,34.5,23.3,11.2,119.22,21.5,31,1,0
nagpur,2025,9,254.8,26.96,34.2,23.0,11.2,114.31,18.3,30,0,0
nagpur,2025,10,92.8,27.04,33.2,21.7,11.5,128.36,21.1,20,0,0
nagpur,2025,11,2.0,23.17,30.8,15.3,15.5,118.05,14.3,3,0,0
nagpur,2025,12,0.0,20.8,29.7,12.7,17.0,115.59,13.3,0,0,0
nagpur,2026,1,0.3,22.22,30.2,12.8,17.4,121.53,12.9,1,0,0
nagpur,2026,2,0.3,25.47,33.7,17.4,16.3,133.67,15.2,1,0,0
nagpur,2026,3,6.1,30.33,39.7,21.5,18.2,199.01,19.5,2,0,0
nagpur,2026,4,0.7,33.93,44.8,24.1,20.7,223.91,24.8,1,0,0
nagpur,2026,5,1.6,36.11,44.8,24.8,20.0,249.74,34.1,3,0,0
nagpur,2026,6,102.7,32.54,42.1,24.6,17.5,192.33,25.6,23,0,0
nagpur,2026,7,359.2,27.5,34.6,23.6,11.0,118.43,22.7,27,3,0
nagpur,2026,8,149.1,27.03,32.4,24.1,8.3,119.35,21.2,30,0,0
nagpur,2026,9,136.7,27.2,34.2,22.7,11.5,95.02,19.6,23,1,0
