month,ndvi_mean
2015-01,0.362053534026604
2015-02,0.3392193586021902
2015-03,0.3929359704563827
2015-04,0.3789409743146911
2015-05,0.3075441987579923
2015-06,0.353655042441391
2015-07,0.381533384471228
2015-08,0.5123490335856548
2015-09,0.530978829830234
2015-10,0.5016820129345193
2015-11,0.4257960038950537
2015-12,0.3736813946865585
2016-01,0.37380686227676935
2016-02,0.35622176820754037
2016-03,0.33705246656132876
2016-04,0.2946280443889173
2016-05,0.26225940232968326
2016-06,0.25316560410083055
2016-07,0.3165262346586317
2016-08,0.4216948473212316
2016-09,0.5363650106562798
2016-10,0.4690397718086277
2016-11,0.4062897809950756
2016-12,0.3781446580803996
2017-01,0.3533787085691189
2017-02,0.34157356323950894
2017-03,0.31844314231645443
2017-04,0.26616707025795544
2017-05,0.25555340817226435
2017-06,0.3164163913794372
2017-07,0.26973848294995234
2017-08,0.4731036497758506
2017-09,0.5278726078489014
2017-10,0.514683934739472
2017-11,0.4420336031086943
2017-12,0.3686773462188578
2018-01,0.3376473267435877
2018-02,0.34522258120820193
2018-03,0.3204225554861468
2018-04,0.28125237102226786
2018-05,0.2588198629381937
2018-06,0.3043323124127287
2018-07,0.29261356654663034
2018-08,0.3196422944072906
2018-09,0.5144829370912032
2018-10,0.46271215367090457
2018-11,0.3901201072977144
2018-12,0.3659470695230398
2019-01,0.35014578801352264
2019-02,0.3605035478062764
2019-03,0.3374059482251779
2019-04,0.2978471145366357
2019-05,0.257019661754979
2019-06,0.24143378591901224
2019-07,0.3082808986183583
2019-08,0.24750023149849343
2019-09,0.4832501837289632
2019-10,0.5525882542073931
2019-11,0.4830127416035865
2019-12,0.41934873778202386
2020-01,0.4234711104578527
2020-02,0.4261526677445435
2020-03,0.41228426453296124
2020-04,0.36392842746380516
2020-05,0.35287849911810104
2020-06,0.439408450613655
2020-07,0.4612275565885205
2020-08,0.4855453994267654
2020-09,0.540455123282134
2020-10,0.4851882780921582
2020-11,0.4320968508855734
2020-12,0.4153027357242595
2021-01,0.37754179190857634
2021-02,0.3499666881017123
2021-03,0.32754286488572054
2021-04,0.31562526824428605
2021-05,0.33694868266333505
2021-06,0.3823416559491437
2021-07,0.37923804291908575
2021-08,0.4651995765047398
2021-09,0.504026406445212
2021-10,0.5329210241052399
2021-11,0.4425838970750348
2021-12,0.406019964907768
2022-01,0.42777398581612436
2022-02,0.400679133901668
2022-03,0.35530550360108726
2022-04,0.31896898195781576
2022-05,0.27536339751598415
2022-06,0.30119656243110143
2022-07,0.24566435749981624
2022-08,0.5151420252443599
2022-09,0.5193054558315573
2022-10,0.4964858197986327
2022-11,0.44383225913132984
2022-12,0.40622544370544555
2023-01,0.3804357747850371
2023-02,0.35230048320717283
2023-03,0.373624359704564
2023-04,0.4275552234144187
2023-05,0.3612842829058573
2023-06,0.2919073969280517
2023-07,0.3933315747409423
2023-08,0.5016727860659952
2023-09,0.5009955629455424
2023-10,0.47972495039318014
2023-11,0.41032066950834106
2023-12,0.4245350674285295
2024-01,0.3717565967884179
2024-02,0.3774813689645038
2024-03,0.36091716120379236
2024-04,0.3834457971999706
2024-05,0.3456761391195709
2024-06,0.24939514036892765
2024-07,0.22638557635775702
2024-08,0.35316069670022787
2024-09,0.5430244341147937
2024-10,0.44589410873080076
2024-11,0.39197606562798565
2024-12,0.38434633368854265
2025-01,0.3648794352171678
2025-02,0.325604105423679
2025-03,0.3178737295142207
2025-04,0.3188746132505332
2025-05,0.3527084147865067
2025-06,0.19283117972367161
2025-07,0.3718168451899753
2025-08,0.33295832567795985
2025-09,0.47465004317630616
2025-10,0.5377823785551551
2025-11,0.46127663610641556
2025-12,0.4151952138605128
2026-01,0.38544153193209374
2026-02,0.36030460608510306
2026-03,0.35972015690453457
2026-04,0.33600425516278376
2026-05,0.3070760775703682
2026-06,0.3045806717130888
2026-07,0.3617354615271551
